{
    "function": "bin.model.main",
    "gpus": [
        "NVIDIA A100-SXM4-40GB"
    ],
    "config": {
        "seed": 1,
        "batch_size": 32,
        "patience": 16,
        "n_epochs": -1,
        "gradient_clipping_norm": 1.0,
        "amp": true,
        "data": {
            "cache": true,
            "path": "data/classif-num-medium-3-wine",
            "num_policy": "noisy-quantile"
        },
        "optimizer": {
            "type": "AdamW",
            "lr": 0.0007434967499148609,
            "weight_decay": 0.0001270799847552423
        },
        "model": {
            "arch_type": "plain",
            "backbone": {
                "type": "MLP",
                "n_blocks": 2,
                "d_block": 832,
                "dropout": 0.17973231516784327
            }
        }
    },
    "n_parameters": 704706,
    "prediction_type": "probs",
    "epoch_size": 56,
    "best_step": 1904,
    "metrics": {
        "train": {
            "0": {
                "precision": 0.9652076318742986,
                "recall": 0.9544950055493896,
                "f1-score": 0.9598214285714287,
                "support": 901.0
            },
            "1": {
                "precision": 0.9542410714285714,
                "recall": 0.9650112866817155,
                "f1-score": 0.9595959595959596,
                "support": 886.0
            },
            "accuracy": 0.9597090095131505,
            "macro avg": {
                "precision": 0.959724351651435,
                "recall": 0.9597531461155526,
                "f1-score": 0.9597086940836941,
                "support": 1787.0
            },
            "weighted avg": {
                "precision": 0.9597703780662884,
                "recall": 0.9597090095131505,
                "f1-score": 0.9597096403720635,
                "support": 1787.0
            },
            "cross-entropy": 0.11695146089410485,
            "roc-auc": 0.9938869026890111,
            "score": 0.9597090095131505
        },
        "val": {
            "0": {
                "precision": 0.7913043478260869,
                "recall": 0.8053097345132744,
                "f1-score": 0.7982456140350878,
                "support": 113.0
            },
            "1": {
                "precision": 0.808695652173913,
                "recall": 0.7948717948717948,
                "f1-score": 0.8017241379310344,
                "support": 117.0
            },
            "accuracy": 0.8,
            "macro avg": {
                "precision": 0.8,
                "recall": 0.8000907646925346,
                "f1-score": 0.799984875983061,
                "support": 230.0
            },
            "weighted avg": {
                "precision": 0.8001512287334593,
                "recall": 0.8,
                "f1-score": 0.8000151240169388,
                "support": 230.0
            },
            "cross-entropy": 0.6423922182599187,
            "roc-auc": 0.8539066636411768,
            "score": 0.8
        },
        "test": {
            "0": {
                "precision": 0.8095238095238095,
                "recall": 0.7756653992395437,
                "f1-score": 0.7922330097087379,
                "support": 263.0
            },
            "1": {
                "precision": 0.7929824561403509,
                "recall": 0.8248175182481752,
                "f1-score": 0.8085867620751341,
                "support": 274.0
            },
            "accuracy": 0.8007448789571695,
            "macro avg": {
                "precision": 0.8012531328320802,
                "recall": 0.8002414587438594,
                "f1-score": 0.800409885891936,
                "support": 537.0
            },
            "weighted avg": {
                "precision": 0.8010837148737766,
                "recall": 0.8007448789571695,
                "f1-score": 0.8005773824245527,
                "support": 537.0
            },
            "cross-entropy": 0.6481821984621522,
            "roc-auc": 0.8583650190114068,
            "score": 0.8007448789571695
        }
    },
    "time": "0:00:06.544684",
    "chunk_size": null,
    "eval_batch_size": 32768
}