{
    "function": "bin.ensemble.main",
    "config": {
        "seeds": [
            0,
            1,
            2,
            3,
            4
        ],
        "data": {
            "path": "data/covtype2"
        }
    },
    "single_model_function": "bin.model.main",
    "prediction_type": "probs",
    "metrics": {
        "train": {
            "0": {
                "precision": 0.9981708216551114,
                "recall": 0.9981855463275753,
                "f1-score": 0.9981781839370405,
                "support": 135578.0
            },
            "1": {
                "precision": 0.9988961741395678,
                "recall": 0.998213025061772,
                "f1-score": 0.9985544827586207,
                "support": 181312.0
            },
            "2": {
                "precision": 0.9991256830601093,
                "recall": 0.9988200332138799,
                "f1-score": 0.9989728347575235,
                "support": 22882.0
            },
            "3": {
                "precision": 0.9943310657596371,
                "recall": 0.9971574758385446,
                "f1-score": 0.9957422651149589,
                "support": 1759.0
            },
            "4": {
                "precision": 0.9885937754603227,
                "recall": 0.9986831275720165,
                "f1-score": 0.9936128398296757,
                "support": 6075.0
            },
            "5": {
                "precision": 0.9980228273568796,
                "recall": 0.9991003148897886,
                "f1-score": 0.9985612804603902,
                "support": 11115.0
            },
            "6": {
                "precision": 0.9952185792349727,
                "recall": 0.9990095992686272,
                "f1-score": 0.9971104858946088,
                "support": 13126.0
            },
            "accuracy": 0.9982976869518915,
            "macro avg": {
                "precision": 0.9960512752380858,
                "recall": 0.9984527317388862,
                "f1-score": 0.9972474818218313,
                "support": 371847.0
            },
            "weighted avg": {
                "precision": 0.9982999970187577,
                "recall": 0.9982976869518915,
                "f1-score": 0.9982982197547409,
                "support": 371847.0
            },
            "cross-entropy": 0.01916809774081337,
            "score": 0.9982976869518915
        },
        "val": {
            "0": {
                "precision": 0.9767503536067893,
                "recall": 0.9779607010090281,
                "f1-score": 0.9773551525873508,
                "support": 33894.0
            },
            "1": {
                "precision": 0.9826017663855502,
                "recall": 0.9793284504059301,
                "f1-score": 0.9809623777691839,
                "support": 45328.0
            },
            "2": {
                "precision": 0.9733403031887088,
                "recall": 0.9764027267960147,
                "f1-score": 0.9748691099476441,
                "support": 5721.0
            },
            "3": {
                "precision": 0.923963133640553,
                "recall": 0.9134396355353075,
                "f1-score": 0.9186712485681557,
                "support": 439.0
            },
            "4": {
                "precision": 0.9107830551989731,
                "recall": 0.934167215273206,
                "f1-score": 0.9223269418264542,
                "support": 1519.0
            },
            "5": {
                "precision": 0.955,
                "recall": 0.9622166246851386,
                "f1-score": 0.958594730238394,
                "support": 2779.0
            },
            "6": {
                "precision": 0.9680530440024111,
                "recall": 0.9786715417428398,
                "f1-score": 0.9733333333333334,
                "support": 3282.0
            },
            "accuracy": 0.9770658978937631,
            "macro avg": {
                "precision": 0.9557845222889979,
                "recall": 0.960312413635352,
                "f1-score": 0.9580161277529309,
                "support": 92962.0
            },
            "weighted avg": {
                "precision": 0.9771091800235228,
                "recall": 0.9770658978937631,
                "f1-score": 0.9770819306535575,
                "support": 92962.0
            },
            "cross-entropy": 0.0585091338121426,
            "score": 0.9770658978937631
        },
        "test": {
            "0": {
                "precision": 0.9770264207966378,
                "recall": 0.9766805135951662,
                "f1-score": 0.976853436574167,
                "support": 42368.0
            },
            "1": {
                "precision": 0.9811347442493679,
                "recall": 0.9793685250878029,
                "f1-score": 0.9802508390743684,
                "support": 56661.0
            },
            "2": {
                "precision": 0.9710346748363737,
                "recall": 0.975108376450846,
                "f1-score": 0.9730672620708903,
                "support": 7151.0
            },
            "3": {
                "precision": 0.912568306010929,
                "recall": 0.912568306010929,
                "f1-score": 0.912568306010929,
                "support": 549.0
            },
            "4": {
                "precision": 0.9150699119627136,
                "recall": 0.9304897314375987,
                "f1-score": 0.9227154046997389,
                "support": 1899.0
            },
            "5": {
                "precision": 0.9526270456503014,
                "recall": 0.955369997120645,
                "f1-score": 0.9539965497412306,
                "support": 3473.0
            },
            "6": {
                "precision": 0.9700988666505908,
                "recall": 0.9807411019015114,
                "f1-score": 0.9753909564795732,
                "support": 4102.0
            },
            "accuracy": 0.9763431236715059,
            "macro avg": {
                "precision": 0.954222852879559,
                "recall": 0.9586180788006428,
                "f1-score": 0.956406107807271,
                "support": 116203.0
            },
            "weighted avg": {
                "precision": 0.9763701207657435,
                "recall": 0.9763431236715059,
                "f1-score": 0.9763538244184,
                "support": 116203.0
            },
            "cross-entropy": 0.05972834546049544,
            "score": 0.9763431236715059
        }
    }
}