{
    "function": "bin.model.main",
    "gpus": [
        "NVIDIA A100-SXM4-80GB"
    ],
    "config": {
        "seed": 12,
        "batch_size": 1024,
        "patience": 16,
        "n_epochs": -1,
        "gradient_clipping_norm": 1.0,
        "amp": true,
        "data": {
            "cache": true,
            "path": "data/delivery-eta",
            "cat_policy": "ordinal"
        },
        "optimizer": {
            "type": "AdamW",
            "lr": 0.002971905845118734,
            "weight_decay": 0.0
        },
        "model": {
            "arch_type": "tabm",
            "k": 32,
            "backbone": {
                "type": "MLP",
                "n_blocks": 2,
                "d_block": 1024,
                "dropout": 0.43302166616758525
            },
            "num_embeddings": {
                "type": "PiecewiseLinearEmbeddings",
                "d_embedding": 28
            }
        },
        "bins": {
            "n_bins": 33
        }
    },
    "n_parameters": 7908904,
    "prediction_type": "labels",
    "epoch_size": 273,
    "best_step": 4368,
    "metrics": {
        "train": {
            "rmse": 0.49936182303105964,
            "mae": 0.3913688659667969,
            "r2": 0.532612691610503,
            "score": -0.49936182303105964
        },
        "val": {
            "rmse": 0.5551259094759958,
            "mae": 0.4420001804828644,
            "r2": 0.41888658702687787,
            "score": -0.5551259094759958
        },
        "test": {
            "rmse": 0.5516860510147062,
            "mae": 0.4455094635486603,
            "r2": 0.43285644952021496,
            "score": -0.5516860510147062
        }
    },
    "time": "0:03:35.636548",
    "chunk_size": null,
    "eval_batch_size": 32768
}