{
    "function": "bin.model.main",
    "gpus": [
        "NVIDIA A100-SXM4-80GB"
    ],
    "config": {
        "seed": 2,
        "batch_size": 64,
        "patience": 16,
        "n_epochs": -1,
        "gradient_clipping_norm": 1.0,
        "amp": true,
        "data": {
            "cache": true,
            "path": "data/classif-cat-medium-1-KDDCup09_upselling",
            "num_policy": "noisy-quantile",
            "cat_policy": "ordinal"
        },
        "optimizer": {
            "type": "AdamW",
            "lr": 0.00037793003603781646,
            "weight_decay": 0.0
        },
        "model": {
            "arch_type": "plain",
            "backbone": {
                "type": "MLP",
                "n_blocks": 1,
                "d_block": 240,
                "dropout": 0.001313777469622357
            },
            "num_embeddings": {
                "type": "PeriodicEmbeddings",
                "n_frequencies": 56,
                "d_embedding": 16,
                "frequency_init_scale": 0.7595038545092277,
                "lite": true
            }
        }
    },
    "n_parameters": 151794,
    "prediction_type": "probs",
    "epoch_size": 57,
    "best_step": 228,
    "metrics": {
        "train": {
            "0": {
                "precision": 0.7919762258543833,
                "recall": 0.8947957470621153,
                "f1-score": 0.8402522333158171,
                "support": 1787.0
            },
            "1": {
                "precision": 0.8802547770700637,
                "recall": 0.7669256381798002,
                "f1-score": 0.8196915776986952,
                "support": 1802.0
            },
            "accuracy": 0.8305934800780161,
            "macro avg": {
                "precision": 0.8361155014622235,
                "recall": 0.8308606926209577,
                "f1-score": 0.8299719055072561,
                "support": 3589.0
            },
            "weighted avg": {
                "precision": 0.8362999787913173,
                "recall": 0.8305934800780161,
                "f1-score": 0.8299289395231022,
                "support": 3589.0
            },
            "cross-entropy": 0.3357922451585439,
            "roc-auc": 0.9272755136834221,
            "score": 0.8305934800780161
        },
        "val": {
            "0": {
                "precision": 0.8037735849056604,
                "recall": 0.902542372881356,
                "f1-score": 0.8502994011976048,
                "support": 236.0
            },
            "1": {
                "precision": 0.8826530612244898,
                "recall": 0.7688888888888888,
                "f1-score": 0.821852731591449,
                "support": 225.0
            },
            "accuracy": 0.8373101952277657,
            "macro avg": {
                "precision": 0.8432133230650751,
                "recall": 0.8357156308851224,
                "f1-score": 0.8360760663945269,
                "support": 461.0
            },
            "weighted avg": {
                "precision": 0.8422722447141997,
                "recall": 0.8373101952277657,
                "f1-score": 0.8364154518236677,
                "support": 461.0
            },
            "cross-entropy": 0.3346259649404181,
            "roc-auc": 0.9225706214689267,
            "score": 0.8373101952277657
        },
        "test": {
            "0": {
                "precision": 0.7781629116117851,
                "recall": 0.8299445471349353,
                "f1-score": 0.8032200357781752,
                "support": 541.0
            },
            "1": {
                "precision": 0.8163672654690619,
                "recall": 0.7616387337057728,
                "f1-score": 0.788053949903661,
                "support": 537.0
            },
            "accuracy": 0.7959183673469388,
            "macro avg": {
                "precision": 0.7972650885404235,
                "recall": 0.795791640420354,
                "f1-score": 0.7956369928409182,
                "support": 1078.0
            },
            "weighted avg": {
                "precision": 0.7971942084776085,
                "recall": 0.7959183673469388,
                "f1-score": 0.7956651302915202,
                "support": 1078.0
            },
            "cross-entropy": 0.37936419446330966,
            "roc-auc": 0.9022587318470177,
            "score": 0.7959183673469388
        }
    },
    "time": "0:00:03.223137",
    "chunk_size": null,
    "eval_batch_size": 32768
}