{
    "function": "bin.model.main",
    "gpus": [
        "NVIDIA A100-SXM4-40GB"
    ],
    "config": {
        "seed": 3,
        "batch_size": 512,
        "patience": 16,
        "n_epochs": -1,
        "gradient_clipping_norm": 1.0,
        "amp": true,
        "data": {
            "cache": true,
            "path": "data/regression-num-medium-0-medical_charges",
            "num_policy": "noisy-quantile"
        },
        "optimizer": {
            "type": "AdamW",
            "lr": 0.000346931619690315,
            "weight_decay": 0.0
        },
        "model": {
            "arch_type": "tabm-mini",
            "k": 32,
            "backbone": {
                "type": "MLP",
                "n_blocks": 4,
                "d_block": 608,
                "dropout": 0.04697025537922084
            }
        }
    },
    "n_parameters": 1132832,
    "prediction_type": "labels",
    "epoch_size": 20,
    "best_step": 1360,
    "metrics": {
        "train": {
            "rmse": 0.07893566702159048,
            "mae": 0.05219624564051628,
            "r2": 0.9801062738258888,
            "score": -0.07893566702159048
        },
        "val": {
            "rmse": 0.08208610766683548,
            "mae": 0.05287935212254524,
            "r2": 0.9790152800557383,
            "score": -0.08208610766683548
        },
        "test": {
            "rmse": 0.08147428383797038,
            "mae": 0.0525498203933239,
            "r2": 0.9793765025647361,
            "score": -0.08147428383797038
        }
    },
    "time": "0:00:11.550587",
    "chunk_size": null,
    "eval_batch_size": 32768
}