{
    "function": "bin.ensemble.main",
    "config": {
        "seeds": [
            10,
            11,
            12,
            13,
            14
        ],
        "data": {
            "path": "data/covtype2"
        }
    },
    "single_model_function": "bin.model.main",
    "prediction_type": "probs",
    "metrics": {
        "train": {
            "0": {
                "precision": 0.9952968451207537,
                "recall": 0.9942911091770051,
                "f1-score": 0.9947937229493136,
                "support": 135578.0
            },
            "1": {
                "precision": 0.9956246452601242,
                "recall": 0.996497749735263,
                "f1-score": 0.9960610061662205,
                "support": 181312.0
            },
            "2": {
                "precision": 0.9979445464882358,
                "recall": 0.9972467441657198,
                "f1-score": 0.9975955233015651,
                "support": 22882.0
            },
            "3": {
                "precision": 0.9853024307518372,
                "recall": 0.9909039226833428,
                "f1-score": 0.988095238095238,
                "support": 1759.0
            },
            "4": {
                "precision": 0.9900941059930659,
                "recall": 0.9871604938271605,
                "f1-score": 0.9886251236399605,
                "support": 6075.0
            },
            "5": {
                "precision": 0.9954186130075459,
                "recall": 0.9969410706252811,
                "f1-score": 0.9961792601249607,
                "support": 11115.0
            },
            "6": {
                "precision": 0.9942796125390894,
                "recall": 0.9931433795520341,
                "f1-score": 0.9937111712467127,
                "support": 13126.0
            },
            "accuracy": 0.9954551199821432,
            "macro avg": {
                "precision": 0.9934229713086645,
                "recall": 0.9937406385379725,
                "f1-score": 0.9935801493605673,
                "support": 371847.0
            },
            "weighted avg": {
                "precision": 0.9954550640701588,
                "recall": 0.9954551199821432,
                "f1-score": 0.9954547965808889,
                "support": 371847.0
            },
            "cross-entropy": 0.03154337496126082,
            "score": 0.9954551199821432
        },
        "val": {
            "0": {
                "precision": 0.9759855676810694,
                "recall": 0.9736531539505517,
                "f1-score": 0.9748179656460927,
                "support": 33894.0
            },
            "1": {
                "precision": 0.978469057525923,
                "recall": 0.9805197670314154,
                "f1-score": 0.9794933389163756,
                "support": 45328.0
            },
            "2": {
                "precision": 0.9741049704553354,
                "recall": 0.9797238245062052,
                "f1-score": 0.9769063180827886,
                "support": 5721.0
            },
            "3": {
                "precision": 0.9243119266055045,
                "recall": 0.9179954441913439,
                "f1-score": 0.9211428571428572,
                "support": 439.0
            },
            "4": {
                "precision": 0.9249832551908909,
                "recall": 0.9091507570770243,
                "f1-score": 0.9169986719787515,
                "support": 1519.0
            },
            "5": {
                "precision": 0.9628158844765343,
                "recall": 0.9596977329974811,
                "f1-score": 0.9612542800504595,
                "support": 2779.0
            },
            "6": {
                "precision": 0.9706691109074244,
                "recall": 0.9680073126142597,
                "f1-score": 0.9693363844393592,
                "support": 3282.0
            },
            "accuracy": 0.9754415782792969,
            "macro avg": {
                "precision": 0.9587628246918118,
                "recall": 0.955535427481183,
                "f1-score": 0.9571356880366692,
                "support": 92962.0
            },
            "weighted avg": {
                "precision": 0.9754219861004002,
                "recall": 0.9754415782792969,
                "f1-score": 0.9754289451041654,
                "support": 92962.0
            },
            "cross-entropy": 0.06742700186350058,
            "score": 0.9754415782792969
        },
        "test": {
            "0": {
                "precision": 0.9751294356840587,
                "recall": 0.9735413519637462,
                "f1-score": 0.9743347467135957,
                "support": 42368.0
            },
            "1": {
                "precision": 0.9772094825460566,
                "recall": 0.9792273344981557,
                "f1-score": 0.9782173679246114,
                "support": 56661.0
            },
            "2": {
                "precision": 0.9715159094066972,
                "recall": 0.9777653475038456,
                "f1-score": 0.9746306105380541,
                "support": 7151.0
            },
            "3": {
                "precision": 0.9174311926605505,
                "recall": 0.9107468123861566,
                "f1-score": 0.9140767824497258,
                "support": 549.0
            },
            "4": {
                "precision": 0.9240851993446204,
                "recall": 0.8909952606635071,
                "f1-score": 0.9072386058981233,
                "support": 1899.0
            },
            "5": {
                "precision": 0.9602420051858254,
                "recall": 0.9596890296573568,
                "f1-score": 0.9599654377880185,
                "support": 3473.0
            },
            "6": {
                "precision": 0.9750122488975992,
                "recall": 0.9702584105314481,
                "f1-score": 0.9726295210166179,
                "support": 4102.0
            },
            "accuracy": 0.974398251336024,
            "macro avg": {
                "precision": 0.9572322105322011,
                "recall": 0.9517462210291737,
                "f1-score": 0.9544418674755353,
                "support": 116203.0
            },
            "weighted avg": {
                "precision": 0.9743654547394303,
                "recall": 0.974398251336024,
                "f1-score": 0.974375298877904,
                "support": 116203.0
            },
            "cross-entropy": 0.06876798423968163,
            "score": 0.974398251336024
        }
    }
}