{
    "function": "bin.model.main",
    "gpus": [
        "NVIDIA A100-SXM4-80GB"
    ],
    "config": {
        "seed": 13,
        "batch_size": 256,
        "patience": 16,
        "n_epochs": -1,
        "gradient_clipping_norm": 1.0,
        "amp": true,
        "data": {
            "cache": true,
            "path": "data/classif-num-medium-0-bank-marketing",
            "num_policy": "noisy-quantile"
        },
        "optimizer": {
            "type": "AdamW",
            "lr": 0.0009736920046397519,
            "weight_decay": 0.0
        },
        "model": {
            "arch_type": "tabm-packed",
            "k": 32,
            "share_training_batches": false,
            "backbone": {
                "type": "MLP",
                "n_blocks": 3,
                "d_block": 656,
                "dropout": 0.15666210974438846
            }
        }
    },
    "n_parameters": 27793472,
    "prediction_type": "probs",
    "epoch_size": 29,
    "best_step": 232,
    "metrics": {
        "train": {
            "0": {
                "precision": 0.8145229383619477,
                "recall": 0.7754555198285101,
                "f1-score": 0.7945092656142759,
                "support": 3732.0
            },
            "1": {
                "precision": 0.7823941833290055,
                "recall": 0.8205337690631809,
                "f1-score": 0.8010102352784795,
                "support": 3672.0
            },
            "accuracy": 0.7978119935170178,
            "macro avg": {
                "precision": 0.7984585608454766,
                "recall": 0.7979946444458454,
                "f1-score": 0.7977597504463777,
                "support": 7404.0
            },
            "weighted avg": {
                "precision": 0.7985887421867769,
                "recall": 0.7978119935170178,
                "f1-score": 0.7977334094023575,
                "support": 7404.0
            },
            "cross-entropy": 0.4360492424868798,
            "roc-auc": 0.8785348321179132,
            "score": 0.7978119935170178
        },
        "val": {
            "0": {
                "precision": 0.8353510895883777,
                "recall": 0.756578947368421,
                "f1-score": 0.7940161104718068,
                "support": 456.0
            },
            "1": {
                "precision": 0.7940630797773655,
                "recall": 0.8629032258064516,
                "f1-score": 0.8270531400966183,
                "support": 496.0
            },
            "accuracy": 0.8119747899159664,
            "macro avg": {
                "precision": 0.8147070846828716,
                "recall": 0.8097410865874364,
                "f1-score": 0.8105346252842125,
                "support": 952.0
            },
            "weighted avg": {
                "precision": 0.8138396895187746,
                "recall": 0.8119747899159664,
                "f1-score": 0.8112286805284312,
                "support": 952.0
            },
            "cross-entropy": 0.42416038134407286,
            "roc-auc": 0.8849170557441992,
            "score": 0.8119747899159664
        },
        "test": {
            "0": {
                "precision": 0.7968313140726934,
                "recall": 0.776566757493188,
                "f1-score": 0.7865685372585096,
                "support": 1101.0
            },
            "1": {
                "precision": 0.7859007832898173,
                "recall": 0.8055307760927743,
                "f1-score": 0.7955947136563878,
                "support": 1121.0
            },
            "accuracy": 0.7911791179117912,
            "macro avg": {
                "precision": 0.7913660486812553,
                "recall": 0.7910487667929812,
                "f1-score": 0.7910816254574486,
                "support": 2222.0
            },
            "weighted avg": {
                "precision": 0.7913168563735016,
                "recall": 0.7911791179117912,
                "f1-score": 0.7911222473134247,
                "support": 2222.0
            },
            "cross-entropy": 0.4591120752255193,
            "roc-auc": 0.865203233456569,
            "score": 0.7911791179117912
        }
    },
    "time": "0:00:03.565927",
    "chunk_size": null,
    "eval_batch_size": 32768
}