{
    "function": "bin.model.main",
    "gpus": [
        "NVIDIA A100-SXM4-80GB"
    ],
    "config": {
        "seed": 8,
        "batch_size": 32,
        "patience": 16,
        "n_epochs": -1,
        "gradient_clipping_norm": 1.0,
        "amp": true,
        "data": {
            "cache": true,
            "path": "data/classif-num-medium-3-wine",
            "num_policy": "noisy-quantile"
        },
        "optimizer": {
            "type": "AdamW",
            "lr": 0.00395405759967955,
            "weight_decay": 0.04619336264056586
        },
        "model": {
            "arch_type": "tabm",
            "k": 32,
            "backbone": {
                "type": "MLP",
                "n_blocks": 3,
                "d_block": 464,
                "dropout": 0.1462732356343131
            },
            "num_embeddings": {
                "type": "PiecewiseLinearEmbeddingsV2",
                "d_embedding": 12
            }
        },
        "bins": {
            "n_bins": 16
        }
    },
    "n_parameters": 646984,
    "prediction_type": "probs",
    "epoch_size": 56,
    "best_step": 2800,
    "metrics": {
        "train": {
            "0": {
                "precision": 1.0,
                "recall": 0.9955604883462819,
                "f1-score": 0.9977753058954394,
                "support": 901.0
            },
            "1": {
                "precision": 0.9955056179775281,
                "recall": 1.0,
                "f1-score": 0.9977477477477478,
                "support": 886.0
            },
            "accuracy": 0.9977616116396195,
            "macro avg": {
                "precision": 0.9977528089887641,
                "recall": 0.9977802441731409,
                "f1-score": 0.9977615268215936,
                "support": 1787.0
            },
            "weighted avg": {
                "precision": 0.9977716718120256,
                "recall": 0.9977616116396195,
                "f1-score": 0.9977616424825381,
                "support": 1787.0
            },
            "cross-entropy": 0.03515860747395956,
            "roc-auc": 0.9999974946322496,
            "score": 0.9977616116396195
        },
        "val": {
            "0": {
                "precision": 0.8737864077669902,
                "recall": 0.7964601769911505,
                "f1-score": 0.8333333333333334,
                "support": 113.0
            },
            "1": {
                "precision": 0.8188976377952756,
                "recall": 0.8888888888888888,
                "f1-score": 0.8524590163934426,
                "support": 117.0
            },
            "accuracy": 0.8434782608695652,
            "macro avg": {
                "precision": 0.8463420227811329,
                "recall": 0.8426745329400196,
                "f1-score": 0.842896174863388,
                "support": 230.0
            },
            "weighted avg": {
                "precision": 0.845864729129205,
                "recall": 0.8434782608695652,
                "f1-score": 0.8430624851508671,
                "support": 230.0
            },
            "cross-entropy": 0.5006914838760982,
            "roc-auc": 0.8876786929884276,
            "score": 0.8434782608695652
        },
        "test": {
            "0": {
                "precision": 0.8533333333333334,
                "recall": 0.7300380228136882,
                "f1-score": 0.7868852459016392,
                "support": 263.0
            },
            "1": {
                "precision": 0.7724358974358975,
                "recall": 0.8795620437956204,
                "f1-score": 0.8225255972696246,
                "support": 274.0
            },
            "accuracy": 0.8063314711359404,
            "macro avg": {
                "precision": 0.8128846153846154,
                "recall": 0.8048000333046543,
                "f1-score": 0.804705421585632,
                "support": 537.0
            },
            "weighted avg": {
                "precision": 0.8120560569163922,
                "recall": 0.8063314711359404,
                "f1-score": 0.8050704531173337,
                "support": 537.0
            },
            "cross-entropy": 0.5757638940753614,
            "roc-auc": 0.8713468957286781,
            "score": 0.8063314711359404
        }
    },
    "time": "0:00:12.931255",
    "chunk_size": null,
    "eval_batch_size": 32768
}