{
    "function": "bin.model.main",
    "gpus": [
        "NVIDIA A100-SXM4-80GB"
    ],
    "config": {
        "seed": 13,
        "batch_size": 64,
        "patience": 16,
        "n_epochs": -1,
        "gradient_clipping_norm": 1.0,
        "amp": true,
        "data": {
            "cache": true,
            "path": "data/regression-cat-medium-4-Mercedes_Benz_Greener_Manufacturing",
            "cat_policy": "ordinal"
        },
        "optimizer": {
            "type": "AdamW",
            "lr": 0.0010959513357535605,
            "weight_decay": 0.0
        },
        "model": {
            "arch_type": "tabm-packed",
            "k": 32,
            "share_training_batches": false,
            "backbone": {
                "type": "MLP",
                "n_blocks": 5,
                "d_block": 800,
                "dropout": 0.16788285857422192
            }
        }
    },
    "n_parameters": 100710432,
    "prediction_type": "labels",
    "epoch_size": 47,
    "best_step": 1363,
    "metrics": {
        "train": {
            "rmse": 8.146688300986941,
            "mae": 5.109796047210693,
            "r2": 0.5950536926485882,
            "score": -8.146688300986941
        },
        "val": {
            "rmse": 8.036555693640913,
            "mae": 5.404267311096191,
            "r2": 0.5786550321599137,
            "score": -8.036555693640913
        },
        "test": {
            "rmse": 7.981790561039718,
            "mae": 5.313211441040039,
            "r2": 0.5844095203942111,
            "score": -7.981790561039718
        }
    },
    "time": "0:00:29.708598",
    "chunk_size": null,
    "eval_batch_size": 32768
}