{
    "function": "bin.model.main",
    "gpus": [
        "NVIDIA A100-SXM4-80GB"
    ],
    "config": {
        "seed": 12,
        "batch_size": 64,
        "patience": 16,
        "n_epochs": -1,
        "gradient_clipping_norm": 1.0,
        "amp": true,
        "data": {
            "cache": true,
            "path": "data/classif-num-medium-1-kdd_ipums_la_97-small",
            "num_policy": "noisy-quantile"
        },
        "optimizer": {
            "type": "AdamW",
            "lr": 0.0015657842828712852,
            "weight_decay": 0.0
        },
        "model": {
            "arch_type": "tabm-packed",
            "k": 32,
            "share_training_batches": false,
            "backbone": {
                "type": "MLP",
                "n_blocks": 3,
                "d_block": 528,
                "dropout": 0.2447725395869024
            }
        }
    },
    "n_parameters": 18264640,
    "prediction_type": "probs",
    "epoch_size": 57,
    "best_step": 399,
    "metrics": {
        "train": {
            "0": {
                "precision": 0.9647435897435898,
                "recall": 0.8370411568409344,
                "f1-score": 0.8963668850506255,
                "support": 1798.0
            },
            "1": {
                "precision": 0.858522452921294,
                "recall": 0.9699945444626296,
                "f1-score": 0.9108606557377049,
                "support": 1833.0
            },
            "accuracy": 0.9041586339851281,
            "macro avg": {
                "precision": 0.911633021332442,
                "recall": 0.903517850651782,
                "f1-score": 0.9036137703941651,
                "support": 3631.0
            },
            "weighted avg": {
                "precision": 0.9111210769935848,
                "recall": 0.9041586339851281,
                "f1-score": 0.9036836247006989,
                "support": 3631.0
            },
            "cross-entropy": 0.22929717022883392,
            "roc-auc": 0.9608017515976714,
            "score": 0.9041586339851281
        },
        "val": {
            "0": {
                "precision": 0.9532710280373832,
                "recall": 0.8831168831168831,
                "f1-score": 0.9168539325842696,
                "support": 231.0
            },
            "1": {
                "precision": 0.8932806324110671,
                "recall": 0.9576271186440678,
                "f1-score": 0.9243353783231084,
                "support": 236.0
            },
            "accuracy": 0.9207708779443254,
            "macro avg": {
                "precision": 0.9232758302242252,
                "recall": 0.9203720008804754,
                "f1-score": 0.920594655453689,
                "support": 467.0
            },
            "weighted avg": {
                "precision": 0.9229546824960329,
                "recall": 0.9207708779443254,
                "f1-score": 0.9206347060197428,
                "support": 467.0
            },
            "cross-entropy": 0.23543289191729627,
            "roc-auc": 0.9563981216523589,
            "score": 0.9207708779443254
        },
        "test": {
            "0": {
                "precision": 0.9407114624505929,
                "recall": 0.8424778761061947,
                "f1-score": 0.888888888888889,
                "support": 565.0
            },
            "1": {
                "precision": 0.8476027397260274,
                "recall": 0.9428571428571428,
                "f1-score": 0.8926961226330026,
                "support": 525.0
            },
            "accuracy": 0.8908256880733945,
            "macro avg": {
                "precision": 0.8941571010883101,
                "recall": 0.8926675094816687,
                "f1-score": 0.8907925057609458,
                "support": 1090.0
            },
            "weighted avg": {
                "precision": 0.8958655180190361,
                "recall": 0.8908256880733945,
                "f1-score": 0.8907226482610539,
                "support": 1090.0
            },
            "cross-entropy": 0.2645439211793904,
            "roc-auc": 0.947000421407501,
            "score": 0.8908256880733945
        }
    },
    "time": "0:00:03.466388",
    "chunk_size": null,
    "eval_batch_size": 32768
}