{
    "function": "bin.model.main",
    "gpus": [
        "NVIDIA A100-SXM4-40GB"
    ],
    "config": {
        "seed": 4,
        "batch_size": 64,
        "patience": 16,
        "n_epochs": -1,
        "gradient_clipping_norm": 1.0,
        "amp": true,
        "data": {
            "cache": true,
            "path": "data/classif-cat-medium-2-KDDCup09_upselling",
            "num_policy": "noisy-quantile",
            "cat_policy": "ordinal"
        },
        "optimizer": {
            "type": "AdamW",
            "lr": 0.0002818149105188995,
            "weight_decay": 0.0218331107388761
        },
        "model": {
            "arch_type": "tabm-mini",
            "k": 32,
            "backbone": {
                "type": "MLP",
                "n_blocks": 4,
                "d_block": 912,
                "dropout": 0.37101014095513096
            },
            "num_embeddings": {
                "type": "PiecewiseLinearEmbeddingsV2",
                "d_embedding": 20
            }
        },
        "bins": {
            "n_bins": 6
        }
    },
    "n_parameters": 3268864,
    "prediction_type": "probs",
    "epoch_size": 57,
    "best_step": 171,
    "metrics": {
        "train": {
            "0": {
                "precision": 0.7269639065817409,
                "recall": 0.9596412556053812,
                "f1-score": 0.8272529596520899,
                "support": 1784.0
            },
            "1": {
                "precision": 0.9416531604538088,
                "recall": 0.6437673130193906,
                "f1-score": 0.7647252385653175,
                "support": 1805.0
            },
            "accuracy": 0.8007801616049038,
            "macro avg": {
                "precision": 0.8343085335177749,
                "recall": 0.8017042843123858,
                "f1-score": 0.7959890991087037,
                "support": 3589.0
            },
            "weighted avg": {
                "precision": 0.8349366296909865,
                "recall": 0.8007801616049038,
                "f1-score": 0.795806167631576,
                "support": 3589.0
            },
            "cross-entropy": 0.40602773069221104,
            "roc-auc": 0.8969252698657193,
            "score": 0.8007801616049038
        },
        "val": {
            "0": {
                "precision": 0.7563291139240507,
                "recall": 0.9676113360323887,
                "f1-score": 0.8490230905861456,
                "support": 247.0
            },
            "1": {
                "precision": 0.9444444444444444,
                "recall": 0.6384976525821596,
                "f1-score": 0.7619047619047619,
                "support": 213.0
            },
            "accuracy": 0.8152173913043478,
            "macro avg": {
                "precision": 0.8503867791842475,
                "recall": 0.8030544943072742,
                "f1-score": 0.8054639262454537,
                "support": 460.0
            },
            "weighted avg": {
                "precision": 0.8434346908824069,
                "recall": 0.8152173913043478,
                "f1-score": 0.808683516653244,
                "support": 460.0
            },
            "cross-entropy": 0.4138383962854509,
            "roc-auc": 0.8829332268917146,
            "score": 0.8152173913043478
        },
        "test": {
            "0": {
                "precision": 0.7294964028776978,
                "recall": 0.9548022598870056,
                "f1-score": 0.8270799347471451,
                "support": 531.0
            },
            "1": {
                "precision": 0.93717277486911,
                "recall": 0.6556776556776557,
                "f1-score": 0.771551724137931,
                "support": 546.0
            },
            "accuracy": 0.8031569173630455,
            "macro avg": {
                "precision": 0.8333345888734038,
                "recall": 0.8052399577823306,
                "f1-score": 0.7993158294425381,
                "support": 1077.0
            },
            "weighted avg": {
                "precision": 0.8347808031630377,
                "recall": 0.8031569173630455,
                "f1-score": 0.7989291427391313,
                "support": 1077.0
            },
            "cross-entropy": 0.4050987124220018,
            "roc-auc": 0.8910618571635521,
            "score": 0.8031569173630455
        }
    },
    "time": "0:00:04.597169",
    "chunk_size": null,
    "eval_batch_size": 32768
}