{
    "function": "bin.model.main",
    "gpus": [
        "NVIDIA A100-SXM4-80GB"
    ],
    "config": {
        "seed": 5,
        "batch_size": 256,
        "patience": 16,
        "n_epochs": -1,
        "gradient_clipping_norm": 1.0,
        "amp": true,
        "data": {
            "cache": true,
            "path": "data/regression-num-medium-1-MiamiHousing2016",
            "num_policy": "noisy-quantile"
        },
        "optimizer": {
            "type": "AdamW",
            "lr": 0.0016697987934630217,
            "weight_decay": 0.05670455211632811
        },
        "model": {
            "arch_type": "tabm-packed",
            "k": 32,
            "share_training_batches": false,
            "backbone": {
                "type": "MLP",
                "n_blocks": 5,
                "d_block": 64,
                "dropout": 0.044050814103255606
            }
        }
    },
    "n_parameters": 563232,
    "prediction_type": "labels",
    "epoch_size": 39,
    "best_step": 5811,
    "metrics": {
        "train": {
            "rmse": 0.10733001856453159,
            "mae": 0.0772244930267334,
            "r2": 0.9646316875284406,
            "score": -0.10733001856453159
        },
        "val": {
            "rmse": 0.13847919294820854,
            "mae": 0.0950382724404335,
            "r2": 0.9354466282054179,
            "score": -0.13847919294820854
        },
        "test": {
            "rmse": 0.15037615817948677,
            "mae": 0.10128529369831085,
            "r2": 0.9297688618906449,
            "score": -0.15037615817948677
        }
    },
    "time": "0:00:22.031577",
    "chunk_size": null,
    "eval_batch_size": 32768
}