{
    "function": "bin.model.main",
    "gpus": [
        "NVIDIA A100-SXM4-80GB"
    ],
    "config": {
        "seed": 2,
        "batch_size": 256,
        "patience": 16,
        "n_epochs": -1,
        "gradient_clipping_norm": 1.0,
        "amp": true,
        "data": {
            "cache": true,
            "path": "data/regression-cat-medium-0-OnlineNewsPopularity",
            "num_policy": "noisy-quantile"
        },
        "optimizer": {
            "type": "AdamW",
            "lr": 0.0008912646954935661,
            "weight_decay": 0.004907185760053837
        },
        "model": {
            "arch_type": "tabm-mini",
            "k": 32,
            "share_training_batches": false,
            "backbone": {
                "type": "MLP",
                "n_blocks": 4,
                "d_block": 96,
                "dropout": 0.0
            }
        }
    },
    "n_parameters": 40480,
    "prediction_type": "labels",
    "epoch_size": 40,
    "best_step": 2360,
    "metrics": {
        "train": {
            "rmse": 0.7876713641986204,
            "mae": 0.5832987427711487,
            "r2": 0.2833732744782661,
            "score": -0.7876713641986204
        },
        "val": {
            "rmse": 0.8431907142383924,
            "mae": 0.6269159913063049,
            "r2": 0.15682575293332213,
            "score": -0.8431907142383924
        },
        "test": {
            "rmse": 0.8590383390412852,
            "mae": 0.6335391998291016,
            "r2": 0.15428937181475955,
            "score": -0.8590383390412852
        }
    },
    "time": "0:00:10.126337",
    "chunk_size": null,
    "eval_batch_size": 32768
}