{
    "function": "bin.ensemble.main",
    "config": {
        "seeds": [
            0,
            1,
            2,
            3,
            4
        ],
        "data": {
            "path": "data/classif-num-medium-2-bank-marketing"
        }
    },
    "single_model_function": "bin.model.main",
    "prediction_type": "probs",
    "metrics": {
        "train": {
            "0": {
                "precision": 0.8151104017025804,
                "recall": 0.8283319816166531,
                "f1-score": 0.8216680075087154,
                "support": 3699.0
            },
            "1": {
                "precision": 0.8257887517146777,
                "recall": 0.8124156545209177,
                "f1-score": 0.8190476190476191,
                "support": 3705.0
            },
            "accuracy": 0.8203673689897353,
            "macro avg": {
                "precision": 0.8204495767086291,
                "recall": 0.8203738180687854,
                "f1-score": 0.8203578132781673,
                "support": 7404.0
            },
            "weighted avg": {
                "precision": 0.8204539034306761,
                "recall": 0.8203673689897353,
                "f1-score": 0.8203567515324375,
                "support": 7404.0
            },
            "cross-entropy": 0.3982919312195231,
            "roc-auc": 0.9011536108347481,
            "score": 0.8203673689897353
        },
        "val": {
            "0": {
                "precision": 0.810752688172043,
                "recall": 0.8142548596112311,
                "f1-score": 0.8125,
                "support": 463.0
            },
            "1": {
                "precision": 0.8234086242299795,
                "recall": 0.820040899795501,
                "f1-score": 0.8217213114754098,
                "support": 489.0
            },
            "accuracy": 0.8172268907563025,
            "macro avg": {
                "precision": 0.8170806562010113,
                "recall": 0.817147879703366,
                "f1-score": 0.8171106557377049,
                "support": 952.0
            },
            "weighted avg": {
                "precision": 0.8172534788572646,
                "recall": 0.8172268907563025,
                "f1-score": 0.8172365770078522,
                "support": 952.0
            },
            "cross-entropy": 0.42168786833140104,
            "roc-auc": 0.8889301125848584,
            "score": 0.8172268907563025
        },
        "test": {
            "0": {
                "precision": 0.8006932409012132,
                "recall": 0.8198757763975155,
                "f1-score": 0.8101709776413853,
                "support": 1127.0
            },
            "1": {
                "precision": 0.8099250936329588,
                "recall": 0.7899543378995434,
                "f1-score": 0.7998150716597319,
                "support": 1095.0
            },
            "accuracy": 0.8051305130513051,
            "macro avg": {
                "precision": 0.805309167267086,
                "recall": 0.8049150571485295,
                "f1-score": 0.8049930246505586,
                "support": 2222.0
            },
            "weighted avg": {
                "precision": 0.8052426912798187,
                "recall": 0.8051305130513051,
                "f1-score": 0.8050675946306245,
                "support": 2222.0
            },
            "cross-entropy": 0.4237586032075119,
            "roc-auc": 0.8871080534655792,
            "score": 0.8051305130513051
        }
    }
}