{
    "function": "bin.ensemble.main",
    "config": {
        "seeds": [
            0,
            1,
            2,
            3,
            4
        ],
        "data": {
            "path": "data/regression-num-medium-1-elevators"
        }
    },
    "single_model_function": "bin.model.main",
    "prediction_type": "labels",
    "metrics": {
        "train": {
            "rmse": 0.0017569077873924185,
            "mae": 0.001310991239733994,
            "r2": 0.9317651654294127,
            "score": -0.0017569077873924185
        },
        "val": {
            "rmse": 0.0018677203843729434,
            "mae": 0.0014055916108191013,
            "r2": 0.9223507605249286,
            "score": -0.0018677203843729434
        },
        "test": {
            "rmse": 0.0018343537507244398,
            "mae": 0.0013711955398321152,
            "r2": 0.9251089772775182,
            "score": -0.0018343537507244398
        }
    }
}