{
    "function": "bin.model.main",
    "gpus": [
        "NVIDIA A100-SXM4-40GB"
    ],
    "config": {
        "seed": 11,
        "batch_size": 512,
        "patience": 16,
        "n_epochs": -1,
        "gradient_clipping_norm": 1.0,
        "amp": true,
        "data": {
            "cache": true,
            "path": "data/diamond",
            "num_policy": "noisy-quantile",
            "cat_policy": "ordinal"
        },
        "optimizer": {
            "type": "AdamW",
            "lr": 0.0009534451847577199,
            "weight_decay": 0.0
        },
        "model": {
            "arch_type": "tabm",
            "k": 32,
            "backbone": {
                "type": "MLP",
                "n_blocks": 5,
                "d_block": 368,
                "dropout": 0.0
            }
        }
    },
    "n_parameters": 728768,
    "prediction_type": "labels",
    "epoch_size": 68,
    "best_step": 6528,
    "metrics": {
        "train": {
            "rmse": 0.11859493279526918,
            "mae": 0.06496749073266983,
            "r2": 0.9858688367023404,
            "score": -0.11859493279526918
        },
        "val": {
            "rmse": 0.13175542987034242,
            "mae": 0.06987588107585907,
            "r2": 0.9830427923387238,
            "score": -0.13175542987034242
        },
        "test": {
            "rmse": 0.1331760535600056,
            "mae": 0.06953200697898865,
            "r2": 0.9821929178325167,
            "score": -0.1331760535600056
        }
    },
    "time": "0:03:48.372207",
    "chunk_size": null,
    "eval_batch_size": 32768
}