{
    "function": "bin.ensemble.main",
    "config": {
        "seeds": [
            5,
            6,
            7,
            8,
            9
        ],
        "data": {
            "path": "data/classif-num-medium-0-MagicTelescope"
        }
    },
    "single_model_function": "bin.model.main",
    "prediction_type": "probs",
    "metrics": {
        "train": {
            "0": {
                "precision": 0.8570592823712948,
                "recall": 0.9323292320746712,
                "f1-score": 0.893111156269051,
                "support": 4714.0
            },
            "1": {
                "precision": 0.9246753246753247,
                "recall": 0.8423316842331684,
                "f1-score": 0.8815848716794237,
                "support": 4649.0
            },
            "accuracy": 0.8876428495140446,
            "macro avg": {
                "precision": 0.8908673035233097,
                "recall": 0.8873304581539199,
                "f1-score": 0.8873480139742373,
                "support": 9363.0
            },
            "weighted avg": {
                "precision": 0.8906326008238671,
                "recall": 0.8876428495140446,
                "f1-score": 0.8873880229723322,
                "support": 9363.0
            },
            "cross-entropy": 0.26096430974144513,
            "roc-auc": 0.9592536494680038,
            "score": 0.8876428495140446
        },
        "val": {
            "0": {
                "precision": 0.8430141287284144,
                "recall": 0.9242685025817556,
                "f1-score": 0.8817733990147782,
                "support": 581.0
            },
            "1": {
                "precision": 0.9222614840989399,
                "recall": 0.8392282958199357,
                "f1-score": 0.8787878787878788,
                "support": 622.0
            },
            "accuracy": 0.8802992518703242,
            "macro avg": {
                "precision": 0.8826378064136772,
                "recall": 0.8817483992008457,
                "f1-score": 0.8802806389013285,
                "support": 1203.0
            },
            "weighted avg": {
                "precision": 0.8839882393189936,
                "recall": 0.8802992518703242,
                "f1-score": 0.8802297634527405,
                "support": 1203.0
            },
            "cross-entropy": 0.2923714370038968,
            "roc-auc": 0.9444742682258662,
            "score": 0.8802992518703242
        },
        "test": {
            "0": {
                "precision": 0.8255737704918032,
                "recall": 0.9038047379755922,
                "f1-score": 0.8629198080877314,
                "support": 1393.0
            },
            "1": {
                "precision": 0.8957198443579767,
                "recall": 0.8122794636556104,
                "f1-score": 0.8519615099925981,
                "support": 1417.0
            },
            "accuracy": 0.8576512455516014,
            "macro avg": {
                "precision": 0.86064680742489,
                "recall": 0.8580421008156014,
                "f1-score": 0.8574406590401648,
                "support": 2810.0
            },
            "weighted avg": {
                "precision": 0.8609463636122188,
                "recall": 0.8576512455516014,
                "f1-score": 0.8573938620376234,
                "support": 2810.0
            },
            "cross-entropy": 0.32521048661226165,
            "roc-auc": 0.9320987435412773,
            "score": 0.8576512455516014
        }
    }
}