{
    "function": "bin.model.main",
    "gpus": [
        "NVIDIA A100-SXM4-80GB"
    ],
    "config": {
        "seed": 6,
        "batch_size": 32,
        "patience": 16,
        "n_epochs": -1,
        "gradient_clipping_norm": 1.0,
        "amp": true,
        "data": {
            "cache": true,
            "path": "data/classif-num-medium-3-phoneme",
            "num_policy": "noisy-quantile"
        },
        "optimizer": {
            "type": "AdamW",
            "lr": 0.0004035747387453258,
            "weight_decay": 0.0006641566153504568
        },
        "model": {
            "arch_type": "tabm-mini",
            "k": 32,
            "share_training_batches": false,
            "backbone": {
                "type": "MLP",
                "n_blocks": 5,
                "d_block": 544,
                "dropout": 0.0
            }
        }
    },
    "n_parameters": 1224224,
    "prediction_type": "probs",
    "epoch_size": 70,
    "best_step": 3990,
    "metrics": {
        "train": {
            "0": {
                "precision": 0.995640802092415,
                "recall": 0.9982517482517482,
                "f1-score": 0.9969445656918375,
                "support": 1144.0
            },
            "1": {
                "precision": 0.9981360671015843,
                "recall": 0.9953531598513011,
                "f1-score": 0.996742671009772,
                "support": 1076.0
            },
            "accuracy": 0.9968468468468469,
            "macro avg": {
                "precision": 0.9968884345969997,
                "recall": 0.9968024540515247,
                "f1-score": 0.9968436183508047,
                "support": 2220.0
            },
            "weighted avg": {
                "precision": 0.996850218826589,
                "recall": 0.9968468468468469,
                "f1-score": 0.9968467104315211,
                "support": 2220.0
            },
            "cross-entropy": 0.028085964368603458,
            "roc-auc": 0.9999796903839655,
            "score": 0.9968468468468469
        },
        "val": {
            "0": {
                "precision": 0.8740740740740741,
                "recall": 0.8939393939393939,
                "f1-score": 0.8838951310861423,
                "support": 132.0
            },
            "1": {
                "precision": 0.9066666666666666,
                "recall": 0.8888888888888888,
                "f1-score": 0.8976897689768976,
                "support": 153.0
            },
            "accuracy": 0.8912280701754386,
            "macro avg": {
                "precision": 0.8903703703703704,
                "recall": 0.8914141414141414,
                "f1-score": 0.8907924500315199,
                "support": 285.0
            },
            "weighted avg": {
                "precision": 0.8915711500974658,
                "recall": 0.8912280701754386,
                "f1-score": 0.8913006735327583,
                "support": 285.0
            },
            "cross-entropy": 0.415527174500718,
            "roc-auc": 0.9490493166963756,
            "score": 0.8912280701754386
        },
        "test": {
            "0": {
                "precision": 0.882943143812709,
                "recall": 0.8516129032258064,
                "f1-score": 0.8669950738916257,
                "support": 310.0
            },
            "1": {
                "precision": 0.875,
                "recall": 0.9019607843137255,
                "f1-score": 0.8882758620689656,
                "support": 357.0
            },
            "accuracy": 0.8785607196401799,
            "macro avg": {
                "precision": 0.8789715719063544,
                "recall": 0.8767868437697659,
                "f1-score": 0.8776354679802956,
                "support": 667.0
            },
            "weighted avg": {
                "precision": 0.8786917160149023,
                "recall": 0.8785607196401799,
                "f1-score": 0.8783852408770983,
                "support": 667.0
            },
            "cross-entropy": 0.5336963190078092,
            "roc-auc": 0.9372910454504382,
            "score": 0.8785607196401799
        }
    },
    "time": "0:00:16.377814",
    "chunk_size": null,
    "eval_batch_size": 32768
}