{
    "function": "bin.ensemble.main",
    "config": {
        "seeds": [
            0,
            1,
            2,
            3,
            4
        ],
        "data": {
            "path": "data/classif-num-medium-3-phoneme"
        }
    },
    "single_model_function": "bin.model.main",
    "prediction_type": "probs",
    "metrics": {
        "train": {
            "0": {
                "precision": 0.9902135231316725,
                "recall": 0.9729020979020979,
                "f1-score": 0.9814814814814815,
                "support": 1144.0
            },
            "1": {
                "precision": 0.9717153284671532,
                "recall": 0.9897769516728625,
                "f1-score": 0.9806629834254144,
                "support": 1076.0
            },
            "accuracy": 0.981081081081081,
            "macro avg": {
                "precision": 0.9809644257994129,
                "recall": 0.9813395247874802,
                "f1-score": 0.981072232453448,
                "support": 2220.0
            },
            "weighted avg": {
                "precision": 0.9812477314834641,
                "recall": 0.981081081081081,
                "f1-score": 0.9810847680092615,
                "support": 2220.0
            },
            "cross-entropy": 0.0674400674716892,
            "roc-auc": 0.9990097031221565,
            "score": 0.981081081081081
        },
        "val": {
            "0": {
                "precision": 0.9140625,
                "recall": 0.8863636363636364,
                "f1-score": 0.9,
                "support": 132.0
            },
            "1": {
                "precision": 0.9044585987261147,
                "recall": 0.9281045751633987,
                "f1-score": 0.9161290322580646,
                "support": 153.0
            },
            "accuracy": 0.9087719298245615,
            "macro avg": {
                "precision": 0.9092605493630573,
                "recall": 0.9072341057635176,
                "f1-score": 0.9080645161290324,
                "support": 285.0
            },
            "weighted avg": {
                "precision": 0.908906721421388,
                "recall": 0.9087719298245615,
                "f1-score": 0.9086587436332768,
                "support": 285.0
            },
            "cross-entropy": 0.33069065516123036,
            "roc-auc": 0.9559813824519706,
            "score": 0.9087719298245615
        },
        "test": {
            "0": {
                "precision": 0.9060402684563759,
                "recall": 0.8709677419354839,
                "f1-score": 0.8881578947368421,
                "support": 310.0
            },
            "1": {
                "precision": 0.8915989159891599,
                "recall": 0.9215686274509803,
                "f1-score": 0.9063360881542699,
                "support": 357.0
            },
            "accuracy": 0.8980509745127436,
            "macro avg": {
                "precision": 0.8988195922227679,
                "recall": 0.8962681846932321,
                "f1-score": 0.8972469914455561,
                "support": 667.0
            },
            "weighted avg": {
                "precision": 0.898310788949935,
                "recall": 0.8980509745127436,
                "f1-score": 0.8978874525329767,
                "support": 667.0
            },
            "cross-entropy": 0.4099382852168282,
            "roc-auc": 0.9398662690882804,
            "score": 0.8980509745127436
        }
    }
}