{
    "function": "bin.model.main",
    "gpus": [
        "NVIDIA A100-SXM4-80GB"
    ],
    "config": {
        "seed": 13,
        "batch_size": 256,
        "patience": 16,
        "n_epochs": -1,
        "gradient_clipping_norm": 1.0,
        "amp": true,
        "data": {
            "cache": true,
            "path": "data/churn",
            "num_policy": "noisy-quantile",
            "cat_policy": "ordinal"
        },
        "optimizer": {
            "type": "AdamW",
            "lr": 0.00046156856557107476,
            "weight_decay": 0.0
        },
        "model": {
            "arch_type": "tabm",
            "k": 32,
            "backbone": {
                "type": "MLP",
                "n_blocks": 5,
                "d_block": 448,
                "dropout": 0.03497913168507137
            }
        }
    },
    "n_parameters": 1039936,
    "prediction_type": "probs",
    "epoch_size": 25,
    "best_step": 600,
    "metrics": {
        "train": {
            "0": {
                "precision": 0.8841178584261589,
                "recall": 0.9656593406593407,
                "f1-score": 0.9230913524667042,
                "support": 5096.0
            },
            "1": {
                "precision": 0.790167865707434,
                "recall": 0.5053680981595092,
                "f1-score": 0.6164639850327409,
                "support": 1304.0
            },
            "accuracy": 0.871875,
            "macro avg": {
                "precision": 0.8371428620667964,
                "recall": 0.735513719409425,
                "f1-score": 0.7697776687497225,
                "support": 6400.0
            },
            "weighted avg": {
                "precision": 0.8649755474097186,
                "recall": 0.871875,
                "f1-score": 0.8606160263520342,
                "support": 6400.0
            },
            "cross-entropy": 0.307842781030794,
            "roc-auc": 0.8885454488543886,
            "score": 0.871875
        },
        "val": {
            "0": {
                "precision": 0.8862491000719942,
                "recall": 0.966248037676609,
                "f1-score": 0.9245212166729252,
                "support": 1274.0
            },
            "1": {
                "precision": 0.7962085308056872,
                "recall": 0.5153374233128835,
                "f1-score": 0.6256983240223464,
                "support": 326.0
            },
            "accuracy": 0.874375,
            "macro avg": {
                "precision": 0.8412288154388408,
                "recall": 0.7407927304947463,
                "f1-score": 0.7751097703476357,
                "support": 1600.0
            },
            "weighted avg": {
                "precision": 0.8679033340839841,
                "recall": 0.874375,
                "f1-score": 0.8636360522953698,
                "support": 1600.0
            },
            "cross-entropy": 0.3257055653993931,
            "roc-auc": 0.8712306536583486,
            "score": 0.874375
        },
        "test": {
            "0": {
                "precision": 0.8767826583000571,
                "recall": 0.9648462021343377,
                "f1-score": 0.9187089061566048,
                "support": 1593.0
            },
            "1": {
                "precision": 0.7732793522267206,
                "recall": 0.4692874692874693,
                "f1-score": 0.5840978593272171,
                "support": 407.0
            },
            "accuracy": 0.864,
            "macro avg": {
                "precision": 0.8250310052633889,
                "recall": 0.7170668357109035,
                "f1-score": 0.751403382741911,
                "support": 2000.0
            },
            "weighted avg": {
                "precision": 0.855719735514133,
                "recall": 0.864,
                "f1-score": 0.8506155581268244,
                "support": 2000.0
            },
            "cross-entropy": 0.33981658837935735,
            "roc-auc": 0.8600094701789617,
            "score": 0.864
        }
    },
    "time": "0:00:05.734676",
    "chunk_size": null,
    "eval_batch_size": 32768
}