{
    "function": "bin.model.main",
    "gpus": [
        "NVIDIA A100-SXM4-80GB"
    ],
    "config": {
        "seed": 4,
        "batch_size": 256,
        "patience": 16,
        "n_epochs": -1,
        "gradient_clipping_norm": 1.0,
        "amp": true,
        "data": {
            "cache": true,
            "path": "data/california",
            "num_policy": "noisy-quantile"
        },
        "optimizer": {
            "type": "AdamW",
            "lr": 0.002984620267502185,
            "weight_decay": 0.0
        },
        "model": {
            "arch_type": "tabm-packed",
            "k": 32,
            "share_training_batches": false,
            "backbone": {
                "type": "MLP",
                "n_blocks": 4,
                "d_block": 992,
                "dropout": 0.0
            }
        }
    },
    "n_parameters": 94882848,
    "prediction_type": "labels",
    "epoch_size": 52,
    "best_step": 2600,
    "metrics": {
        "train": {
            "rmse": 0.29466533239731046,
            "mae": 0.2068152278661728,
            "r2": 0.9355385321325678,
            "score": -0.29466533239731046
        },
        "val": {
            "rmse": 0.47628419598139543,
            "mae": 0.30316630005836487,
            "r2": 0.8260204619619333,
            "score": -0.47628419598139543
        },
        "test": {
            "rmse": 0.4765448332466746,
            "mae": 0.3104909658432007,
            "r2": 0.8258413818157163,
            "score": -0.4765448332466746
        }
    },
    "time": "0:00:36.431299",
    "chunk_size": null,
    "eval_batch_size": 32768
}