{
    "function": "bin.ensemble.main",
    "config": {
        "seeds": [
            0,
            1,
            2,
            3,
            4
        ],
        "data": {
            "path": "data/classif-num-medium-2-wine"
        }
    },
    "single_model_function": "bin.model.main",
    "prediction_type": "probs",
    "metrics": {
        "train": {
            "0": {
                "precision": 0.9988901220865705,
                "recall": 0.9879253567508233,
                "f1-score": 0.9933774834437087,
                "support": 911.0
            },
            "1": {
                "precision": 0.9875846501128668,
                "recall": 0.9988584474885844,
                "f1-score": 0.9931895573212258,
                "support": 876.0
            },
            "accuracy": 0.9932848349188584,
            "macro avg": {
                "precision": 0.9932373860997186,
                "recall": 0.9933919021197039,
                "f1-score": 0.9932835203824673,
                "support": 1787.0
            },
            "weighted avg": {
                "precision": 0.9933481000110449,
                "recall": 0.9932848349188584,
                "f1-score": 0.9932853607334148,
                "support": 1787.0
            },
            "cross-entropy": 0.09585593913857522,
            "roc-auc": 0.9999360931085816,
            "score": 0.9932848349188584
        },
        "val": {
            "0": {
                "precision": 0.9036144578313253,
                "recall": 0.7142857142857143,
                "f1-score": 0.797872340425532,
                "support": 105.0
            },
            "1": {
                "precision": 0.7959183673469388,
                "recall": 0.936,
                "f1-score": 0.8602941176470588,
                "support": 125.0
            },
            "accuracy": 0.8347826086956521,
            "macro avg": {
                "precision": 0.849766412589132,
                "recall": 0.8251428571428572,
                "f1-score": 0.8290832290362954,
                "support": 230.0
            },
            "weighted avg": {
                "precision": 0.8450839738724196,
                "recall": 0.8347826086956521,
                "f1-score": 0.8317972193502748,
                "support": 230.0
            },
            "cross-entropy": 0.46421771293618774,
            "roc-auc": 0.8778666666666667,
            "score": 0.8347826086956521
        },
        "test": {
            "0": {
                "precision": 0.8298755186721992,
                "recall": 0.7662835249042146,
                "f1-score": 0.7968127490039841,
                "support": 261.0
            },
            "1": {
                "precision": 0.793918918918919,
                "recall": 0.8514492753623188,
                "f1-score": 0.8216783216783217,
                "support": 276.0
            },
            "accuracy": 0.8100558659217877,
            "macro avg": {
                "precision": 0.8118972187955591,
                "recall": 0.8088664001332667,
                "f1-score": 0.809245535341153,
                "support": 537.0
            },
            "weighted avg": {
                "precision": 0.811395031648167,
                "recall": 0.8100558659217877,
                "f1-score": 0.8095928198757106,
                "support": 537.0
            },
            "cross-entropy": 0.4542313652279627,
            "roc-auc": 0.886056971514243,
            "score": 0.8100558659217877
        }
    }
}