{
    "function": "bin.ensemble.main",
    "config": {
        "seeds": [
            10,
            11,
            12,
            13,
            14
        ],
        "data": {
            "path": "data/ecom-offers"
        }
    },
    "single_model_function": "bin.model.main",
    "prediction_type": "probs",
    "metrics": {
        "train": {
            "0": {
                "precision": 0.7868727050183598,
                "recall": 0.977535965026907,
                "f1-score": 0.871902731053482,
                "support": 84179.0
            },
            "1": {
                "precision": 0.6031479538300105,
                "recall": 0.11421985533741356,
                "f1-score": 0.19206736391886925,
                "support": 25162.0
            },
            "accuracy": 0.7788661160955177,
            "macro avg": {
                "precision": 0.6950103294241852,
                "recall": 0.5458779101821603,
                "f1-score": 0.5319850474861756,
                "support": 109341.0
            },
            "weighted avg": {
                "precision": 0.7445932106895969,
                "recall": 0.7788661160955177,
                "f1-score": 0.7154562241819413,
                "support": 109341.0
            },
            "cross-entropy": 0.49041880453664466,
            "roc-auc": 0.7030250420686206,
            "score": 0.7030250420686206
        },
        "val": {
            "0": {
                "precision": 0.6739071286051151,
                "recall": 0.9576620698543626,
                "f1-score": 0.7911099281341496,
                "support": 15518.0
            },
            "1": {
                "precision": 0.7025803531009507,
                "recall": 0.17751343932288688,
                "f1-score": 0.28341855368882396,
                "support": 8743.0
            },
            "accuracy": 0.6765178681835043,
            "macro avg": {
                "precision": 0.6882437408530329,
                "recall": 0.5675877545886248,
                "f1-score": 0.5372642409114867,
                "support": 24261.0
            },
            "weighted avg": {
                "precision": 0.6842401734823704,
                "recall": 0.6765178681835043,
                "f1-score": 0.6081518601742352,
                "support": 24261.0
            },
            "cross-entropy": 0.7073976797397314,
            "roc-auc": 0.6215326688467671,
            "score": 0.6215326688467671
        },
        "test": {
            "0": {
                "precision": 0.6560865430337612,
                "recall": 0.9784304455738092,
                "f1-score": 0.7854736941980168,
                "support": 16922.0
            },
            "1": {
                "precision": 0.7005742411812962,
                "recall": 0.08958355187244309,
                "f1-score": 0.15885416666666666,
                "support": 9533.0
            },
            "accuracy": 0.6581364581364582,
            "macro avg": {
                "precision": 0.6783303921075288,
                "recall": 0.5340069987231262,
                "f1-score": 0.4721639304323417,
                "support": 26455.0
            },
            "weighted avg": {
                "precision": 0.6721175854242526,
                "recall": 0.6581364581364582,
                "f1-score": 0.559672750861923,
                "support": 26455.0
            },
            "cross-entropy": 0.7881684733642055,
            "roc-auc": 0.5902548990584564,
            "score": 0.5902548990584564
        }
    }
}