{
    "function": "bin.model.main",
    "gpus": [
        "NVIDIA A100-SXM4-80GB"
    ],
    "config": {
        "seed": 11,
        "batch_size": 32,
        "patience": 16,
        "n_epochs": -1,
        "gradient_clipping_norm": 1.0,
        "amp": true,
        "data": {
            "cache": true,
            "path": "data/classif-num-medium-0-phoneme",
            "num_policy": "noisy-quantile"
        },
        "optimizer": {
            "type": "AdamW",
            "lr": 0.0008864368862784049,
            "weight_decay": 0.06761967362431677
        },
        "model": {
            "arch_type": "tabm-mini",
            "k": 32,
            "share_training_batches": false,
            "backbone": {
                "type": "MLP",
                "n_blocks": 2,
                "d_block": 640,
                "dropout": 0.0
            },
            "num_embeddings": {
                "type": "PiecewiseLinearEmbeddingsV2",
                "d_embedding": 12
            }
        },
        "bins": {
            "n_bins": 72
        }
    },
    "n_parameters": 496664,
    "prediction_type": "probs",
    "epoch_size": 70,
    "best_step": 1820,
    "metrics": {
        "train": {
            "0": {
                "precision": 0.9715073529411765,
                "recall": 0.9644160583941606,
                "f1-score": 0.967948717948718,
                "support": 1096.0
            },
            "1": {
                "precision": 0.965547703180212,
                "recall": 0.9724199288256228,
                "f1-score": 0.9689716312056738,
                "support": 1124.0
            },
            "accuracy": 0.9684684684684685,
            "macro avg": {
                "precision": 0.9685275280606942,
                "recall": 0.9684179936098917,
                "f1-score": 0.9684601745771959,
                "support": 2220.0
            },
            "weighted avg": {
                "precision": 0.9684899446838232,
                "recall": 0.9684684684684685,
                "f1-score": 0.968466625381519,
                "support": 2220.0
            },
            "cross-entropy": 0.0950166250674626,
            "roc-auc": 0.9963138361430761,
            "score": 0.9684684684684685
        },
        "val": {
            "0": {
                "precision": 0.9246575342465754,
                "recall": 0.9,
                "f1-score": 0.9121621621621622,
                "support": 150.0
            },
            "1": {
                "precision": 0.8920863309352518,
                "recall": 0.9185185185185185,
                "f1-score": 0.9051094890510949,
                "support": 135.0
            },
            "accuracy": 0.9087719298245615,
            "macro avg": {
                "precision": 0.9083719325909136,
                "recall": 0.9092592592592592,
                "f1-score": 0.9086358256066285,
                "support": 285.0
            },
            "weighted avg": {
                "precision": 0.9092290695201589,
                "recall": 0.9087719298245615,
                "f1-score": 0.9088214222674461,
                "support": 285.0
            },
            "cross-entropy": 0.29637526499513106,
            "roc-auc": 0.9510617283950618,
            "score": 0.9087719298245615
        },
        "test": {
            "0": {
                "precision": 0.8927444794952681,
                "recall": 0.8323529411764706,
                "f1-score": 0.8614916286149165,
                "support": 340.0
            },
            "1": {
                "precision": 0.8371428571428572,
                "recall": 0.8960244648318043,
                "f1-score": 0.8655834564254062,
                "support": 327.0
            },
            "accuracy": 0.863568215892054,
            "macro avg": {
                "precision": 0.8649436683190627,
                "recall": 0.8641887030041375,
                "f1-score": 0.8635375425201613,
                "support": 667.0
            },
            "weighted avg": {
                "precision": 0.8654855132145509,
                "recall": 0.863568215892054,
                "f1-score": 0.8634976671367008,
                "support": 667.0
            },
            "cross-entropy": 0.3660946981687965,
            "roc-auc": 0.9353570786112609,
            "score": 0.863568215892054
        }
    },
    "time": "0:00:07.798112",
    "chunk_size": null,
    "eval_batch_size": 32768
}