{
    "function": "bin.ensemble.main",
    "config": {
        "seeds": [
            10,
            11,
            12,
            13,
            14
        ],
        "data": {
            "path": "data/homecredit-default"
        }
    },
    "single_model_function": "bin.model.main",
    "prediction_type": "probs",
    "metrics": {
        "train": {
            "0": {
                "precision": 0.9694738651737463,
                "recall": 0.999969161263463,
                "f1-score": 0.9844854152276713,
                "support": 259414.0
            },
            "1": {
                "precision": 0.8873239436619719,
                "recall": 0.007653991009597861,
                "f1-score": 0.01517706576728499,
                "support": 8231.0
            },
            "accuracy": 0.9694520727082516,
            "macro avg": {
                "precision": 0.9283989044178591,
                "recall": 0.5038115761365305,
                "f1-score": 0.4998312404974781,
                "support": 267645.0
            },
            "weighted avg": {
                "precision": 0.9669474738570268,
                "recall": 0.9694520727082516,
                "f1-score": 0.954675865172903,
                "support": 267645.0
            },
            "cross-entropy": 0.09885183567122112,
            "roc-auc": 0.8998305285726941,
            "score": 0.8998305285726941
        },
        "val": {
            "0": {
                "precision": 0.9555406150875742,
                "recall": 0.9999639191066371,
                "f1-score": 0.9772476837771843,
                "support": 55431.0
            },
            "1": {
                "precision": 0.8,
                "recall": 0.0030923850019327404,
                "f1-score": 0.006160954948016942,
                "support": 2587.0
            },
            "accuracy": 0.9555138060601882,
            "macro avg": {
                "precision": 0.877770307543787,
                "recall": 0.5015281520542849,
                "f1-score": 0.4917043193626006,
                "support": 58018.0
            },
            "weighted avg": {
                "precision": 0.9486051197028391,
                "recall": 0.9555138060601882,
                "f1-score": 0.9339473051450174,
                "support": 58018.0
            },
            "cross-entropy": 0.14379558491273498,
            "roc-auc": 0.8473320749093182,
            "score": 0.8473320749093182
        },
        "test": {
            "0": {
                "precision": 0.9782457268392005,
                "recall": 0.9999817424961659,
                "f1-score": 0.9889943211058043,
                "support": 54772.0
            },
            "1": {
                "precision": 0.9166666666666666,
                "recall": 0.008950366151342554,
                "f1-score": 0.0177276390008058,
                "support": 1229.0
            },
            "accuracy": 0.9782325315619363,
            "macro avg": {
                "precision": 0.9474561967529336,
                "recall": 0.5044660543237542,
                "f1-score": 0.5033609800533051,
                "support": 56001.0
            },
            "weighted avg": {
                "precision": 0.9768943105260626,
                "recall": 0.9782325315619363,
                "f1-score": 0.9676788668762897,
                "support": 56001.0
            },
            "cross-entropy": 0.08539130675235586,
            "roc-auc": 0.8642417027295696,
            "score": 0.8642417027295696
        }
    }
}