{
    "function": "bin.model.main",
    "gpus": [
        "NVIDIA A100-SXM4-40GB"
    ],
    "config": {
        "seed": 6,
        "batch_size": 256,
        "patience": 16,
        "n_epochs": -1,
        "gradient_clipping_norm": 1.0,
        "amp": true,
        "data": {
            "cache": true,
            "path": "data/regression-cat-medium-0-Brazilian_houses",
            "num_policy": "noisy-quantile",
            "cat_policy": "ordinal"
        },
        "optimizer": {
            "type": "AdamW",
            "lr": 0.004141682025462753,
            "weight_decay": 0.0
        },
        "model": {
            "arch_type": "tabm-mini",
            "k": 32,
            "backbone": {
                "type": "MLP",
                "n_blocks": 3,
                "d_block": 432,
                "dropout": 0.0
            },
            "num_embeddings": {
                "type": "PiecewiseLinearEmbeddings",
                "d_embedding": 32
            }
        },
        "bins": {
            "n_bins": 126
        }
    },
    "n_parameters": 537984,
    "prediction_type": "labels",
    "epoch_size": 30,
    "best_step": 600,
    "metrics": {
        "train": {
            "rmse": 0.044521982709401324,
            "mae": 0.015316741541028023,
            "r2": 0.9969209931355376,
            "score": -0.044521982709401324
        },
        "val": {
            "rmse": 0.08300431749054486,
            "mae": 0.017979543656110764,
            "r2": 0.9893236031992222,
            "score": -0.08300431749054486
        },
        "test": {
            "rmse": 0.024898730978973216,
            "mae": 0.014787288382649422,
            "r2": 0.9989857007446091,
            "score": -0.024898730978973216
        }
    },
    "time": "0:00:08.814622",
    "chunk_size": null,
    "eval_batch_size": 32768
}