{
    "function": "bin.model.main",
    "gpus": [
        "NVIDIA A100-SXM4-80GB"
    ],
    "config": {
        "seed": 9,
        "batch_size": 64,
        "patience": 16,
        "n_epochs": -1,
        "gradient_clipping_norm": 1.0,
        "amp": true,
        "data": {
            "cache": true,
            "path": "data/regression-cat-medium-1-analcatdata_supreme",
            "num_policy": "noisy-quantile"
        },
        "optimizer": {
            "type": "AdamW",
            "lr": 0.00010392982636423193,
            "weight_decay": 0.00017104384782829383
        },
        "model": {
            "arch_type": "tabm",
            "k": 32,
            "share_training_batches": false,
            "backbone": {
                "type": "MLP",
                "n_blocks": 4,
                "d_block": 336,
                "dropout": 0.10712886878474756
            },
            "num_embeddings": {
                "type": "PiecewiseLinearEmbeddingsV2",
                "d_embedding": 20
            }
        },
        "bins": {
            "n_bins": 49
        }
    },
    "n_parameters": 487624,
    "prediction_type": "labels",
    "epoch_size": 45,
    "best_step": 2655,
    "metrics": {
        "train": {
            "rmse": 0.07819091281372133,
            "mae": 0.01755199022591114,
            "r2": 0.9798353005610586,
            "score": -0.07819091281372133
        },
        "val": {
            "rmse": 0.04593542313260028,
            "mae": 0.014238276518881321,
            "r2": 0.9929998269338982,
            "score": -0.04593542313260028
        },
        "test": {
            "rmse": 0.0868558956913784,
            "mae": 0.020057179033756256,
            "r2": 0.9746507534994715,
            "score": -0.0868558956913784
        }
    },
    "time": "0:00:14.727849",
    "chunk_size": null,
    "eval_batch_size": 32768
}