{
    "function": "bin.model.main",
    "gpus": [
        "NVIDIA A100-SXM4-80GB"
    ],
    "config": {
        "seed": 12,
        "batch_size": 64,
        "patience": 16,
        "n_epochs": -1,
        "gradient_clipping_norm": 1.0,
        "amp": true,
        "data": {
            "cache": true,
            "path": "data/regression-cat-medium-2-analcatdata_supreme",
            "num_policy": "noisy-quantile"
        },
        "optimizer": {
            "type": "AdamW",
            "lr": 0.0010054631923436892,
            "weight_decay": 0.0005948571267693014
        },
        "model": {
            "arch_type": "tabm-mini",
            "k": 32,
            "share_training_batches": false,
            "backbone": {
                "type": "MLP",
                "n_blocks": 4,
                "d_block": 976,
                "dropout": 0.04724032121308054
            },
            "num_embeddings": {
                "type": "PiecewiseLinearEmbeddings",
                "d_embedding": 28
            }
        },
        "bins": {
            "n_bins": 95
        }
    },
    "n_parameters": 2961496,
    "prediction_type": "labels",
    "epoch_size": 45,
    "best_step": 1440,
    "metrics": {
        "train": {
            "rmse": 0.06260152483455429,
            "mae": 0.024572009220719337,
            "r2": 0.9868598636934537,
            "score": -0.06260152483455429
        },
        "val": {
            "rmse": 0.10279341440830825,
            "mae": 0.03340145945549011,
            "r2": 0.9722317442527153,
            "score": -0.10279341440830825
        },
        "test": {
            "rmse": 0.08109375575144606,
            "mae": 0.027510007843375206,
            "r2": 0.9763104434325796,
            "score": -0.08109375575144606
        }
    },
    "time": "0:00:08.084431",
    "chunk_size": null,
    "eval_batch_size": 32768
}