{
    "function": "bin.ensemble.main",
    "config": {
        "seeds": [
            10,
            11,
            12,
            13,
            14
        ],
        "data": {
            "path": "data/classif-num-medium-0-phoneme"
        }
    },
    "single_model_function": "bin.model.main",
    "prediction_type": "probs",
    "metrics": {
        "train": {
            "0": {
                "precision": 0.9926806953339433,
                "recall": 0.989963503649635,
                "f1-score": 0.9913202375513934,
                "support": 1096.0
            },
            "1": {
                "precision": 0.9902395740905058,
                "recall": 0.9928825622775801,
                "f1-score": 0.9915593069746779,
                "support": 1124.0
            },
            "accuracy": 0.9914414414414414,
            "macro avg": {
                "precision": 0.9914601347122245,
                "recall": 0.9914230329636076,
                "f1-score": 0.9914397722630357,
                "support": 2220.0
            },
            "weighted avg": {
                "precision": 0.9914447402539326,
                "recall": 0.9914414414414414,
                "f1-score": 0.9914412799080474,
                "support": 2220.0
            },
            "cross-entropy": 0.05836399062445606,
            "roc-auc": 0.9995527248876537,
            "score": 0.9914414414414414
        },
        "val": {
            "0": {
                "precision": 0.8918918918918919,
                "recall": 0.88,
                "f1-score": 0.8859060402684563,
                "support": 150.0
            },
            "1": {
                "precision": 0.8686131386861314,
                "recall": 0.8814814814814815,
                "f1-score": 0.8749999999999999,
                "support": 135.0
            },
            "accuracy": 0.8807017543859649,
            "macro avg": {
                "precision": 0.8802525152890117,
                "recall": 0.8807407407407408,
                "f1-score": 0.8804530201342281,
                "support": 285.0
            },
            "weighted avg": {
                "precision": 0.8808651140575843,
                "recall": 0.8807017543859649,
                "f1-score": 0.8807400211939242,
                "support": 285.0
            },
            "cross-entropy": 0.28999113590784087,
            "roc-auc": 0.9520987654320987,
            "score": 0.8807017543859649
        },
        "test": {
            "0": {
                "precision": 0.9281045751633987,
                "recall": 0.8352941176470589,
                "f1-score": 0.8792569659442725,
                "support": 340.0
            },
            "1": {
                "precision": 0.8448753462603878,
                "recall": 0.9327217125382263,
                "f1-score": 0.8866279069767442,
                "support": 327.0
            },
            "accuracy": 0.8830584707646177,
            "macro avg": {
                "precision": 0.8864899607118932,
                "recall": 0.8840079150926425,
                "f1-score": 0.8829424364605083,
                "support": 667.0
            },
            "weighted avg": {
                "precision": 0.8873010401539766,
                "recall": 0.8830584707646177,
                "f1-score": 0.8828706057008215,
                "support": 667.0
            },
            "cross-entropy": 0.3296934679032056,
            "roc-auc": 0.9457996042453679,
            "score": 0.8830584707646177
        }
    }
}