{
    "function": "bin.model.main",
    "gpus": [
        "NVIDIA A100-SXM4-80GB"
    ],
    "config": {
        "seed": 5,
        "batch_size": 512,
        "patience": 16,
        "n_epochs": -1,
        "gradient_clipping_norm": 1.0,
        "amp": true,
        "data": {
            "cache": true,
            "path": "data/otto"
        },
        "optimizer": {
            "type": "AdamW",
            "lr": 0.0006759153418900805,
            "weight_decay": 0.0
        },
        "model": {
            "arch_type": "tabm-mini",
            "k": 32,
            "share_training_batches": false,
            "backbone": {
                "type": "MLP",
                "n_blocks": 3,
                "d_block": 976,
                "dropout": 0.10673853706474803
            }
        }
    },
    "n_parameters": 2283200,
    "prediction_type": "probs",
    "epoch_size": 78,
    "best_step": 4056,
    "metrics": {
        "train": {
            "0": {
                "precision": 0.967741935483871,
                "recall": 0.8744939271255061,
                "f1-score": 0.9187579753296471,
                "support": 1235.0
            },
            "1": {
                "precision": 0.8601222581805106,
                "recall": 0.9273114944756736,
                "f1-score": 0.8924540621210708,
                "support": 10318.0
            },
            "2": {
                "precision": 0.8104175453395192,
                "recall": 0.750292854353768,
                "f1-score": 0.7791970802919708,
                "support": 5122.0
            },
            "3": {
                "precision": 0.9361554476058292,
                "recall": 0.7833914053426249,
                "f1-score": 0.8529876699336073,
                "support": 1722.0
            },
            "4": {
                "precision": 0.9914821124361158,
                "recall": 0.9960068454078722,
                "f1-score": 0.9937393284006829,
                "support": 1753.0
            },
            "5": {
                "precision": 0.9878305122248037,
                "recall": 0.9870661065664382,
                "f1-score": 0.9874481614597733,
                "support": 9046.0
            },
            "6": {
                "precision": 0.9409761634506243,
                "recall": 0.9124931205283434,
                "f1-score": 0.9265157865325511,
                "support": 1817.0
            },
            "7": {
                "precision": 0.980992803100203,
                "recall": 0.9813549935388591,
                "f1-score": 0.9811738648947951,
                "support": 5417.0
            },
            "8": {
                "precision": 0.960275258054426,
                "recall": 0.9681488489435509,
                "f1-score": 0.9641959798994976,
                "support": 3171.0
            },
            "accuracy": 0.9231837579859095,
            "macro avg": {
                "precision": 0.9373326706528782,
                "recall": 0.9089510662536262,
                "f1-score": 0.9218299898737329,
                "support": 39601.0
            },
            "weighted avg": {
                "precision": 0.9236061867527487,
                "recall": 0.9231837579859095,
                "f1-score": 0.9225358930116925,
                "support": 39601.0
            },
            "cross-entropy": 0.23007290615944614,
            "score": 0.9231837579859095
        },
        "val": {
            "0": {
                "precision": 0.6804979253112033,
                "recall": 0.5324675324675324,
                "f1-score": 0.5974499089253187,
                "support": 308.0
            },
            "1": {
                "precision": 0.7646017699115044,
                "recall": 0.8372093023255814,
                "f1-score": 0.7992599444958373,
                "support": 2580.0
            },
            "2": {
                "precision": 0.6309523809523809,
                "recall": 0.5792349726775956,
                "f1-score": 0.603988603988604,
                "support": 1281.0
            },
            "3": {
                "precision": 0.7492625368731564,
                "recall": 0.5893271461716937,
                "f1-score": 0.6597402597402597,
                "support": 431.0
            },
            "4": {
                "precision": 0.9769585253456221,
                "recall": 0.9680365296803652,
                "f1-score": 0.9724770642201834,
                "support": 438.0
            },
            "5": {
                "precision": 0.9499776686020545,
                "recall": 0.9403183023872679,
                "f1-score": 0.9451233059320151,
                "support": 2262.0
            },
            "6": {
                "precision": 0.746031746031746,
                "recall": 0.724669603524229,
                "f1-score": 0.7351955307262569,
                "support": 454.0
            },
            "7": {
                "precision": 0.9186465082793377,
                "recall": 0.9423929098966026,
                "f1-score": 0.930368209989063,
                "support": 1354.0
            },
            "8": {
                "precision": 0.8580171358629131,
                "recall": 0.8839848675914249,
                "f1-score": 0.870807453416149,
                "support": 793.0
            },
            "accuracy": 0.8258761741238259,
            "macro avg": {
                "precision": 0.8083273552411021,
                "recall": 0.7775156851913659,
                "f1-score": 0.7904900312704097,
                "support": 9901.0
            },
            "weighted avg": {
                "precision": 0.823468212795376,
                "recall": 0.8258761741238259,
                "f1-score": 0.8233536200773951,
                "support": 9901.0
            },
            "cross-entropy": 0.45062352767157393,
            "score": 0.8258761741238259
        },
        "test": {
            "0": {
                "precision": 0.7335526315789473,
                "recall": 0.5777202072538861,
                "f1-score": 0.6463768115942029,
                "support": 386.0
            },
            "1": {
                "precision": 0.7661634861862717,
                "recall": 0.8343672456575683,
                "f1-score": 0.7988121752041574,
                "support": 3224.0
            },
            "2": {
                "precision": 0.612482853223594,
                "recall": 0.5577763897564022,
                "f1-score": 0.5838509316770185,
                "support": 1601.0
            },
            "3": {
                "precision": 0.7178899082568807,
                "recall": 0.5817843866171004,
                "f1-score": 0.6427104722792608,
                "support": 538.0
            },
            "4": {
                "precision": 0.979890310786106,
                "recall": 0.9781021897810219,
                "f1-score": 0.9789954337899544,
                "support": 548.0
            },
            "5": {
                "precision": 0.9534470504619759,
                "recall": 0.9490626105412098,
                "f1-score": 0.9512497784080836,
                "support": 2827.0
            },
            "6": {
                "precision": 0.7540394973070018,
                "recall": 0.7394366197183099,
                "f1-score": 0.7466666666666667,
                "support": 568.0
            },
            "7": {
                "precision": 0.9203280609256005,
                "recall": 0.9279385705847608,
                "f1-score": 0.9241176470588235,
                "support": 1693.0
            },
            "8": {
                "precision": 0.8579654510556622,
                "recall": 0.9021190716448032,
                "f1-score": 0.8794884407279882,
                "support": 991.0
            },
            "accuracy": 0.8260342598577892,
            "macro avg": {
                "precision": 0.8106399166424489,
                "recall": 0.7831452546172292,