{
    "function": "bin.model.main",
    "gpus": [
        "NVIDIA A100-SXM4-80GB"
    ],
    "config": {
        "seed": 7,
        "batch_size": 64,
        "patience": 16,
        "n_epochs": -1,
        "gradient_clipping_norm": 1.0,
        "amp": true,
        "data": {
            "cache": true,
            "path": "data/classif-cat-medium-0-KDDCup09_upselling",
            "num_policy": "noisy-quantile",
            "cat_policy": "ordinal"
        },
        "optimizer": {
            "type": "AdamW",
            "lr": 0.0002357026967319758,
            "weight_decay": 0.004682436272155899
        },
        "model": {
            "arch_type": "tabm-packed",
            "k": 32,
            "share_training_batches": false,
            "backbone": {
                "type": "MLP",
                "n_blocks": 5,
                "d_block": 960,
                "dropout": 0.0
            }
        }
    },
    "n_parameters": 121282624,
    "prediction_type": "probs",
    "epoch_size": 57,
    "best_step": 855,
    "metrics": {
        "train": {
            "0": {
                "precision": 0.9994447529150472,
                "recall": 0.9966777408637874,
                "f1-score": 0.99805932908234,
                "support": 1806.0
            },
            "1": {
                "precision": 0.9966442953020134,
                "recall": 0.9994391475042064,
                "f1-score": 0.9980397647717726,
                "support": 1783.0
            },
            "accuracy": 0.9980495959877403,
            "macro avg": {
                "precision": 0.9980445241085303,
                "recall": 0.9980584441839968,
                "f1-score": 0.9980495469270563,
                "support": 3589.0
            },
            "weighted avg": {
                "precision": 0.9980534974332864,
                "recall": 0.9980495959877403,
                "f1-score": 0.9980496096157081,
                "support": 3589.0
            },
            "cross-entropy": 0.03829175753925088,
            "roc-auc": 0.9999875780178119,
            "score": 0.9980495959877403
        },
        "val": {
            "0": {
                "precision": 0.7889908256880734,
                "recall": 0.8269230769230769,
                "f1-score": 0.807511737089202,
                "support": 208.0
            },
            "1": {
                "precision": 0.8506224066390041,
                "recall": 0.8167330677290837,
                "f1-score": 0.8333333333333333,
                "support": 251.0
            },
            "accuracy": 0.8213507625272332,
            "macro avg": {
                "precision": 0.8198066161635388,
                "recall": 0.8218280723260802,
                "f1-score": 0.8204225352112676,
                "support": 459.0
            },
            "weighted avg": {
                "precision": 0.822693498495663,
                "recall": 0.8213507625272332,
                "f1-score": 0.8216320435320712,
                "support": 459.0
            },
            "cross-entropy": 0.568772585510649,
            "roc-auc": 0.8904574011645725,
            "score": 0.8213507625272332
        },
        "test": {
            "0": {
                "precision": 0.755632582322357,
                "recall": 0.7956204379562044,
                "f1-score": 0.7751111111111111,
                "support": 548.0
            },
            "1": {
                "precision": 0.7755511022044088,
                "recall": 0.7329545454545454,
                "f1-score": 0.75365141187926,
                "support": 528.0
            },
            "accuracy": 0.7648698884758365,
            "macro avg": {
                "precision": 0.765591842263383,
                "recall": 0.7642874917053749,
                "f1-score": 0.7643812614951855,
                "support": 1076.0
            },
            "weighted avg": {
                "precision": 0.7654067259076018,
                "recall": 0.7648698884758365,
                "f1-score": 0.7645807010791247,
                "support": 1076.0
            },
            "cross-entropy": 0.6336201716518487,
            "roc-auc": 0.864087383875249,
            "score": 0.7648698884758365
        }
    },
    "time": "0:00:20.272693",
    "chunk_size": null,
    "eval_batch_size": 32768
}