{
    "function": "bin.model.main",
    "gpus": [
        "NVIDIA A100-SXM4-40GB"
    ],
    "config": {
        "seed": 8,
        "batch_size": 256,
        "patience": 16,
        "n_epochs": -1,
        "gradient_clipping_norm": 1.0,
        "amp": true,
        "data": {
            "cache": true,
            "path": "data/classif-num-medium-0-bank-marketing",
            "num_policy": "noisy-quantile"
        },
        "optimizer": {
            "type": "AdamW",
            "lr": 0.0002312190919744708,
            "weight_decay": 0.0
        },
        "model": {
            "arch_type": "tabm-mini",
            "k": 32,
            "backbone": {
                "type": "MLP",
                "n_blocks": 5,
                "d_block": 624,
                "dropout": 0.04345100575196078
            }
        }
    },
    "n_parameters": 1605216,
    "prediction_type": "probs",
    "epoch_size": 29,
    "best_step": 1334,
    "metrics": {
        "train": {
            "0": {
                "precision": 0.8230337078651685,
                "recall": 0.785101822079314,
                "f1-score": 0.8036204059243006,
                "support": 3732.0
            },
            "1": {
                "precision": 0.791363163371488,
                "recall": 0.8284313725490197,
                "f1-score": 0.8094731240021288,
                "support": 3672.0
            },
            "accuracy": 0.8065910318746623,
            "macro avg": {
                "precision": 0.8071984356183283,
                "recall": 0.8067665973141669,
                "f1-score": 0.8065467649632148,
                "support": 7404.0
            },
            "weighted avg": {
                "precision": 0.8073267603529055,
                "recall": 0.8065910318746623,
                "f1-score": 0.8065230505463676,
                "support": 7404.0
            },
            "cross-entropy": 0.42156326856338355,
            "roc-auc": 0.8868887654204233,
            "score": 0.8065910318746623
        },
        "val": {
            "0": {
                "precision": 0.8470873786407767,
                "recall": 0.7653508771929824,
                "f1-score": 0.804147465437788,
                "support": 456.0
            },
            "1": {
                "precision": 0.8018518518518518,
                "recall": 0.8729838709677419,
                "f1-score": 0.8359073359073358,
                "support": 496.0
            },
            "accuracy": 0.8214285714285714,
            "macro avg": {
                "precision": 0.8244696152463142,
                "recall": 0.8191673740803622,
                "f1-score": 0.8200274006725619,
                "support": 952.0
            },
            "weighted avg": {
                "precision": 0.8235192890532695,
                "recall": 0.8214285714285714,
                "f1-score": 0.8206946248420902,
                "support": 952.0
            },
            "cross-entropy": 0.4154954171536809,
            "roc-auc": 0.8899794850028296,
            "score": 0.8214285714285714
        },
        "test": {
            "0": {
                "precision": 0.8012939001848429,
                "recall": 0.7874659400544959,
                "f1-score": 0.7943197434722858,
                "support": 1101.0
            },
            "1": {
                "precision": 0.7947368421052632,
                "recall": 0.808206958073149,
                "f1-score": 0.8014153029632907,
                "support": 1121.0
            },
            "accuracy": 0.7979297929792979,
            "macro avg": {
                "precision": 0.798015371145053,
                "recall": 0.7978364490638225,
                "f1-score": 0.7978675232177883,
                "support": 2222.0
            },
            "weighted avg": {
                "precision": 0.7979858614327237,
                "recall": 0.7979297929792979,
                "f1-score": 0.7978994564288189,
                "support": 2222.0
            },
            "cross-entropy": 0.44560589973169706,
            "roc-auc": 0.8729068781036783,
            "score": 0.7979297929792979
        }
    },
    "time": "0:00:07.920837",
    "chunk_size": null,
    "eval_batch_size": 32768
}