{
    "function": "bin.model.main",
    "gpus": [
        "NVIDIA A100-SXM4-80GB"
    ],
    "config": {
        "seed": 2,
        "batch_size": 128,
        "patience": 16,
        "n_epochs": -1,
        "gradient_clipping_norm": 1.0,
        "amp": true,
        "data": {
            "cache": true,
            "path": "data/regression-num-medium-2-isolet",
            "num_policy": "noisy-quantile"
        },
        "optimizer": {
            "type": "AdamW",
            "lr": 0.0018065478264399123,
            "weight_decay": 0.0006321396421595146
        },
        "model": {
            "arch_type": "tabm-mini",
            "k": 32,
            "share_training_batches": false,
            "backbone": {
                "type": "MLP",
                "n_blocks": 4,
                "d_block": 784,
                "dropout": 0.12247386949629199
            },
            "num_embeddings": {
                "type": "PiecewiseLinearEmbeddings",
                "d_embedding": 24
            }
        },
        "bins": {
            "n_bins": 12
        }
    },
    "n_parameters": 14083184,
    "prediction_type": "labels",
    "epoch_size": 43,
    "best_step": 1892,
    "metrics": {
        "train": {
            "rmse": 0.1676140022108526,
            "mae": 0.12669970095157623,
            "r2": 0.9995024781211416,
            "score": -0.1676140022108526
        },
        "val": {
            "rmse": 2.054157377251699,
            "mae": 0.6838150024414062,
            "r2": 0.9230547135393969,
            "score": -2.054157377251699
        },
        "test": {
            "rmse": 1.733295551524063,
            "mae": 0.5911429524421692,
            "r2": 0.9464714403392886,
            "score": -1.733295551524063
        }
    },
    "time": "0:00:25.357968",
    "chunk_size": null,
    "eval_batch_size": 32768
}