{
    "function": "bin.model.main",
    "gpus": [
        "NVIDIA A100-SXM4-80GB"
    ],
    "config": {
        "seed": 14,
        "batch_size": 64,
        "patience": 16,
        "n_epochs": -1,
        "gradient_clipping_norm": 1.0,
        "amp": true,
        "data": {
            "cache": true,
            "path": "data/regression-cat-medium-3-Mercedes_Benz_Greener_Manufacturing",
            "cat_policy": "ordinal"
        },
        "optimizer": {
            "type": "AdamW",
            "lr": 0.0005301291589444143,
            "weight_decay": 0.044734111086279796
        },
        "model": {
            "arch_type": "tabm-packed",
            "k": 32,
            "share_training_batches": false,
            "backbone": {
                "type": "MLP",
                "n_blocks": 3,
                "d_block": 464,
                "dropout": 0.47293840821837474
            }
        }
    },
    "n_parameters": 24543776,
    "prediction_type": "labels",
    "epoch_size": 47,
    "best_step": 611,
    "metrics": {
        "train": {
            "rmse": 7.857060419616232,
            "mae": 5.364084720611572,
            "r2": 0.6055852038328896,
            "score": -7.857060419616232
        },
        "val": {
            "rmse": 12.292074388541485,
            "mae": 6.380053520202637,
            "r2": 0.34290963339468394,
            "score": -12.292074388541485
        },
        "test": {
            "rmse": 7.600034271966054,
            "mae": 5.417888641357422,
            "r2": 0.6013386772622534,
            "score": -7.600034271966054
        }
    },
    "time": "0:00:16.526540",
    "chunk_size": null,
    "eval_batch_size": 32768
}