{
    "function": "bin.ensemble.main",
    "config": {
        "seeds": [
            5,
            6,
            7,
            8,
            9
        ],
        "data": {
            "path": "data/classif-num-medium-4-wine"
        }
    },
    "single_model_function": "bin.model.main",
    "prediction_type": "probs",
    "metrics": {
        "train": {
            "0": {
                "precision": 0.9921700223713646,
                "recall": 0.9866518353726362,
                "f1-score": 0.9894032348020078,
                "support": 899.0
            },
            "1": {
                "precision": 0.986562150055991,
                "recall": 0.9921171171171171,
                "f1-score": 0.9893318360471645,
                "support": 888.0
            },
            "accuracy": 0.9893676552881925,
            "macro avg": {
                "precision": 0.9893660862136778,
                "recall": 0.9893844762448767,
                "f1-score": 0.9893675354245861,
                "support": 1787.0
            },
            "weighted avg": {
                "precision": 0.9893833460333391,
                "recall": 0.9893676552881925,
                "f1-score": 0.9893677551745311,
                "support": 1787.0
            },
            "cross-entropy": 0.07964462290178756,
            "roc-auc": 0.9992471615107879,
            "score": 0.9893676552881925
        },
        "val": {
            "0": {
                "precision": 0.847457627118644,
                "recall": 0.8264462809917356,
                "f1-score": 0.8368200836820083,
                "support": 121.0
            },
            "1": {
                "precision": 0.8125,
                "recall": 0.8348623853211009,
                "f1-score": 0.8235294117647057,
                "support": 109.0
            },
            "accuracy": 0.8304347826086956,
            "macro avg": {
                "precision": 0.829978813559322,
                "recall": 0.8306543331564182,
                "f1-score": 0.830174747723357,
                "support": 230.0
            },
            "weighted avg": {
                "precision": 0.8308907516580692,
                "recall": 0.8304347826086956,
                "f1-score": 0.8305214609038084,
                "support": 230.0
            },
            "cross-entropy": 0.5072874301811612,
            "roc-auc": 0.8924103419516265,
            "score": 0.8304347826086956
        },
        "test": {
            "0": {
                "precision": 0.8266129032258065,
                "recall": 0.7976653696498055,
                "f1-score": 0.8118811881188119,
                "support": 257.0
            },
            "1": {
                "precision": 0.8200692041522492,
                "recall": 0.8464285714285714,
                "f1-score": 0.8330404217926186,
                "support": 280.0
            },
            "accuracy": 0.8230912476722533,
            "macro avg": {
                "precision": 0.8233410536890278,
                "recall": 0.8220469705391884,
                "f1-score": 0.8224608049557153,
                "support": 537.0
            },
            "weighted avg": {
                "precision": 0.823200918606447,
                "recall": 0.8230912476722533,
                "f1-score": 0.8229139356582269,
                "support": 537.0
            },
            "cross-entropy": 0.49282364302452564,
            "roc-auc": 0.8839772095608671,
            "score": 0.8230912476722533
        }
    }
}