{
    "function": "bin.model.main",
    "gpus": [
        "NVIDIA A100-SXM4-80GB"
    ],
    "config": {
        "seed": 6,
        "batch_size": 512,
        "patience": 16,
        "n_epochs": -1,
        "gradient_clipping_norm": 1.0,
        "amp": true,
        "data": {
            "cache": true,
            "path": "data/diamond",
            "num_policy": "noisy-quantile",
            "cat_policy": "ordinal"
        },
        "optimizer": {
            "type": "AdamW",
            "lr": 0.002170810958387239,
            "weight_decay": 0.040882091073906904
        },
        "model": {
            "arch_type": "tabm",
            "k": 32,
            "share_training_batches": false,
            "backbone": {
                "type": "MLP",
                "n_blocks": 4,
                "d_block": 112,
                "dropout": 0.0
            },
            "num_embeddings": {
                "type": "PiecewiseLinearEmbeddings",
                "d_embedding": 16
            }
        },
        "bins": {
            "n_bins": 114
        }
    },
    "n_parameters": 108512,
    "prediction_type": "labels",
    "epoch_size": 68,
    "best_step": 4148,
    "metrics": {
        "train": {
            "rmse": 0.12367611031982349,
            "mae": 0.06530687212944031,
            "r2": 0.9846320013401697,
            "score": -0.12367611031982349
        },
        "val": {
            "rmse": 0.12755052418636606,
            "mae": 0.06691927462816238,
            "r2": 0.9841078844797541,
            "score": -0.12755052418636606
        },
        "test": {
            "rmse": 0.13050428294958386,
            "mae": 0.06712028384208679,
            "r2": 0.9829002383384019,
            "score": -0.13050428294958386
        }
    },
    "time": "0:00:20.027654",
    "chunk_size": null,
    "eval_batch_size": 32768
}