{
    "function": "bin.model.main",
    "gpus": [
        "NVIDIA A100-SXM4-40GB"
    ],
    "config": {
        "seed": 8,
        "batch_size": 256,
        "patience": 16,
        "n_epochs": -1,
        "gradient_clipping_norm": 1.0,
        "amp": true,
        "data": {
            "cache": true,
            "path": "data/regression-num-medium-0-superconduct",
            "num_policy": "noisy-quantile"
        },
        "optimizer": {
            "type": "AdamW",
            "lr": 0.0005068237351535733,
            "weight_decay": 0.0
        },
        "model": {
            "arch_type": "plain",
            "backbone": {
                "type": "MLP",
                "n_blocks": 6,
                "d_block": 752,
                "dropout": 0.0
            }
        }
    },
    "n_parameters": 2892193,
    "prediction_type": "labels",
    "epoch_size": 40,
    "best_step": 2760,
    "metrics": {
        "train": {
            "rmse": 6.528271155503972,
            "mae": 4.014447212219238,
            "r2": 0.9639464649369232,
            "score": -6.528271155503972
        },
        "val": {
            "rmse": 10.037234603774634,
            "mae": 6.060101509094238,
            "r2": 0.913468529899546,
            "score": -10.037234603774634
        },
        "test": {
            "rmse": 10.932144685035539,
            "mae": 6.332179069519043,
            "r2": 0.8975033406299354,
            "score": -10.932144685035539
        }
    },
    "time": "0:00:26.648576",
    "chunk_size": null,
    "eval_batch_size": 32768
}