{
    "function": "bin.model.main",
    "gpus": [
        "NVIDIA A100-SXM4-40GB"
    ],
    "config": {
        "seed": 13,
        "batch_size": 256,
        "patience": 16,
        "n_epochs": -1,
        "gradient_clipping_norm": 1.0,
        "amp": true,
        "data": {
            "cache": true,
            "path": "data/classif-num-medium-1-MagicTelescope",
            "num_policy": "noisy-quantile"
        },
        "optimizer": {
            "type": "AdamW",
            "lr": 0.0013429528871520002,
            "weight_decay": 0.0
        },
        "model": {
            "arch_type": "tabm-mini",
            "k": 32,
            "backbone": {
                "type": "MLP",
                "n_blocks": 4,
                "d_block": 272,
                "dropout": 0.16808550758951707
            },
            "num_embeddings": {
                "type": "PiecewiseLinearEmbeddings",
                "d_embedding": 20
            }
        },
        "bins": {
            "n_bins": 28
        }
    },
    "n_parameters": 307312,
    "prediction_type": "probs",
    "epoch_size": 37,
    "best_step": 1887,
    "metrics": {
        "train": {
            "0": {
                "precision": 0.8903119190249948,
                "recall": 0.9223197089664027,
                "f1-score": 0.9060332142106369,
                "support": 4673.0
            },
            "1": {
                "precision": 0.9197257850508624,
                "recall": 0.8867803837953092,
                "f1-score": 0.902952670429874,
                "support": 4690.0
            },
            "accuracy": 0.9045177827619353,
            "macro avg": {
                "precision": 0.9050188520379286,
                "recall": 0.904550046380856,
                "f1-score": 0.9044929423202555,
                "support": 9363.0
            },
            "weighted avg": {
                "precision": 0.9050455547893138,
                "recall": 0.9045177827619353,
                "f1-score": 0.9044901457142385,
                "support": 9363.0
            },
            "cross-entropy": 0.2319695610609181,
            "roc-auc": 0.9674372626488784,
            "score": 0.9045177827619353
        },
        "val": {
            "0": {
                "precision": 0.8762057877813505,
                "recall": 0.8747993579454254,
                "f1-score": 0.8755020080321285,
                "support": 623.0
            },
            "1": {
                "precision": 0.8657487091222031,
                "recall": 0.8672413793103448,
                "f1-score": 0.8664944013781223,
                "support": 580.0
            },
            "accuracy": 0.8711554447215295,
            "macro avg": {
                "precision": 0.8709772484517768,
                "recall": 0.8710203686278851,
                "f1-score": 0.8709982047051255,
                "support": 1203.0
            },
            "weighted avg": {
                "precision": 0.8711641372224932,
                "recall": 0.8711554447215295,
                "f1-score": 0.8711591885314439,
                "support": 1203.0
            },
            "cross-entropy": 0.30927189980505526,
            "roc-auc": 0.9400287817567942,
            "score": 0.8711554447215295
        },
        "test": {
            "0": {
                "precision": 0.8612836438923396,
                "recall": 0.896551724137931,
                "f1-score": 0.8785638859556493,
                "support": 1392.0
            },
            "1": {
                "precision": 0.8941954445260838,
                "recall": 0.8582510578279267,
                "f1-score": 0.8758546239654553,
                "support": 1418.0
            },
            "accuracy": 0.8772241992882562,
            "macro avg": {
                "precision": 0.8777395442092117,
                "recall": 0.8774013909829288,
                "f1-score": 0.8772092549605524,
                "support": 2810.0
            },
            "weighted avg": {
                "precision": 0.8778918052085849,
                "recall": 0.8772241992882562,
                "f1-score": 0.8771967210082845,
                "support": 2810.0
            },
            "cross-entropy": 0.2944999936430128,
            "roc-auc": 0.9449301266151128,
            "score": 0.8772241992882562
        }
    },
    "time": "0:00:10.249421",
    "chunk_size": null,
    "eval_batch_size": 32768
}