{
    "function": "bin.ensemble.main",
    "config": {
        "seeds": [
            0,
            1,
            2,
            3,
            4
        ],
        "data": {
            "path": "data/churn"
        }
    },
    "single_model_function": "bin.model.main",
    "prediction_type": "probs",
    "metrics": {
        "train": {
            "0": {
                "precision": 0.8774710596616206,
                "recall": 0.9668367346938775,
                "f1-score": 0.9199887965642798,
                "support": 5096.0
            },
            "1": {
                "precision": 0.7847133757961784,
                "recall": 0.4723926380368098,
                "f1-score": 0.5897558640497845,
                "support": 1304.0
            },
            "accuracy": 0.86609375,
            "macro avg": {
                "precision": 0.8310922177288995,
                "recall": 0.7196146863653436,
                "f1-score": 0.7548723303070322,
                "support": 6400.0
            },
            "weighted avg": {
                "precision": 0.8585716815740367,
                "recall": 0.86609375,
                "f1-score": 0.8527038365644514,
                "support": 6400.0
            },
            "cross-entropy": 0.32039764184597547,
            "roc-auc": 0.879821536920573,
            "score": 0.86609375
        },
        "val": {
            "0": {
                "precision": 0.8802267895109851,
                "recall": 0.9748822605965463,
                "f1-score": 0.9251396648044692,
                "support": 1274.0
            },
            "1": {
                "precision": 0.8306878306878307,
                "recall": 0.4815950920245399,
                "f1-score": 0.6097087378640776,
                "support": 326.0
            },
            "accuracy": 0.874375,
            "macro avg": {
                "precision": 0.8554573100994078,
                "recall": 0.7282386763105431,
                "f1-score": 0.7674242013342734,
                "support": 1600.0
            },
            "weighted avg": {
                "precision": 0.8701332266507674,
                "recall": 0.874375,
                "f1-score": 0.8608706134403644,
                "support": 1600.0
            },
            "cross-entropy": 0.32907089331095973,
            "roc-auc": 0.8691334957767912,
            "score": 0.874375
        },
        "test": {
            "0": {
                "precision": 0.8681257014590348,
                "recall": 0.9711236660389203,
                "f1-score": 0.9167407407407409,
                "support": 1593.0
            },
            "1": {
                "precision": 0.7889908256880734,
                "recall": 0.4226044226044226,
                "f1-score": 0.5504,
                "support": 407.0
            },
            "accuracy": 0.8595,
            "macro avg": {
                "precision": 0.8285582635735541,
                "recall": 0.6968640443216715,
                "f1-score": 0.7335703703703704,
                "support": 2000.0
            },
            "weighted avg": {
                "precision": 0.8520217542396442,
                "recall": 0.8595,
                "f1-score": 0.8421904000000001,
                "support": 2000.0
            },
            "cross-entropy": 0.3388858935295788,
            "roc-auc": 0.8610135559288101,
            "score": 0.8595
        }
    }
}