{
    "function": "bin.model.main",
    "gpus": [
        "NVIDIA A100-SXM4-80GB"
    ],
    "config": {
        "seed": 6,
        "batch_size": 256,
        "patience": 16,
        "n_epochs": -1,
        "gradient_clipping_norm": 1.0,
        "amp": true,
        "data": {
            "cache": true,
            "path": "data/regression-num-medium-1-MiamiHousing2016",
            "num_policy": "noisy-quantile"
        },
        "optimizer": {
            "type": "AdamW",
            "lr": 0.0016697987934630217,
            "weight_decay": 0.05670455211632811
        },
        "model": {
            "arch_type": "tabm-packed",
            "k": 32,
            "share_training_batches": false,
            "backbone": {
                "type": "MLP",
                "n_blocks": 5,
                "d_block": 64,
                "dropout": 0.044050814103255606
            }
        }
    },
    "n_parameters": 563232,
    "prediction_type": "labels",
    "epoch_size": 39,
    "best_step": 4485,
    "metrics": {
        "train": {
            "rmse": 0.11272634462423682,
            "mae": 0.08060235530138016,
            "r2": 0.9609857910659708,
            "score": -0.11272634462423682
        },
        "val": {
            "rmse": 0.1395762663862373,
            "mae": 0.09560294449329376,
            "r2": 0.9344197554108941,
            "score": -0.1395762663862373
        },
        "test": {
            "rmse": 0.1504123411972202,
            "mae": 0.10156699270009995,
            "r2": 0.9297350654257683,
            "score": -0.1504123411972202
        }
    },
    "time": "0:00:21.193343",
    "chunk_size": null,
    "eval_batch_size": 32768
}