{
    "function": "bin.model.main",
    "gpus": [
        "NVIDIA A100-SXM4-40GB"
    ],
    "config": {
        "seed": 8,
        "batch_size": 32,
        "patience": 16,
        "n_epochs": -1,
        "gradient_clipping_norm": 1.0,
        "amp": true,
        "data": {
            "cache": true,
            "path": "data/classif-num-medium-2-phoneme",
            "num_policy": "noisy-quantile"
        },
        "optimizer": {
            "type": "AdamW",
            "lr": 0.0036154240067241125,
            "weight_decay": 0.0004925670048546483
        },
        "model": {
            "arch_type": "tabm-mini",
            "k": 32,
            "backbone": {
                "type": "MLP",
                "n_blocks": 3,
                "d_block": 704,
                "dropout": 0.0
            },
            "num_embeddings": {
                "type": "PiecewiseLinearEmbeddingsV2",
                "d_embedding": 16
            }
        },
        "bins": {
            "n_bins": 101
        }
    },
    "n_parameters": 1105584,
    "prediction_type": "probs",
    "epoch_size": 70,
    "best_step": 2310,
    "metrics": {
        "train": {
            "0": {
                "precision": 0.9822852081488043,
                "recall": 0.971954425942156,
                "f1-score": 0.9770925110132158,
                "support": 1141.0
            },
            "1": {
                "precision": 0.9706691109074244,
                "recall": 0.9814643188137164,
                "f1-score": 0.976036866359447,
                "support": 1079.0
            },
            "accuracy": 0.9765765765765766,
            "macro avg": {
                "precision": 0.9764771595281143,
                "recall": 0.9767093723779362,
                "f1-score": 0.9765646886863314,
                "support": 2220.0
            },
            "weighted avg": {
                "precision": 0.9766393662913947,
                "recall": 0.9765765765765766,
                "f1-score": 0.9765794296702355,
                "support": 2220.0
            },
            "cross-entropy": 0.0737756167685038,
            "roc-auc": 0.9985281921862601,
            "score": 0.9765765765765766
        },
        "val": {
            "0": {
                "precision": 0.9097744360902256,
                "recall": 0.8832116788321168,
                "f1-score": 0.8962962962962964,
                "support": 137.0
            },
            "1": {
                "precision": 0.8947368421052632,
                "recall": 0.918918918918919,
                "f1-score": 0.9066666666666667,
                "support": 148.0
            },
            "accuracy": 0.9017543859649123,
            "macro avg": {
                "precision": 0.9022556390977443,
                "recall": 0.9010652988755179,
                "f1-score": 0.9014814814814816,
                "support": 285.0
            },
            "weighted avg": {
                "precision": 0.9019654399155785,
                "recall": 0.9017543859649123,
                "f1-score": 0.9016816114359975,
                "support": 285.0
            },
            "cross-entropy": 0.29591908057168015,
            "roc-auc": 0.9509765239692247,
            "score": 0.9017543859649123
        },
        "test": {
            "0": {
                "precision": 0.8737864077669902,
                "recall": 0.8766233766233766,
                "f1-score": 0.8752025931928687,
                "support": 308.0
            },
            "1": {
                "precision": 0.8938547486033519,
                "recall": 0.8913649025069638,
                "f1-score": 0.8926080892608089,
                "support": 359.0
            },
            "accuracy": 0.8845577211394303,
            "macro avg": {
                "precision": 0.8838205781851711,
                "recall": 0.8839941395651703,
                "f1-score": 0.8839053412268388,
                "support": 667.0
            },
            "weighted avg": {
                "precision": 0.8845878086069511,
                "recall": 0.8845577211394303,
                "f1-score": 0.8845707687376821,
                "support": 667.0
            },
            "cross-entropy": 0.3430624153215756,
            "roc-auc": 0.9510816481568571,
            "score": 0.8845577211394303
        }
    },
    "time": "0:00:10.965992",
    "chunk_size": null,
    "eval_batch_size": 32768
}