{
    "function": "bin.model.main",
    "gpus": [
        "NVIDIA A100-SXM4-80GB"
    ],
    "config": {
        "seed": 10,
        "batch_size": 1024,
        "patience": 16,
        "n_epochs": -1,
        "gradient_clipping_norm": 1.0,
        "amp": true,
        "data": {
            "cache": true,
            "path": "data/ecom-offers",
            "num_policy": "noisy-quantile"
        },
        "optimizer": {
            "type": "AdamW",
            "lr": 0.00024262819114537424,
            "weight_decay": 0.0001501852317298042
        },
        "model": {
            "arch_type": "tabm",
            "k": 32,
            "share_training_batches": false,
            "backbone": {
                "type": "MLP",
                "n_blocks": 1,
                "d_block": 960,
                "dropout": 0.0
            },
            "num_embeddings": {
                "type": "PiecewiseLinearEmbeddingsV2",
                "d_embedding": 16
            }
        },
        "bins": {
            "n_bins": 47
        }
    },
    "n_parameters": 1867072,
    "prediction_type": "probs",
    "epoch_size": 107,
    "best_step": 321,
    "metrics": {
        "train": {
            "0": {
                "precision": 0.7866374777737415,
                "recall": 0.9775240855795388,
                "f1-score": 0.8717535821172233,
                "support": 84179.0
            },
            "1": {
                "precision": 0.6004223864836326,
                "recall": 0.11298783880454653,
                "f1-score": 0.1901863063183597,
                "support": 25162.0
            },
            "accuracy": 0.7785734536907473,
            "macro avg": {
                "precision": 0.693529932128687,
                "recall": 0.5452559621920426,
                "f1-score": 0.5309699442177915,
                "support": 109341.0
            },
            "weighted avg": {
                "precision": 0.7437848961525589,
                "recall": 0.7785734536907473,
                "f1-score": 0.7149085213106549,
                "support": 109341.0
            },
            "cross-entropy": 0.491844184689702,
            "roc-auc": 0.7002708734951417,
            "score": 0.7002708734951417
        },
        "val": {
            "0": {
                "precision": 0.6785977180714022,
                "recall": 0.9505090862224513,
                "f1-score": 0.7918612766414345,
                "support": 15518.0
            },
            "1": {
                "precision": 0.6958415841584158,
                "recall": 0.20096076861489193,
                "f1-score": 0.3118565850195243,
                "support": 8743.0
            },
            "accuracy": 0.680392399324018,
            "macro avg": {
                "precision": 0.687219651114909,
                "recall": 0.5757349274186716,
                "f1-score": 0.5518589308304793,
                "support": 24261.0
            },
            "weighted avg": {
                "precision": 0.6848119351769938,
                "recall": 0.680392399324018,
                "f1-score": 0.6188807309569877,
                "support": 24261.0
            },
            "cross-entropy": 0.7117541326395991,
            "roc-auc": 0.6185408105911386,
            "score": 0.6185408105911386
        },
        "test": {
            "0": {
                "precision": 0.658979175826372,
                "recall": 0.9742938186975535,
                "f1-score": 0.7861996614291505,
                "support": 16922.0
            },
            "1": {
                "precision": 0.697075208913649,
                "recall": 0.10500367145704395,
                "f1-score": 0.18251435864709636,
                "support": 9533.0
            },
            "accuracy": 0.661047061047061,
            "macro avg": {
                "precision": 0.6780271923700105,
                "recall": 0.5396487450772988,
                "f1-score": 0.4843570100381235,
                "support": 26455.0
            },
            "weighted avg": {
                "precision": 0.6727069960275066,
                "recall": 0.661047061047061,
                "f1-score": 0.5686630146167778,
                "support": 26455.0
            },
            "cross-entropy": 0.7923667446158499,
            "roc-auc": 0.5877964975711923,
            "score": 0.5877964975711923
        }
    },
    "time": "0:00:41.614570",
    "chunk_size": null,
    "eval_batch_size": 32768
}