{
    "function": "bin.model.main",
    "gpus": [
        "NVIDIA A100-SXM4-40GB"
    ],
    "config": {
        "seed": 1,
        "batch_size": 128,
        "patience": 16,
        "n_epochs": -1,
        "gradient_clipping_norm": 1.0,
        "amp": true,
        "data": {
            "cache": true,
            "path": "data/regression-num-medium-2-isolet",
            "num_policy": "noisy-quantile"
        },
        "optimizer": {
            "type": "AdamW",
            "lr": 0.00019884284564764364,
            "weight_decay": 0.0
        },
        "model": {
            "arch_type": "plain",
            "backbone": {
                "type": "MLP",
                "n_blocks": 3,
                "d_block": 832,
                "dropout": 0.0
            },
            "num_embeddings": {
                "type": "PeriodicEmbeddings",
                "n_frequencies": 92,
                "d_embedding": 32,
                "frequency_init_scale": 0.03605442709471967,
                "lite": false
            }
        }
    },
    "n_parameters": 21393645,
    "prediction_type": "labels",
    "epoch_size": 43,
    "best_step": 860,
    "metrics": {
        "train": {
            "rmse": 0.3399629931786062,
            "mae": 0.2611943781375885,
            "r2": 0.997953296678356,
            "score": -0.3399629931786062
        },
        "val": {
            "rmse": 2.402955016237007,
            "mae": 1.0468754768371582,
            "r2": 0.8947054655774735,
            "score": -2.402955016237007
        },
        "test": {
            "rmse": 2.075451500730568,
            "mae": 0.9487875699996948,
            "r2": 0.9232522737722788,
            "score": -2.075451500730568
        }
    },
    "time": "0:00:18.723178",
    "chunk_size": null,
    "eval_batch_size": 32768
}