{
    "function": "bin.model.main",
    "gpus": [
        "NVIDIA A100-SXM4-80GB"
    ],
    "config": {
        "seed": 8,
        "batch_size": 512,
        "patience": 16,
        "n_epochs": -1,
        "gradient_clipping_norm": 1.0,
        "amp": true,
        "data": {
            "cache": true,
            "path": "data/regression-cat-large-0-nyc-taxi-green-dec-2016",
            "num_policy": "noisy-quantile",
            "cat_policy": "ordinal"
        },
        "optimizer": {
            "type": "AdamW",
            "lr": 0.00017828557525718816,
            "weight_decay": 0.0
        },
        "model": {
            "arch_type": "tabm",
            "k": 32,
            "share_training_batches": false,
            "backbone": {
                "type": "MLP",
                "n_blocks": 3,
                "d_block": 784,
                "dropout": 0.0908839334538931
            },
            "num_embeddings": {
                "type": "PiecewiseLinearEmbeddings",
                "d_embedding": 16
            }
        },
        "bins": {
            "n_bins": 118
        }
    },
    "n_parameters": 1603408,
    "prediction_type": "labels",
    "epoch_size": 98,
    "best_step": 10682,
    "metrics": {
        "train": {
            "rmse": 0.38222275285181895,
            "mae": 0.2344115972518921,
            "r2": 0.5878753886677546,
            "score": -0.38222275285181895
        },
        "val": {
            "rmse": 0.3864549835484898,
            "mae": 0.23760901391506195,
            "r2": 0.5822446180413333,
            "score": -0.3864549835484898
        },
        "test": {
            "rmse": 0.38824959439774137,
            "mae": 0.23764769732952118,
            "r2": 0.5766733065131131,
            "score": -0.38824959439774137
        }
    },
    "time": "0:02:01.242015",
    "chunk_size": null,
    "eval_batch_size": 32768
}