{
    "function": "bin.ensemble.main",
    "config": {
        "seeds": [
            10,
            11,
            12,
            13,
            14
        ],
        "data": {
            "path": "data/sberbank-housing"
        }
    },
    "single_model_function": "bin.model.main",
    "prediction_type": "labels",
    "metrics": {
        "train": {
            "rmse": 0.24863982479158708,
            "mae": 0.13094735145568848,
            "r2": 0.6050380943282039,
            "score": -0.24863982479158708
        },
        "val": {
            "rmse": 0.24392382341574,
            "mae": 0.13497506082057953,
            "r2": 0.6025708639948506,
            "score": -0.24392382341574
        },
        "test": {
            "rmse": 0.25320696269054555,
            "mae": 0.1659339815378189,
            "r2": 0.5618822249665936,
            "score": -0.25320696269054555
        }
    }
}