{
    "function": "bin.model.main",
    "gpus": [
        "NVIDIA A100-SXM4-40GB"
    ],
    "config": {
        "seed": 14,
        "batch_size": 256,
        "patience": 16,
        "n_epochs": -1,
        "gradient_clipping_norm": 1.0,
        "amp": true,
        "data": {
            "cache": true,
            "path": "data/regression-cat-medium-1-Brazilian_houses",
            "num_policy": "noisy-quantile",
            "cat_policy": "ordinal"
        },
        "optimizer": {
            "type": "AdamW",
            "lr": 0.0014066700416819461,
            "weight_decay": 0.027066359932421184
        },
        "model": {
            "arch_type": "tabm-mini",
            "k": 32,
            "backbone": {
                "type": "MLP",
                "n_blocks": 2,
                "d_block": 64,
                "dropout": 0.0
            }
        }
    },
    "n_parameters": 7936,
    "prediction_type": "labels",
    "epoch_size": 30,
    "best_step": 4290,
    "metrics": {
        "train": {
            "rmse": 0.042188351178854354,
            "mae": 0.013767748139798641,
            "r2": 0.9972474134180345,
            "score": -0.042188351178854354
        },
        "val": {
            "rmse": 0.02405330189551505,
            "mae": 0.012823578901588917,
            "r2": 0.9990660184842645,
            "score": -0.02405330189551505
        },
        "test": {
            "rmse": 0.03347268669956392,
            "mae": 0.013065309263765812,
            "r2": 0.9981744318661046,
            "score": -0.03347268669956392
        }
    },
    "time": "0:00:11.243673",
    "chunk_size": null,
    "eval_batch_size": 32768
}