{
    "function": "bin.model.main",
    "gpus": [
        "NVIDIA A100-SXM4-80GB"
    ],
    "config": {
        "seed": 7,
        "batch_size": 64,
        "patience": 16,
        "n_epochs": -1,
        "gradient_clipping_norm": 1.0,
        "amp": true,
        "data": {
            "cache": true,
            "path": "data/regression-cat-medium-1-analcatdata_supreme",
            "num_policy": "noisy-quantile"
        },
        "optimizer": {
            "type": "AdamW",
            "lr": 0.00020475599635995446,
            "weight_decay": 0.0
        },
        "model": {
            "arch_type": "tabm",
            "k": 32,
            "backbone": {
                "type": "MLP",
                "n_blocks": 5,
                "d_block": 64,
                "dropout": 0.0
            }
        }
    },
    "n_parameters": 48288,
    "prediction_type": "labels",
    "epoch_size": 45,
    "best_step": 2745,
    "metrics": {
        "train": {
            "rmse": 0.07771931159652899,
            "mae": 0.017277512699365616,
            "r2": 0.9800778094337176,
            "score": -0.07771931159652899
        },
        "val": {
            "rmse": 0.0458057893930869,
            "mae": 0.01383712887763977,
            "r2": 0.9930392810873214,
            "score": -0.0458057893930869
        },
        "test": {
            "rmse": 0.08625581159396649,
            "mae": 0.02011612243950367,
            "r2": 0.9749998147343748,
            "score": -0.08625581159396649
        }
    },
    "time": "0:00:12.743150",
    "chunk_size": null,
    "eval_batch_size": 32768
}