{
    "function": "bin.model.main",
    "gpus": [
        "NVIDIA A100-SXM4-40GB"
    ],
    "config": {
        "seed": 14,
        "batch_size": 256,
        "patience": 16,
        "n_epochs": -1,
        "gradient_clipping_norm": 1.0,
        "amp": true,
        "data": {
            "cache": true,
            "path": "data/classif-num-medium-0-MagicTelescope",
            "num_policy": "noisy-quantile"
        },
        "optimizer": {
            "type": "AdamW",
            "lr": 0.0004069201807814732,
            "weight_decay": 0.0
        },
        "model": {
            "arch_type": "plain",
            "backbone": {
                "type": "MLP",
                "n_blocks": 3,
                "d_block": 352,
                "dropout": 0.4869264217831687
            }
        }
    },
    "n_parameters": 253090,
    "prediction_type": "probs",
    "epoch_size": 37,
    "best_step": 2405,
    "metrics": {
        "train": {
            "0": {
                "precision": 0.8423371647509579,
                "recall": 0.9327535002121341,
                "f1-score": 0.8852426011677069,
                "support": 4714.0
            },
            "1": {
                "precision": 0.923485397055274,
                "recall": 0.8229726822972683,
                "f1-score": 0.870336669699727,
                "support": 4649.0
            },
            "accuracy": 0.8782441525152195,
            "macro avg": {
                "precision": 0.8829112809031159,
                "recall": 0.8778630912547012,
                "f1-score": 0.8777896354337169,
                "support": 9363.0
            },
            "weighted avg": {
                "precision": 0.8826296064878761,
                "recall": 0.8782441525152195,
                "f1-score": 0.8778413755568303,
                "support": 9363.0
            },
            "cross-entropy": 0.28199587593818637,
            "roc-auc": 0.9515018809159921,
            "score": 0.8782441525152195
        },
        "val": {
            "0": {
                "precision": 0.8233486943164362,
                "recall": 0.9225473321858864,
                "f1-score": 0.87012987012987,
                "support": 581.0
            },
            "1": {
                "precision": 0.9184782608695652,
                "recall": 0.815112540192926,
                "f1-score": 0.8637137989778534,
                "support": 622.0
            },
            "accuracy": 0.8669991687448046,
            "macro avg": {
                "precision": 0.8709134775930008,
                "recall": 0.8688299361894062,
                "f1-score": 0.8669218345538616,
                "support": 1203.0
            },
            "weighted avg": {
                "precision": 0.8725345549947787,
                "recall": 0.8669991687448046,
                "f1-score": 0.8668125000080459,
                "support": 1203.0
            },
            "cross-entropy": 0.3123849942409249,
            "roc-auc": 0.9367137820920799,
            "score": 0.8669991687448046
        },
        "test": {
            "0": {
                "precision": 0.8107416879795396,
                "recall": 0.9102656137832017,
                "f1-score": 0.8576259722691917,
                "support": 1393.0
            },
            "1": {
                "precision": 0.8996789727126806,
                "recall": 0.7911079745942131,
                "f1-score": 0.8419076229815997,
                "support": 1417.0
            },
            "accuracy": 0.8501779359430605,
            "macro avg": {
                "precision": 0.85521033034611,
                "recall": 0.8506867941887074,
                "f1-score": 0.8497667976253958,
                "support": 2810.0
            },
            "weighted avg": {
                "precision": 0.8555901336972837,
                "recall": 0.8501779359430605,
                "f1-score": 0.8496996730021034,
                "support": 2810.0
            },
            "cross-entropy": 0.33820404456690906,
            "roc-auc": 0.9277479240136564,
            "score": 0.8501779359430605
        }
    },
    "time": "0:00:18.206467",
    "chunk_size": null,
    "eval_batch_size": 32768
}