{
    "function": "bin.model.main",
    "gpus": [
        "NVIDIA A100-SXM4-40GB"
    ],
    "config": {
        "seed": 8,
        "batch_size": 128,
        "patience": 16,
        "n_epochs": -1,
        "gradient_clipping_norm": 1.0,
        "amp": true,
        "data": {
            "cache": true,
            "path": "data/regression-num-medium-2-wine_quality",
            "num_policy": "noisy-quantile"
        },
        "optimizer": {
            "type": "AdamW",
            "lr": 0.0002935622545531961,
            "weight_decay": 0.0
        },
        "model": {
            "arch_type": "plain",
            "backbone": {
                "type": "MLP",
                "n_blocks": 3,
                "d_block": 912,
                "dropout": 0.4981726258309849
            },
            "num_embeddings": {
                "type": "PeriodicEmbeddings",
                "n_frequencies": 64,
                "d_embedding": 28,
                "frequency_init_scale": 0.5013508033294053,
                "lite": true
            }
        }
    },
    "n_parameters": 1952349,
    "prediction_type": "labels",
    "epoch_size": 36,
    "best_step": 2772,
    "metrics": {
        "train": {
            "rmse": 0.10654822021045791,
            "mae": 0.07127479463815689,
            "r2": 0.985265593606257,
            "score": -0.10654822021045791
        },
        "val": {
            "rmse": 0.6129620201097292,
            "mae": 0.41909053921699524,
            "r2": 0.49687511885532976,
            "score": -0.6129620201097292
        },
        "test": {
            "rmse": 0.6616489756434769,
            "mae": 0.4444137513637543,
            "r2": 0.4086419887545236,
            "score": -0.6616489756434769
        }
    },
    "time": "0:00:23.936558",
    "chunk_size": null,
    "eval_batch_size": 32768
}