{
    "function": "bin.model.main",
    "gpus": [
        "NVIDIA A100-SXM4-40GB"
    ],
    "config": {
        "seed": 11,
        "batch_size": 64,
        "patience": 16,
        "n_epochs": -1,
        "gradient_clipping_norm": 1.0,
        "amp": true,
        "data": {
            "cache": true,
            "path": "data/regression-cat-medium-2-analcatdata_supreme",
            "num_policy": "noisy-quantile"
        },
        "optimizer": {
            "type": "AdamW",
            "lr": 0.001948440238502369,
            "weight_decay": 0.00023368204532678473
        },
        "model": {
            "arch_type": "tabm-mini",
            "k": 32,
            "backbone": {
                "type": "MLP",
                "n_blocks": 4,
                "d_block": 688,
                "dropout": 0.0
            }
        }
    },
    "n_parameters": 1453472,
    "prediction_type": "labels",
    "epoch_size": 45,
    "best_step": 4230,
    "metrics": {
        "train": {
            "rmse": 0.05658827203761569,
            "mae": 0.018603140488266945,
            "r2": 0.9892630003972567,
            "score": -0.05658827203761569
        },
        "val": {
            "rmse": 0.09896765892943872,
            "mae": 0.0280495323240757,
            "r2": 0.9742602313986183,
            "score": -0.09896765892943872
        },
        "test": {
            "rmse": 0.07873252153855177,
            "mae": 0.022336207330226898,
            "r2": 0.9776699132712904,
            "score": -0.07873252153855177
        }
    },
    "time": "0:00:14.725598",
    "chunk_size": null,
    "eval_batch_size": 32768
}