{
    "function": "bin.ensemble.main",
    "config": {
        "seeds": [
            10,
            11,
            12,
            13,
            14
        ],
        "data": {
            "path": "data/regression-cat-medium-2-Mercedes_Benz_Greener_Manufacturing"
        }
    },
    "single_model_function": "bin.model.main",
    "prediction_type": "labels",
    "metrics": {
        "train": {
            "rmse": 7.971414756274618,
            "mae": 4.95235538482666,
            "r2": 0.6011600660316327,
            "score": -7.971414756274618
        },
        "val": {
            "rmse": 9.473714905404675,
            "mae": 5.888917446136475,
            "r2": 0.5108118625219349,
            "score": -9.473714905404675
        },
        "test": {
            "rmse": 7.935288489132687,
            "mae": 5.369123935699463,
            "r2": 0.5950129994119439,
            "score": -7.935288489132687
        }
    }
}