{
    "function": "bin.model.main",
    "gpus": [
        "NVIDIA A100-SXM4-40GB"
    ],
    "config": {
        "seed": 11,
        "batch_size": 32,
        "patience": 16,
        "n_epochs": -1,
        "gradient_clipping_norm": 1.0,
        "amp": true,
        "data": {
            "cache": true,
            "path": "data/classif-num-medium-0-wine",
            "num_policy": "noisy-quantile"
        },
        "optimizer": {
            "type": "AdamW",
            "lr": 0.0009809816433038257,
            "weight_decay": 0.0027791095740040458
        },
        "model": {
            "arch_type": "plain",
            "backbone": {
                "type": "MLP",
                "n_blocks": 5,
                "d_block": 880,
                "dropout": 0.0
            },
            "num_embeddings": {
                "type": "PeriodicEmbeddings",
                "n_frequencies": 76,
                "d_embedding": 16,
                "frequency_init_scale": 0.016649527349874765,
                "lite": true
            }
        }
    },
    "n_parameters": 3261926,
    "prediction_type": "probs",
    "epoch_size": 56,
    "best_step": 2800,
    "metrics": {
        "train": {
            "0": {
                "precision": 0.9965675057208238,
                "recall": 0.9720982142857143,
                "f1-score": 0.984180790960452,
                "support": 896.0
            },
            "1": {
                "precision": 0.9726177437020811,
                "recall": 0.9966329966329966,
                "f1-score": 0.9844789356984479,
                "support": 891.0
            },
            "accuracy": 0.9843312814773363,
            "macro avg": {
                "precision": 0.9845926247114525,
                "recall": 0.9843656054593555,
                "f1-score": 0.9843298633294499,
                "support": 1787.0
            },
            "weighted avg": {
                "precision": 0.9846261302542877,
                "recall": 0.9843312814773363,
                "f1-score": 0.9843294462271305,
                "support": 1787.0
            },
            "cross-entropy": 0.039835676954982996,
            "roc-auc": 0.9990098154160654,
            "score": 0.9843312814773363
        },
        "val": {
            "0": {
                "precision": 0.8785046728971962,
                "recall": 0.8623853211009175,
                "f1-score": 0.8703703703703703,
                "support": 109.0
            },
            "1": {
                "precision": 0.8780487804878049,
                "recall": 0.8925619834710744,
                "f1-score": 0.8852459016393442,
                "support": 121.0
            },
            "accuracy": 0.8782608695652174,
            "macro avg": {
                "precision": 0.8782767266925006,
                "recall": 0.8774736522859959,
                "f1-score": 0.8778081360048573,
                "support": 230.0
            },
            "weighted avg": {
                "precision": 0.8782648338470382,
                "recall": 0.8782608695652174,
                "f1-score": 0.8781961933423088,
                "support": 230.0
            },
            "cross-entropy": 1.1509705129158831,
            "roc-auc": 0.896466752596861,
            "score": 0.8782608695652174
        },
        "test": {
            "0": {
                "precision": 0.8284518828451883,
                "recall": 0.7279411764705882,
                "f1-score": 0.7749510763209394,
                "support": 272.0
            },
            "1": {
                "precision": 0.7516778523489933,
                "recall": 0.8452830188679246,
                "f1-score": 0.7957371225577266,
                "support": 265.0
            },
            "accuracy": 0.7858472998137802,
            "macro avg": {
                "precision": 0.7900648675970908,
                "recall": 0.7866120976692563,
                "f1-score": 0.785344099439333,
                "support": 537.0
            },
            "weighted avg": {
                "precision": 0.7905652569951107,
                "recall": 0.7858472998137802,
                "f1-score": 0.7852086224154433,
                "support": 537.0
            },
            "cross-entropy": 1.752885358963434,
            "roc-auc": 0.8437430632630412,
            "score": 0.7858472998137802
        }
    },
    "time": "0:00:13.061990",
    "chunk_size": null,
    "eval_batch_size": 32768
}