{
    "function": "bin.model.main",
    "gpus": [
        "NVIDIA A100-SXM4-40GB"
    ],
    "config": {
        "seed": 9,
        "batch_size": 64,
        "patience": 16,
        "n_epochs": -1,
        "gradient_clipping_norm": 1.0,
        "amp": true,
        "data": {
            "cache": true,
            "path": "data/classif-cat-medium-1-KDDCup09_upselling",
            "num_policy": "noisy-quantile",
            "cat_policy": "ordinal"
        },
        "optimizer": {
            "type": "AdamW",
            "lr": 0.0002865120072746809,
            "weight_decay": 0.0
        },
        "model": {
            "arch_type": "plain",
            "backbone": {
                "type": "MLP",
                "n_blocks": 5,
                "d_block": 752,
                "dropout": 0.40222970045126344
            },
            "num_embeddings": {
                "type": "PiecewiseLinearEmbeddings",
                "d_embedding": 28
            }
        },
        "bins": {
            "n_bins": 9
        }
    },
    "n_parameters": 3046298,
    "prediction_type": "probs",
    "epoch_size": 57,
    "best_step": 342,
    "metrics": {
        "train": {
            "0": {
                "precision": 0.7248743718592965,
                "recall": 0.9686625629546727,
                "f1-score": 0.8292215568862276,
                "support": 1787.0
            },
            "1": {
                "precision": 0.9533721898417985,
                "recall": 0.6354051054384018,
                "f1-score": 0.7625707625707626,
                "support": 1802.0
            },
            "accuracy": 0.8013374198941209,
            "macro avg": {
                "precision": 0.8391232808505475,
                "recall": 0.8020338341965372,
                "f1-score": 0.795896159728495,
                "support": 3589.0
            },
            "weighted avg": {
                "precision": 0.8396007769873178,
                "recall": 0.8013374198941209,
                "f1-score": 0.7957568783249381,
                "support": 3589.0
            },
            "cross-entropy": 0.3633384231242553,
            "roc-auc": 0.910956830283084,
            "score": 0.8013374198941209
        },
        "val": {
            "0": {
                "precision": 0.7516339869281046,
                "recall": 0.9745762711864406,
                "f1-score": 0.8487084870848708,
                "support": 236.0
            },
            "1": {
                "precision": 0.9612903225806452,
                "recall": 0.6622222222222223,
                "f1-score": 0.7842105263157895,
                "support": 225.0
            },
            "accuracy": 0.8221258134490239,
            "macro avg": {
                "precision": 0.8564621547543749,
                "recall": 0.8183992467043315,
                "f1-score": 0.8164595067003302,
                "support": 461.0
            },
            "weighted avg": {
                "precision": 0.8539608318778262,
                "recall": 0.8221258134490239,
                "f1-score": 0.8172290051476836,
                "support": 461.0
            },
            "cross-entropy": 0.34640618163803494,
            "roc-auc": 0.9119774011299434,
            "score": 0.8221258134490239
        },
        "test": {
            "0": {
                "precision": 0.7307692307692307,
                "recall": 0.9482439926062847,
                "f1-score": 0.825422365245374,
                "support": 541.0
            },
            "1": {
                "precision": 0.925531914893617,
                "recall": 0.6480446927374302,
                "f1-score": 0.7623220153340635,
                "support": 537.0
            },
            "accuracy": 0.7987012987012987,
            "macro avg": {
                "precision": 0.8281505728314238,
                "recall": 0.7981443426718574,
                "f1-score": 0.7938721902897188,
                "support": 1078.0
            },
            "weighted avg": {
                "precision": 0.8277892320445511,
                "recall": 0.7987012987012987,
                "f1-score": 0.793989259584545,
                "support": 1078.0
            },
            "cross-entropy": 0.3968451058899207,
            "roc-auc": 0.8864902914459394,
            "score": 0.7987012987012987
        }
    },
    "time": "0:00:05.420993",
    "chunk_size": null,
    "eval_batch_size": 32768
}