{
    "function": "bin.model.main",
    "gpus": [
        "NVIDIA A100-SXM4-40GB"
    ],
    "config": {
        "seed": 2,
        "batch_size": 256,
        "patience": 16,
        "n_epochs": -1,
        "gradient_clipping_norm": 1.0,
        "amp": true,
        "data": {
            "cache": true,
            "path": "data/regression-cat-medium-0-Brazilian_houses",
            "num_policy": "noisy-quantile",
            "cat_policy": "ordinal"
        },
        "optimizer": {
            "type": "AdamW",
            "lr": 0.0003401343595252545,
            "weight_decay": 0.0
        },
        "model": {
            "arch_type": "plain",
            "backbone": {
                "type": "MLP",
                "n_blocks": 3,
                "d_block": 864,
                "dropout": 0.0
            },
            "num_embeddings": {
                "type": "PeriodicEmbeddings",
                "n_frequencies": 60,
                "d_embedding": 24,
                "frequency_init_scale": 0.024318701439302298,
                "lite": false
            }
        }
    },
    "n_parameters": 1693825,
    "prediction_type": "labels",
    "epoch_size": 30,
    "best_step": 1620,
    "metrics": {
        "train": {
            "rmse": 0.03423996956824966,
            "mae": 0.013080841861665249,
            "r2": 0.9981789223794757,
            "score": -0.03423996956824966
        },
        "val": {
            "rmse": 0.07563879779290321,
            "mae": 0.015940910205245018,
            "r2": 0.9911343106733397,
            "score": -0.07563879779290321
        },
        "test": {
            "rmse": 0.022398309365156487,
            "mae": 0.012990766204893589,
            "r2": 0.9991791908438694,
            "score": -0.022398309365156487
        }
    },
    "time": "0:00:07.531240",
    "chunk_size": null,
    "eval_batch_size": 32768
}