{
    "function": "bin.model.main",
    "gpus": [
        "NVIDIA A100-SXM4-40GB"
    ],
    "config": {
        "seed": 6,
        "batch_size": 64,
        "patience": 16,
        "n_epochs": -1,
        "gradient_clipping_norm": 1.0,
        "amp": true,
        "data": {
            "cache": true,
            "path": "data/regression-cat-medium-4-analcatdata_supreme",
            "num_policy": "noisy-quantile"
        },
        "optimizer": {
            "type": "AdamW",
            "lr": 0.0001682457241983532,
            "weight_decay": 0.0021683836570570146
        },
        "model": {
            "arch_type": "plain",
            "backbone": {
                "type": "MLP",
                "n_blocks": 2,
                "d_block": 384,
                "dropout": 0.0
            },
            "num_embeddings": {
                "type": "PeriodicEmbeddings",
                "n_frequencies": 60,
                "d_embedding": 16,
                "frequency_init_scale": 2.2496875167103,
                "lite": true
            }
        }
    },
    "n_parameters": 166793,
    "prediction_type": "labels",
    "epoch_size": 45,
    "best_step": 2745,
    "metrics": {
        "train": {
            "rmse": 0.04563995890962231,
            "mae": 0.01597234234213829,
            "r2": 0.9927984788372399,
            "score": -0.04563995890962231
        },
        "val": {
            "rmse": 0.05641861889937405,
            "mae": 0.018769316375255585,
            "r2": 0.991742237840412,
            "score": -0.05641861889937405
        },
        "test": {
            "rmse": 0.08293977361195173,
            "mae": 0.02134743705391884,
            "r2": 0.9776439857258779,
            "score": -0.08293977361195173
        }
    },
    "time": "0:00:08.911043",
    "chunk_size": null,
    "eval_batch_size": 32768
}