{
    "function": "bin.model.main",
    "gpus": [
        "NVIDIA A100-SXM4-80GB"
    ],
    "config": {
        "seed": 13,
        "batch_size": 128,
        "patience": 16,
        "n_epochs": -1,
        "gradient_clipping_norm": 1.0,
        "amp": true,
        "data": {
            "cache": true,
            "path": "data/regression-num-medium-2-isolet",
            "num_policy": "noisy-quantile"
        },
        "optimizer": {
            "type": "AdamW",
            "lr": 0.002807076302820873,
            "weight_decay": 0.057949928008660924
        },
        "model": {
            "arch_type": "tabm-mini",
            "k": 32,
            "share_training_batches": false,
            "backbone": {
                "type": "MLP",
                "n_blocks": 2,
                "d_block": 992,
                "dropout": 0.2746271451837254
            }
        }
    },
    "n_parameters": 1645536,
    "prediction_type": "labels",
    "epoch_size": 43,
    "best_step": 8858,
    "metrics": {
        "train": {
            "rmse": 0.13509321479285433,
            "mae": 0.10157990455627441,
            "r2": 0.9996768094572059,
            "score": -0.13509321479285433
        },
        "val": {
            "rmse": 2.3255514987975583,
            "mae": 0.9123433232307434,
            "r2": 0.9013796649582918,
            "score": -2.3255514987975583
        },
        "test": {
            "rmse": 2.038056691887079,
            "mae": 0.8194763660430908,
            "r2": 0.9259929894709903,
            "score": -2.038056691887079
        }
    },
    "time": "0:00:20.718490",
    "chunk_size": null,
    "eval_batch_size": 32768
}