{
    "function": "bin.model.main",
    "gpus": [
        "NVIDIA A100-SXM4-40GB"
    ],
    "config": {
        "seed": 1,
        "batch_size": 256,
        "patience": 16,
        "n_epochs": -1,
        "gradient_clipping_norm": 1.0,
        "amp": true,
        "data": {
            "cache": true,
            "path": "data/regression-cat-medium-0-OnlineNewsPopularity",
            "num_policy": "noisy-quantile"
        },
        "optimizer": {
            "type": "AdamW",
            "lr": 0.0005581032706012593,
            "weight_decay": 0.0
        },
        "model": {
            "arch_type": "tabm",
            "k": 32,
            "backbone": {
                "type": "MLP",
                "n_blocks": 2,
                "d_block": 224,
                "dropout": 0.22636245439818647
            }
        }
    },
    "n_parameters": 111904,
    "prediction_type": "labels",
    "epoch_size": 40,
    "best_step": 3320,
    "metrics": {
        "train": {
            "rmse": 0.7963624689747609,
            "mae": 0.5848926901817322,
            "r2": 0.2674716576545505,
            "score": -0.7963624689747609
        },
        "val": {
            "rmse": 0.8434478784002488,
            "mae": 0.6226814985275269,
            "r2": 0.15631138639043085,
            "score": -0.8434478784002488
        },
        "test": {
            "rmse": 0.858801633123827,
            "mae": 0.6289581656455994,
            "r2": 0.15475531320339297,
            "score": -0.858801633123827
        }
    },
    "time": "0:00:48.292128",
    "chunk_size": null,
    "eval_batch_size": 32768
}