{
    "function": "bin.model.main",
    "gpus": [
        "NVIDIA A100-SXM4-80GB"
    ],
    "config": {
        "seed": 11,
        "batch_size": 64,
        "patience": 16,
        "n_epochs": -1,
        "gradient_clipping_norm": 1.0,
        "amp": true,
        "data": {
            "cache": true,
            "path": "data/regression-cat-medium-1-Mercedes_Benz_Greener_Manufacturing",
            "cat_policy": "ordinal"
        },
        "optimizer": {
            "type": "AdamW",
            "lr": 0.0036410876263783232,
            "weight_decay": 0.0
        },
        "model": {
            "arch_type": "tabm-mini",
            "k": 32,
            "backbone": {
                "type": "MLP",
                "n_blocks": 5,
                "d_block": 624,
                "dropout": 0.4013464326301859
            }
        }
    },
    "n_parameters": 2057536,
    "prediction_type": "labels",
    "epoch_size": 47,
    "best_step": 517,
    "metrics": {
        "train": {
            "rmse": 8.392809251457324,
            "mae": 5.245950698852539,
            "r2": 0.5632208359496352,
            "score": -8.392809251457324
        },
        "val": {
            "rmse": 9.229151143792203,
            "mae": 5.831632614135742,
            "r2": 0.5181676954792285,
            "score": -9.229151143792203
        },
        "test": {
            "rmse": 7.7702060749705835,
            "mae": 5.27325439453125,
            "r2": 0.602036274458501,
            "score": -7.7702060749705835
        }
    },
    "time": "0:00:16.419094",
    "chunk_size": null,
    "eval_batch_size": 32768
}