{
    "function": "bin.model.main",
    "gpus": [
        "NVIDIA A100-SXM4-80GB"
    ],
    "config": {
        "seed": 5,
        "batch_size": 256,
        "patience": 16,
        "n_epochs": -1,
        "gradient_clipping_norm": 1.0,
        "amp": true,
        "data": {
            "cache": true,
            "path": "data/classif-num-medium-0-bank-marketing",
            "num_policy": "noisy-quantile"
        },
        "optimizer": {
            "type": "AdamW",
            "lr": 0.0003243608051403057,
            "weight_decay": 0.0
        },
        "model": {
            "arch_type": "tabm",
            "k": 32,
            "backbone": {
                "type": "MLP",
                "n_blocks": 5,
                "d_block": 432,
                "dropout": 0.10853502736795398
            }
        }
    },
    "n_parameters": 970992,
    "prediction_type": "probs",
    "epoch_size": 29,
    "best_step": 1276,
    "metrics": {
        "train": {
            "0": {
                "precision": 0.8192307692307692,
                "recall": 0.7990353697749196,
                "f1-score": 0.8090070537167662,
                "support": 3732.0
            },
            "1": {
                "precision": 0.8007438894792773,
                "recall": 0.8208061002178649,
                "f1-score": 0.8106508875739644,
                "support": 3672.0
            },
            "accuracy": 0.8098325229605619,
            "macro avg": {
                "precision": 0.8099873293550233,
                "recall": 0.8099207349963923,
                "f1-score": 0.8098289706453653,
                "support": 7404.0
            },
            "weighted avg": {
                "precision": 0.8100622356749241,
                "recall": 0.8098325229605619,
                "f1-score": 0.8098223100543718,
                "support": 7404.0
            },
            "cross-entropy": 0.4181107413005386,
            "roc-auc": 0.8885835014606057,
            "score": 0.8098325229605619
        },
        "val": {
            "0": {
                "precision": 0.841726618705036,
                "recall": 0.7697368421052632,
                "f1-score": 0.8041237113402062,
                "support": 456.0
            },
            "1": {
                "precision": 0.8037383177570093,
                "recall": 0.8669354838709677,
                "f1-score": 0.8341416100872939,
                "support": 496.0
            },
            "accuracy": 0.8203781512605042,
            "macro avg": {
                "precision": 0.8227324682310226,
                "recall": 0.8183361629881154,
                "f1-score": 0.8191326607137501,
                "support": 952.0
            },
            "weighted avg": {
                "precision": 0.8219343946816943,
                "recall": 0.8203781512605042,
                "f1-score": 0.819763288838689,
                "support": 952.0
            },
            "cross-entropy": 0.41262570226583223,
            "roc-auc": 0.8902668718166383,
            "score": 0.8203781512605042
        },
        "test": {
            "0": {
                "precision": 0.7931654676258992,
                "recall": 0.8010899182561307,
                "f1-score": 0.7971079981924989,
                "support": 1101.0
            },
            "1": {
                "precision": 0.8027027027027027,
                "recall": 0.7948260481712757,
                "f1-score": 0.7987449574181981,
                "support": 1121.0
            },
            "accuracy": 0.7979297929792979,
            "macro avg": {
                "precision": 0.797934085164301,
                "recall": 0.7979579832137031,
                "f1-score": 0.7979264778053485,
                "support": 2222.0
            },
            "weighted avg": {
                "precision": 0.7979770070143316,
                "recall": 0.7979297929792979,
                "f1-score": 0.7979338448585694,
                "support": 2222.0
            },
            "cross-entropy": 0.44560977495167975,
            "roc-auc": 0.8737154853142184,
            "score": 0.7979297929792979
        }
    },
    "time": "0:00:08.510740",
    "chunk_size": null,
    "eval_batch_size": 32768
}