{
    "function": "bin.model.main",
    "gpus": [
        "NVIDIA A100-SXM4-40GB"
    ],
    "config": {
        "seed": 7,
        "batch_size": 512,
        "patience": 16,
        "n_epochs": -1,
        "gradient_clipping_norm": 1.0,
        "amp": true,
        "data": {
            "cache": true,
            "path": "data/higgs-small",
            "num_policy": "noisy-quantile"
        },
        "optimizer": {
            "type": "AdamW",
            "lr": 0.0010049648226041472,
            "weight_decay": 0.0
        },
        "model": {
            "arch_type": "tabm-mini",
            "k": 32,
            "backbone": {
                "type": "MLP",
                "n_blocks": 3,
                "d_block": 880,
                "dropout": 0.42354756972032986
            },
            "num_embeddings": {
                "type": "PiecewiseLinearEmbeddings",
                "d_embedding": 24
            }
        },
        "bins": {
            "n_bins": 7
        }
    },
    "n_parameters": 2226736,
    "prediction_type": "probs",
    "epoch_size": 123,
    "best_step": 5412,
    "metrics": {
        "train": {
            "0": {
                "precision": 0.7889020070838253,
                "recall": 0.7905821107430194,
                "f1-score": 0.7897411653468858,
                "support": 29582.0
            },
            "1": {
                "precision": 0.8128737993113031,
                "recall": 0.8113298561910217,
                "f1-score": 0.8121010939268201,
                "support": 33169.0
            },
            "accuracy": 0.8015489792991347,
            "macro avg": {
                "precision": 0.8008879031975642,
                "recall": 0.8009559834670206,
                "f1-score": 0.8009211296368529,
                "support": 62751.0
            },
            "weighted avg": {
                "precision": 0.8015730462129741,
                "recall": 0.8015489792991347,
                "f1-score": 0.8015602036262414,
                "support": 62751.0
            },
            "cross-entropy": 0.42660196698096614,
            "roc-auc": 0.8917738925555276,
            "score": 0.8015489792991347
        },
        "val": {
            "0": {
                "precision": 0.7264898851831602,
                "recall": 0.7186316928069226,
                "f1-score": 0.7225394235997824,
                "support": 7396.0
            },
            "1": {
                "precision": 0.7514333492594362,
                "recall": 0.7586830680173662,
                "f1-score": 0.7550408065290445,
                "support": 8292.0
            },
            "accuracy": 0.7398011218765935,
            "macro avg": {
                "precision": 0.7389616172212982,
                "recall": 0.7386573804121443,
                "f1-score": 0.7387901150644134,
                "support": 15688.0
            },
            "weighted avg": {
                "precision": 0.7396739242015488,
                "recall": 0.7398011218765935,
                "f1-score": 0.739718252465759,
                "support": 15688.0
            },
            "cross-entropy": 0.5148884751449475,
            "roc-auc": 0.8202735921713071,
            "score": 0.7398011218765935
        },
        "test": {
            "0": {
                "precision": 0.7209530026109661,
                "recall": 0.7168199026500811,
                "f1-score": 0.7188805120138851,
                "support": 9245.0
            },
            "1": {
                "precision": 0.748704165866769,
                "recall": 0.7525325615050651,
                "f1-score": 0.7506134821729298,
                "support": 10365.0
            },
            "accuracy": 0.7356960734319224,
            "macro avg": {
                "precision": 0.7348285842388675,
                "recall": 0.734676232077573,
                "f1-score": 0.7347469970934075,
                "support": 19610.0
            },
            "weighted avg": {
                "precision": 0.7356210702879878,
                "recall": 0.7356960734319224,
                "f1-score": 0.7356531910398156,
                "support": 19610.0
            },
            "cross-entropy": 0.5179565589687286,
            "roc-auc": 0.8180041362105747,
            "score": 0.7356960734319224
        }
    },
    "time": "0:01:05.561574",
    "chunk_size": null,
    "eval_batch_size": 32768
}