{
    "function": "bin.model.main",
    "gpus": [
        "NVIDIA A100-SXM4-80GB"
    ],
    "config": {
        "seed": 13,
        "batch_size": 1024,
        "patience": 16,
        "n_epochs": -1,
        "gradient_clipping_norm": 1.0,
        "amp": true,
        "data": {
            "cache": true,
            "path": "data/delivery-eta",
            "cat_policy": "ordinal"
        },
        "optimizer": {
            "type": "AdamW",
            "lr": 0.0029477394962769093,
            "weight_decay": 0.0
        },
        "model": {
            "arch_type": "tabm-mini",
            "k": 32,
            "share_training_batches": false,
            "backbone": {
                "type": "MLP",
                "n_blocks": 2,
                "d_block": 240,
                "dropout": 0.0
            }
        }
    },
    "n_parameters": 126176,
    "prediction_type": "labels",
    "epoch_size": 273,
    "best_step": 15834,
    "metrics": {
        "train": {
            "rmse": 0.5099097738675508,
            "mae": 0.3981790244579315,
            "r2": 0.5126591313608035,
            "score": -0.5099097738675508
        },
        "val": {
            "rmse": 0.5578213666964514,
            "mae": 0.4393310248851776,
            "r2": 0.41322961104523004,
            "score": -0.5578213666964514
        },
        "test": {
            "rmse": 0.549039752382603,
            "mae": 0.43904909491539,
            "r2": 0.4382843045242889,
            "score": -0.549039752382603
        }
    },
    "time": "0:00:45.153385",
    "chunk_size": null,
    "eval_batch_size": 32768
}