{
    "function": "bin.model.main",
    "gpus": [
        "NVIDIA A100-SXM4-80GB"
    ],
    "config": {
        "seed": 4,
        "batch_size": 256,
        "patience": 16,
        "n_epochs": -1,
        "gradient_clipping_norm": 1.0,
        "amp": true,
        "data": {
            "cache": true,
            "path": "data/regression-num-medium-0-superconduct",
            "num_policy": "noisy-quantile"
        },
        "optimizer": {
            "type": "AdamW",
            "lr": 8.839822240707351e-05,
            "weight_decay": 0.0
        },
        "model": {
            "arch_type": "tabm-packed",
            "k": 32,
            "share_training_batches": false,
            "backbone": {
                "type": "MLP",
                "n_blocks": 4,
                "d_block": 368,
                "dropout": 0.057380646524266395
            }
        }
    },
    "n_parameters": 13989920,
    "prediction_type": "labels",
    "epoch_size": 40,
    "best_step": 14480,
    "metrics": {
        "train": {
            "rmse": 5.855694482077394,
            "mae": 3.338669538497925,
            "r2": 0.9709926353533156,
            "score": -5.855694482077394
        },
        "val": {
            "rmse": 9.70611477061907,
            "mae": 5.600940227508545,
            "r2": 0.9190835639795776,
            "score": -9.70611477061907
        },
        "test": {
            "rmse": 10.381845444994353,
            "mae": 5.76096248626709,
            "r2": 0.9075625255501858,
            "score": -10.381845444994353
        }
    },
    "time": "0:00:47.734155",
    "chunk_size": null,
    "eval_batch_size": 32768
}