{
    "function": "bin.ensemble.main",
    "config": {
        "seeds": [
            10,
            11,
            12,
            13,
            14
        ],
        "data": {
            "path": "data/maps-routing"
        }
    },
    "single_model_function": "bin.model.main",
    "prediction_type": "labels",
    "metrics": {
        "train": {
            "rmse": 0.15576268139006572,
            "mae": 0.11853426694869995,
            "r2": 0.8293765514610056,
            "score": -0.15576268139006572
        },
        "val": {
            "rmse": 0.16144360134123376,
            "mae": 0.12176331132650375,
            "r2": 0.8156543908742759,
            "score": -0.16144360134123376
        },
        "test": {
            "rmse": 0.16128061624900272,
            "mae": 0.12191346287727356,
            "r2": 0.8136830384337045,
            "score": -0.16128061624900272
        }
    }
}