{
    "function": "bin.model.main",
    "gpus": [
        "NVIDIA A100-SXM4-80GB"
    ],
    "config": {
        "seed": 8,
        "batch_size": 1024,
        "patience": 16,
        "n_epochs": -1,
        "gradient_clipping_norm": 1.0,
        "amp": true,
        "data": {
            "cache": true,
            "path": "data/delivery-eta",
            "cat_policy": "ordinal"
        },
        "optimizer": {
            "type": "AdamW",
            "lr": 0.0029477394962769093,
            "weight_decay": 0.0
        },
        "model": {
            "arch_type": "tabm-mini",
            "k": 32,
            "share_training_batches": false,
            "backbone": {
                "type": "MLP",
                "n_blocks": 2,
                "d_block": 240,
                "dropout": 0.0
            }
        }
    },
    "n_parameters": 126176,
    "prediction_type": "labels",
    "epoch_size": 273,
    "best_step": 15015,
    "metrics": {
        "train": {
            "rmse": 0.5091736085307165,
            "mae": 0.3965686857700348,
            "r2": 0.5140652179217078,
            "score": -0.5091736085307165
        },
        "val": {
            "rmse": 0.5579227071505836,
            "mae": 0.438875287771225,
            "r2": 0.41301640319707156,
            "score": -0.5579227071505836
        },
        "test": {
            "rmse": 0.5489792802302017,
            "mae": 0.4383242130279541,
            "r2": 0.4384080524602779,
            "score": -0.5489792802302017
        }
    },
    "time": "0:00:43.344696",
    "chunk_size": null,
    "eval_batch_size": 32768
}