{
    "function": "bin.model.main",
    "gpus": [
        "NVIDIA A100-SXM4-40GB"
    ],
    "config": {
        "seed": 14,
        "batch_size": 256,
        "patience": 16,
        "n_epochs": -1,
        "gradient_clipping_norm": 1.0,
        "amp": true,
        "data": {
            "cache": true,
            "path": "data/classif-num-medium-1-credit",
            "num_policy": "noisy-quantile"
        },
        "optimizer": {
            "type": "AdamW",
            "lr": 0.0002598602645370558,
            "weight_decay": 0.0
        },
        "model": {
            "arch_type": "tabm",
            "k": 32,
            "backbone": {
                "type": "MLP",
                "n_blocks": 5,
                "d_block": 880,
                "dropout": 0.0
            }
        }
    },
    "n_parameters": 3557344,
    "prediction_type": "probs",
    "epoch_size": 40,
    "best_step": 720,
    "metrics": {
        "train": {
            "0": {
                "precision": 0.7841306884480747,
                "recall": 0.7996826656088853,
                "f1-score": 0.7918303220738413,
                "support": 5042.0
            },
            "1": {
                "precision": 0.7920955125566077,
                "recall": 0.7761194029850746,
                "f1-score": 0.7840260798696008,
                "support": 4958.0
            },
            "accuracy": 0.788,
            "macro avg": {
                "precision": 0.7881131005023412,
                "recall": 0.78790103429698,
                "f1-score": 0.787928200971721,
                "support": 10000.0
            },
            "weighted avg": {
                "precision": 0.7880796482410853,
                "recall": 0.788,
                "f1-score": 0.7879609787889789,
                "support": 10000.0
            },
            "cross-entropy": 0.4534475814051742,
            "roc-auc": 0.86931853911612,
            "score": 0.788
        },
        "val": {
            "0": {
                "precision": 0.7643622200584226,
                "recall": 0.7749259624876604,
                "f1-score": 0.7696078431372548,
                "support": 1013.0
            },
            "1": {
                "precision": 0.7689969604863222,
                "recall": 0.7582417582417582,
                "f1-score": 0.7635814889336017,
                "support": 1001.0
            },
            "accuracy": 0.7666335650446872,
            "macro avg": {
                "precision": 0.7666795902723724,
                "recall": 0.7665838603647093,
                "f1-score": 0.7665946660354283,
                "support": 2014.0
            },
            "weighted avg": {
                "precision": 0.7666657827040668,
                "recall": 0.7666335650446872,
                "f1-score": 0.766612619424317,
                "support": 2014.0
            },
            "cross-entropy": 0.4854424742467684,
            "roc-auc": 0.8464901337556816,
            "score": 0.7666335650446872
        },
        "test": {
            "0": {
                "precision": 0.7668947818648417,
                "recall": 0.7788879235447437,
                "f1-score": 0.772844827586207,
                "support": 2302.0
            },
            "1": {
                "precision": 0.7845046570702794,
                "recall": 0.7727272727272727,
                "f1-score": 0.7785714285714285,
                "support": 2398.0
            },
            "accuracy": 0.7757446808510639,
            "macro avg": {
                "precision": 0.7756997194675606,
                "recall": 0.7758075981360082,
                "f1-score": 0.7757081280788177,
                "support": 4700.0
            },
            "weighted avg": {
                "precision": 0.7758795650015735,
                "recall": 0.7757446808510639,
                "f1-score": 0.7757666125144115,
                "support": 4700.0
            },
            "cross-entropy": 0.47995378387267235,
            "roc-auc": 0.8518666728500219,
            "score": 0.7757446808510639
        }
    },
    "time": "0:00:21.183486",
    "chunk_size": null,
    "eval_batch_size": 32768
}