{
    "function": "bin.ensemble.main",
    "config": {
        "seeds": [
            0,
            1,
            2,
            3,
            4
        ],
        "data": {
            "path": "data/regression-num-medium-1-elevators"
        }
    },
    "single_model_function": "bin.model.main",
    "prediction_type": "labels",
    "metrics": {
        "train": {
            "rmse": 0.0017100964114911482,
            "mae": 0.0012796350056305528,
            "r2": 0.9353528513455192,
            "score": -0.0017100964114911482
        },
        "val": {
            "rmse": 0.0018428365079978882,
            "mae": 0.0013838647864758968,
            "r2": 0.9244060450291843,
            "score": -0.0018428365079978882
        },
        "test": {
            "rmse": 0.001806316430211984,
            "mae": 0.0013501538196578622,
            "r2": 0.9273808381061757,
            "score": -0.001806316430211984
        }
    }
}