{
    "function": "bin.model.main",
    "gpus": [
        "NVIDIA A100-SXM4-40GB"
    ],
    "config": {
        "seed": 13,
        "batch_size": 256,
        "patience": 16,
        "n_epochs": -1,
        "gradient_clipping_norm": 1.0,
        "amp": true,
        "data": {
            "cache": true,
            "path": "data/regression-num-medium-1-fifa",
            "num_policy": "noisy-quantile"
        },
        "optimizer": {
            "type": "AdamW",
            "lr": 0.0007428158624746786,
            "weight_decay": 0.0027078470644655646
        },
        "model": {
            "arch_type": "plain",
            "backbone": {
                "type": "MLP",
                "n_blocks": 5,
                "d_block": 1024,
                "dropout": 0.1924331905986025
            }
        }
    },
    "n_parameters": 4205569,
    "prediction_type": "labels",
    "epoch_size": 40,
    "best_step": 160,
    "metrics": {
        "train": {
            "rmse": 0.7993785202509577,
            "mae": 0.5945460200309753,
            "r2": 0.660587191185529,
            "score": -0.7993785202509577
        },
        "val": {
            "rmse": 0.7792476552463534,
            "mae": 0.5798622965812683,
            "r2": 0.672831511421293,
            "score": -0.7792476552463534
        },
        "test": {
            "rmse": 0.7952590339840663,
            "mae": 0.5900034308433533,
            "r2": 0.6467680309217236,
            "score": -0.7952590339840663
        }
    },
    "time": "0:00:02.622644",
    "chunk_size": null,
    "eval_batch_size": 32768
}