{
    "function": "bin.model.main",
    "gpus": [
        "NVIDIA A100-SXM4-40GB"
    ],
    "config": {
        "seed": 0,
        "batch_size": 1024,
        "patience": 16,
        "n_epochs": -1,
        "gradient_clipping_norm": 1.0,
        "amp": true,
        "data": {
            "cache": true,
            "path": "data/delivery-eta",
            "cat_policy": "ordinal"
        },
        "optimizer": {
            "type": "AdamW",
            "lr": 0.004565494145842647,
            "weight_decay": 0.00013108813258313508
        },
        "model": {
            "arch_type": "tabm",
            "k": 32,
            "backbone": {
                "type": "MLP",
                "n_blocks": 2,
                "d_block": 176,
                "dropout": 0.0
            }
        }
    },
    "n_parameters": 110976,
    "prediction_type": "labels",
    "epoch_size": 273,
    "best_step": 13923,
    "metrics": {
        "train": {
            "rmse": 0.5168689403616937,
            "mae": 0.4054090082645416,
            "r2": 0.4992659334411942,
            "score": -0.5168689403616937
        },
        "val": {
            "rmse": 0.557354973973308,
            "mae": 0.4408741593360901,
            "r2": 0.4142103384146988,
            "score": -0.557354973973308
        },
        "test": {
            "rmse": 0.5500703376529784,
            "mae": 0.44128650426864624,
            "r2": 0.43617356233558435,
            "score": -0.5500703376529784
        }
    },
    "time": "0:00:51.941358",
    "chunk_size": null,
    "eval_batch_size": 32768
}