{
    "function": "bin.model.main",
    "gpus": [
        "NVIDIA A100-SXM4-40GB"
    ],
    "config": {
        "seed": 4,
        "batch_size": 128,
        "patience": 16,
        "n_epochs": -1,
        "gradient_clipping_norm": 1.0,
        "amp": true,
        "data": {
            "cache": true,
            "path": "data/regression-num-medium-0-cpu_act",
            "num_policy": "noisy-quantile"
        },
        "optimizer": {
            "type": "AdamW",
            "lr": 0.0007163566627981509,
            "weight_decay": 0.0
        },
        "model": {
            "arch_type": "plain",
            "backbone": {
                "type": "MLP",
                "n_blocks": 6,
                "d_block": 624,
                "dropout": 0.0
            }
        }
    },
    "n_parameters": 1964353,
    "prediction_type": "labels",
    "epoch_size": 45,
    "best_step": 1035,
    "metrics": {
        "train": {
            "rmse": 1.6142601017782845,
            "mae": 1.2109475135803223,
            "r2": 0.9921750930395592,
            "score": -1.6142601017782845
        },
        "val": {
            "rmse": 2.430428640291526,
            "mae": 1.7650045156478882,
            "r2": 0.9825520544846568,
            "score": -2.430428640291526
        },
        "test": {
            "rmse": 2.5069034628249707,
            "mae": 1.841255784034729,
            "r2": 0.9824019211610043,
            "score": -2.5069034628249707
        }
    },
    "time": "0:00:05.445588",
    "chunk_size": null,
    "eval_batch_size": 32768
}