{
    "function": "bin.model.main",
    "gpus": [
        "NVIDIA A100-SXM4-80GB"
    ],
    "config": {
        "seed": 5,
        "batch_size": 128,
        "patience": 16,
        "n_epochs": -1,
        "gradient_clipping_norm": 1.0,
        "amp": true,
        "data": {
            "cache": true,
            "path": "data/regression-num-medium-0-isolet",
            "num_policy": "noisy-quantile"
        },
        "optimizer": {
            "type": "AdamW",
            "lr": 0.002224581267907075,
            "weight_decay": 0.004119047651155103
        },
        "model": {
            "arch_type": "tabm",
            "k": 32,
            "share_training_batches": false,
            "backbone": {
                "type": "MLP",
                "n_blocks": 4,
                "d_block": 928,
                "dropout": 0.17353588401838554
            },
            "num_embeddings": {
                "type": "PiecewiseLinearEmbeddingsV2",
                "d_embedding": 24
            }
        },
        "bins": {
            "n_bins": 5
        }
    },
    "n_parameters": 17166440,
    "prediction_type": "labels",
    "epoch_size": 43,
    "best_step": 2451,
    "metrics": {
        "train": {
            "rmse": 0.2130075011398863,
            "mae": 0.1518670916557312,
            "r2": 0.9991911588022125,
            "score": -0.2130075011398863
        },
        "val": {
            "rmse": 2.123602014586872,
            "mae": 0.6589076519012451,
            "r2": 0.9204259853673586,
            "score": -2.123602014586872
        },
        "test": {
            "rmse": 1.6643478077333511,
            "mae": 0.5575846433639526,
            "r2": 0.9510631042339013,
            "score": -1.6643478077333511
        }
    },
    "time": "0:00:35.444729",
    "chunk_size": null,
    "eval_batch_size": 32768
}