{
    "function": "bin.model.main",
    "gpus": [
        "NVIDIA A100-SXM4-40GB"
    ],
    "config": {
        "seed": 11,
        "batch_size": 128,
        "patience": 16,
        "n_epochs": -1,
        "gradient_clipping_norm": 1.0,
        "amp": true,
        "data": {
            "cache": true,
            "path": "data/regression-num-medium-1-cpu_act",
            "num_policy": "noisy-quantile"
        },
        "optimizer": {
            "type": "AdamW",
            "lr": 0.0035439255429513443,
            "weight_decay": 0.0
        },
        "model": {
            "arch_type": "tabm",
            "k": 32,
            "backbone": {
                "type": "MLP",
                "n_blocks": 4,
                "d_block": 464,
                "dropout": 0.06929400344622584
            }
        }
    },
    "n_parameters": 834512,
    "prediction_type": "labels",
    "epoch_size": 45,
    "best_step": 3285,
    "metrics": {
        "train": {
            "rmse": 1.4651801371572262,
            "mae": 1.108392596244812,
            "r2": 0.993297117043691,
            "score": -1.4651801371572262
        },
        "val": {
            "rmse": 2.0578123053548456,
            "mae": 1.500238060951233,
            "r2": 0.9905551833554141,
            "score": -2.0578123053548456
        },
        "test": {
            "rmse": 2.2427598176306924,
            "mae": 1.5956920385360718,
            "r2": 0.9857014391012991,
            "score": -2.2427598176306924
        }
    },
    "time": "0:01:13.855381",
    "chunk_size": null,
    "eval_batch_size": 32768
}