{
    "function": "bin.model.main",
    "gpus": [
        "NVIDIA A100-SXM4-80GB"
    ],
    "config": {
        "seed": 3,
        "batch_size": 256,
        "patience": 16,
        "n_epochs": -1,
        "gradient_clipping_norm": 1.0,
        "amp": true,
        "data": {
            "cache": true,
            "path": "data/classif-num-medium-1-bank-marketing",
            "num_policy": "noisy-quantile"
        },
        "optimizer": {
            "type": "AdamW",
            "lr": 0.0005657492503710591,
            "weight_decay": 0.0
        },
        "model": {
            "arch_type": "tabm-mini",
            "k": 32,
            "backbone": {
                "type": "MLP",
                "n_blocks": 4,
                "d_block": 416,
                "dropout": 0.18030102054965916
            }
        }
    },
    "n_parameters": 550656,
    "prediction_type": "probs",
    "epoch_size": 29,
    "best_step": 1508,
    "metrics": {
        "train": {
            "0": {
                "precision": 0.8198273461431356,
                "recall": 0.8043715846994536,
                "f1-score": 0.8120259274582816,
                "support": 3660.0
            },
            "1": {
                "precision": 0.8122213480199318,
                "recall": 0.8271901709401709,
                "f1-score": 0.8196374222575095,
                "support": 3744.0
            },
            "accuracy": 0.8159103187466235,
            "macro avg": {
                "precision": 0.8160243470815337,
                "recall": 0.8157808778198122,
                "f1-score": 0.8158316748578955,
                "support": 7404.0
            },
            "weighted avg": {
                "precision": 0.8159812012250812,
                "recall": 0.8159103187466235,
                "f1-score": 0.8158748518948442,
                "support": 7404.0
            },
            "cross-entropy": 0.4091106783876049,
            "roc-auc": 0.8945544565293541,
            "score": 0.8159103187466235
        },
        "val": {
            "0": {
                "precision": 0.8556910569105691,
                "recall": 0.8190661478599222,
                "f1-score": 0.8369781312127237,
                "support": 514.0
            },
            "1": {
                "precision": 0.7978260869565217,
                "recall": 0.8378995433789954,
                "f1-score": 0.8173719376391982,
                "support": 438.0
            },
            "accuracy": 0.8277310924369747,
            "macro avg": {
                "precision": 0.8267585719335454,
                "recall": 0.8284828456194588,
                "f1-score": 0.827175034425961,
                "support": 952.0
            },
            "weighted avg": {
                "precision": 0.8290683081291902,
                "recall": 0.8277310924369747,
                "f1-score": 0.8279576345896101,
                "support": 952.0
            },
            "cross-entropy": 0.4134305476896084,
            "roc-auc": 0.8893227084554839,
            "score": 0.8277310924369747
        },
        "test": {
            "0": {
                "precision": 0.7983425414364641,
                "recall": 0.7775784753363228,
                "f1-score": 0.7878237164925035,
                "support": 1115.0
            },
            "1": {
                "precision": 0.7816901408450704,
                "recall": 0.8021680216802168,
                "f1-score": 0.7917967008470798,
                "support": 1107.0
            },
            "accuracy": 0.7898289828982898,
            "macro avg": {
                "precision": 0.7900163411407672,
                "recall": 0.7898732485082698,
                "f1-score": 0.7898102086697916,
                "support": 2222.0
            },
            "weighted avg": {
                "precision": 0.7900463184595636,
                "recall": 0.7898289828982898,
                "f1-score": 0.7898030565827446,
                "support": 2222.0
            },
            "cross-entropy": 0.45600261836092987,
            "roc-auc": 0.8671714041505141,
            "score": 0.7898289828982898
        }
    },
    "time": "0:00:07.141339",
    "chunk_size": null,
    "eval_batch_size": 32768
}