{
    "function": "bin.model.main",
    "gpus": [
        "NVIDIA A100-SXM4-80GB"
    ],
    "config": {
        "seed": 8,
        "batch_size": 64,
        "patience": 16,
        "n_epochs": -1,
        "gradient_clipping_norm": 1.0,
        "amp": true,
        "data": {
            "cache": true,
            "path": "data/regression-cat-medium-1-analcatdata_supreme",
            "num_policy": "noisy-quantile"
        },
        "optimizer": {
            "type": "AdamW",
            "lr": 0.00010392982636423193,
            "weight_decay": 0.00017104384782829383
        },
        "model": {
            "arch_type": "tabm",
            "k": 32,
            "share_training_batches": false,
            "backbone": {
                "type": "MLP",
                "n_blocks": 4,
                "d_block": 336,
                "dropout": 0.10712886878474756
            },
            "num_embeddings": {
                "type": "PiecewiseLinearEmbeddingsV2",
                "d_embedding": 20
            }
        },
        "bins": {
            "n_bins": 49
        }
    },
    "n_parameters": 487624,
    "prediction_type": "labels",
    "epoch_size": 45,
    "best_step": 2880,
    "metrics": {
        "train": {
            "rmse": 0.07788612383804623,
            "mae": 0.017459753900766373,
            "r2": 0.979992199508197,
            "score": -0.07788612383804623
        },
        "val": {
            "rmse": 0.04623711957178808,
            "mae": 0.014300472103059292,
            "r2": 0.9929075719790227,
            "score": -0.04623711957178808
        },
        "test": {
            "rmse": 0.08565244757713447,
            "mae": 0.019754674285650253,
            "r2": 0.9753483489273705,
            "score": -0.08565244757713447
        }
    },
    "time": "0:00:15.717880",
    "chunk_size": null,
    "eval_batch_size": 32768
}