{
    "function": "bin.model.main",
    "gpus": [
        "NVIDIA A100-SXM4-40GB"
    ],
    "config": {
        "seed": 12,
        "batch_size": 1024,
        "patience": 16,
        "n_epochs": -1,
        "gradient_clipping_norm": 1.0,
        "amp": true,
        "data": {
            "cache": true,
            "path": "data/microsoft",
            "num_policy": "noisy-quantile"
        },
        "optimizer": {
            "type": "AdamW",
            "lr": 9.426593177516667e-05,
            "weight_decay": 0.09848442932495301
        },
        "model": {
            "arch_type": "plain",
            "backbone": {
                "type": "MLP",
                "n_blocks": 2,
                "d_block": 800,
                "dropout": 0.336131726532082
            }
        }
    },
    "n_parameters": 755201,
    "prediction_type": "labels",
    "epoch_size": 707,
    "best_step": 33229,
    "metrics": {
        "train": {
            "rmse": 0.707871838370768,
            "mae": 0.5624566078186035,
            "r2": 0.25863579031289174,
            "score": -0.707871838370768
        },
        "val": {
            "rmse": 0.7438120679842072,
            "mae": 0.5880393981933594,
            "r2": 0.19695889996774063,
            "score": -0.7438120679842072
        },
        "test": {
            "rmse": 0.747518726484295,
            "mae": 0.5884636044502258,
            "r2": 0.19418225573220793,
            "score": -0.747518726484295
        }
    },
    "time": "0:01:34.017846",
    "chunk_size": null,
    "eval_batch_size": 32768
}