{
    "function": "bin.model.main",
    "gpus": [
        "NVIDIA A100-SXM4-40GB"
    ],
    "config": {
        "seed": 1,
        "batch_size": 64,
        "patience": 16,
        "n_epochs": -1,
        "gradient_clipping_norm": 1.0,
        "amp": true,
        "data": {
            "cache": true,
            "path": "data/regression-cat-medium-4-analcatdata_supreme",
            "num_policy": "noisy-quantile"
        },
        "optimizer": {
            "type": "AdamW",
            "lr": 0.0006614236483235426,
            "weight_decay": 0.0
        },
        "model": {
            "arch_type": "tabm",
            "k": 32,
            "backbone": {
                "type": "MLP",
                "n_blocks": 3,
                "d_block": 560,
                "dropout": 0.0
            },
            "num_embeddings": {
                "type": "PiecewiseLinearEmbeddings",
                "d_embedding": 24
            }
        },
        "bins": {
            "n_bins": 110
        }
    },
    "n_parameters": 824720,
    "prediction_type": "labels",
    "epoch_size": 45,
    "best_step": 1395,
    "metrics": {
        "train": {
            "rmse": 0.07177132626695502,
            "mae": 0.022291354835033417,
            "r2": 0.9821911602441802,
            "score": -0.07177132626695502
        },
        "val": {
            "rmse": 0.059161631108309416,
            "mae": 0.020546376705169678,
            "r2": 0.9909197516721738,
            "score": -0.059161631108309416
        },
        "test": {
            "rmse": 0.0784364393531093,
            "mae": 0.023285167291760445,
            "r2": 0.980005782899855,
            "score": -0.0784364393531093
        }
    },
    "time": "0:00:08.524101",
    "chunk_size": null,
    "eval_batch_size": 32768
}