{
    "function": "bin.ensemble.main",
    "config": {
        "seeds": [
            10,
            11,
            12,
            13,
            14
        ],
        "data": {
            "path": "data/regression-cat-medium-0-house_sales"
        }
    },
    "single_model_function": "bin.model.main",
    "prediction_type": "labels",
    "metrics": {
        "train": {
            "rmse": 0.12926300849973155,
            "mae": 0.09341619908809662,
            "r2": 0.9399670323573902,
            "score": -0.12926300849973155
        },
        "val": {
            "rmse": 0.16525421564550893,
            "mae": 0.11602602899074554,
            "r2": 0.9026189687014957,
            "score": -0.16525421564550893
        },
        "test": {
            "rmse": 0.1645838310942386,
            "mae": 0.11593550443649292,
            "r2": 0.9014549713957583,
            "score": -0.1645838310942386
        }
    }
}