{
    "function": "bin.model.main",
    "gpus": [
        "NVIDIA A100-SXM4-80GB"
    ],
    "config": {
        "seed": 9,
        "batch_size": 256,
        "patience": 16,
        "n_epochs": -1,
        "gradient_clipping_norm": 1.0,
        "amp": true,
        "data": {
            "cache": true,
            "path": "data/classif-num-medium-0-MagicTelescope",
            "num_policy": "noisy-quantile"
        },
        "optimizer": {
            "type": "AdamW",
            "lr": 0.0025506156503229726,
            "weight_decay": 0.0001570959277728669
        },
        "model": {
            "arch_type": "tabm",
            "k": 32,
            "share_training_batches": false,
            "backbone": {
                "type": "MLP",
                "n_blocks": 5,
                "d_block": 640,
                "dropout": 0.17082562007497826
            }
        }
    },
    "n_parameters": 1972864,
    "prediction_type": "probs",
    "epoch_size": 37,
    "best_step": 1295,
    "metrics": {
        "train": {
            "0": {
                "precision": 0.8921219319081551,
                "recall": 0.9560882477725923,
                "f1-score": 0.922998156870776,
                "support": 4714.0
            },
            "1": {
                "precision": 0.9519832985386222,
                "recall": 0.8827704882770488,
                "f1-score": 0.9160714285714286,
                "support": 4649.0
            },
            "accuracy": 0.9196838620100395,
            "macro avg": {
                "precision": 0.9220526152233887,
                "recall": 0.9194293680248206,
                "f1-score": 0.9195347927211024,
                "support": 9363.0
            },
            "weighted avg": {
                "precision": 0.9218448298537966,
                "recall": 0.9196838620100395,
                "f1-score": 0.9195588361548019,
                "support": 9363.0
            },
            "cross-entropy": 0.19820244278528526,
            "roc-auc": 0.9789053224980843,
            "score": 0.9196838620100395
        },
        "val": {
            "0": {
                "precision": 0.8484848484848485,
                "recall": 0.9156626506024096,
                "f1-score": 0.8807947019867549,
                "support": 581.0
            },
            "1": {
                "precision": 0.9149305555555556,
                "recall": 0.8472668810289389,
                "f1-score": 0.8797996661101838,
                "support": 622.0
            },
            "accuracy": 0.8802992518703242,
            "macro avg": {
                "precision": 0.881707702020202,
                "recall": 0.8814647658156742,
                "f1-score": 0.8802971840484693,
                "support": 1203.0
            },
            "weighted avg": {
                "precision": 0.8828399854740255,
                "recall": 0.8802992518703242,
                "f1-score": 0.8802802279092592,
                "support": 1203.0
            },
            "cross-entropy": 0.2964000088572113,
            "roc-auc": 0.942575999911451,
            "score": 0.8802992518703242
        },
        "test": {
            "0": {
                "precision": 0.8284960422163589,
                "recall": 0.9016511127063891,
                "f1-score": 0.8635269852182881,
                "support": 1393.0
            },
            "1": {
                "precision": 0.8941267387944358,
                "recall": 0.8165137614678899,
                "f1-score": 0.8535595721136112,
                "support": 1417.0
            },
            "accuracy": 0.8587188612099644,
            "macro avg": {
                "precision": 0.8613113905053973,
                "recall": 0.8590824370871395,
                "f1-score": 0.8585432786659497,
                "support": 2810.0
            },
            "weighted avg": {
                "precision": 0.8615916639427414,
                "recall": 0.8587188612099644,
                "f1-score": 0.858500713200734,
                "support": 2810.0
            },
            "cross-entropy": 0.3344206977327154,
            "roc-auc": 0.9303529442757693,
            "score": 0.8587188612099644
        }
    },
    "time": "0:00:10.766115",
    "chunk_size": null,
    "eval_batch_size": 32768
}