{
    "function": "bin.model.main",
    "gpus": [
        "NVIDIA A100-SXM4-80GB"
    ],
    "config": {
        "seed": 9,
        "batch_size": 32,
        "patience": 16,
        "n_epochs": -1,
        "gradient_clipping_norm": 1.0,
        "amp": true,
        "data": {
            "cache": true,
            "path": "data/classif-num-medium-4-phoneme",
            "num_policy": "noisy-quantile"
        },
        "optimizer": {
            "type": "AdamW",
            "lr": 0.002446079259064554,
            "weight_decay": 0.0
        },
        "model": {
            "arch_type": "tabm-mini",
            "k": 32,
            "share_training_batches": false,
            "backbone": {
                "type": "MLP",
                "n_blocks": 4,
                "d_block": 496,
                "dropout": 0.0
            }
        }
    },
    "n_parameters": 774480,
    "prediction_type": "probs",
    "epoch_size": 70,
    "best_step": 980,
    "metrics": {
        "train": {
            "0": {
                "precision": 0.9733096085409253,
                "recall": 0.9864743011722272,
                "f1-score": 0.9798477384684281,
                "support": 1109.0
            },
            "1": {
                "precision": 0.9863138686131386,
                "recall": 0.972997299729973,
                "f1-score": 0.9796103307657453,
                "support": 1111.0
            },
            "accuracy": 0.9797297297297297,
            "macro avg": {
                "precision": 0.979811738577032,
                "recall": 0.9797358004511001,
                "f1-score": 0.9797290346170867,
                "support": 2220.0
            },
            "weighted avg": {
                "precision": 0.9798175963518392,
                "recall": 0.9797297297297297,
                "f1-score": 0.9797289276766802,
                "support": 2220.0
            },
            "cross-entropy": 0.08808580490062352,
            "roc-auc": 0.9981154111804328,
            "score": 0.9797297297297297
        },
        "val": {
            "0": {
                "precision": 0.950354609929078,
                "recall": 0.8993288590604027,
                "f1-score": 0.9241379310344828,
                "support": 149.0
            },
            "1": {
                "precision": 0.8958333333333334,
                "recall": 0.9485294117647058,
                "f1-score": 0.9214285714285715,
                "support": 136.0
            },
            "accuracy": 0.9228070175438596,
            "macro avg": {
                "precision": 0.9230939716312057,
                "recall": 0.9239291354125543,
                "f1-score": 0.9227832512315272,
                "support": 285.0
            },
            "weighted avg": {
                "precision": 0.9243374393430386,
                "recall": 0.9228070175438596,
                "f1-score": 0.9228450436435918,
                "support": 285.0
            },
            "cross-entropy": 0.2441399393182865,
            "roc-auc": 0.9674792735886301,
            "score": 0.9228070175438596
        },
        "test": {
            "0": {
                "precision": 0.8835820895522388,
                "recall": 0.9024390243902439,
                "f1-score": 0.8929110105580693,
                "support": 328.0
            },
            "1": {
                "precision": 0.9036144578313253,
                "recall": 0.8849557522123894,
                "f1-score": 0.894187779433681,
                "support": 339.0
            },
            "accuracy": 0.8935532233883059,
            "macro avg": {
                "precision": 0.893598273691782,
                "recall": 0.8936973883013166,
                "f1-score": 0.8935493949958752,
                "support": 667.0
            },
            "weighted avg": {
                "precision": 0.8937634581378615,
                "recall": 0.8935532233883059,
                "f1-score": 0.8935599230750594,
                "support": 667.0
            },
            "cross-entropy": 0.2939854955314037,
            "roc-auc": 0.9556802647672494,
            "score": 0.8935532233883059
        }
    },
    "time": "0:00:06.277289",
    "chunk_size": null,
    "eval_batch_size": 32768
}