{
    "function": "bin.model.main",
    "gpus": [
        "NVIDIA A100-SXM4-80GB"
    ],
    "config": {
        "seed": 11,
        "batch_size": 256,
        "patience": 16,
        "n_epochs": -1,
        "gradient_clipping_norm": 1.0,
        "amp": true,
        "data": {
            "cache": true,
            "path": "data/regression-num-medium-0-Ailerons",
            "num_policy": "noisy-quantile"
        },
        "optimizer": {
            "type": "AdamW",
            "lr": 0.001188086229143425,
            "weight_decay": 0.00012630066774815457
        },
        "model": {
            "arch_type": "tabm-mini",
            "k": 32,
            "share_training_batches": false,
            "backbone": {
                "type": "MLP",
                "n_blocks": 1,
                "d_block": 768,
                "dropout": 0.11345796740420605
            },
            "num_embeddings": {
                "type": "PiecewiseLinearEmbeddingsV2",
                "d_embedding": 20
            }
        },
        "bins": {
            "n_bins": 52
        }
    },
    "n_parameters": 589016,
    "prediction_type": "labels",
    "epoch_size": 38,
    "best_step": 1520,
    "metrics": {
        "train": {
            "rmse": 0.00011984116756225118,
            "mae": 8.845936099532992e-05,
            "r2": 0.9156172111736739,
            "score": -0.00011984116756225118
        },
        "val": {
            "rmse": 0.00014613382118245955,
            "mae": 0.00010579571244306862,
            "r2": 0.8555806303527754,
            "score": -0.00014613382118245955
        },
        "test": {
            "rmse": 0.00015141372499430334,
            "mae": 0.00010736373224062845,
            "r2": 0.8575703986519359,
            "score": -0.00015141372499430334
        }
    },
    "time": "0:00:05.546830",
    "chunk_size": null,
    "eval_batch_size": 32768
}