{
    "function": "bin.model.main",
    "gpus": [
        "NVIDIA A100-SXM4-40GB"
    ],
    "config": {
        "seed": 13,
        "batch_size": 256,
        "patience": 16,
        "n_epochs": -1,
        "gradient_clipping_norm": 1.0,
        "amp": true,
        "data": {
            "cache": true,
            "path": "data/regression-num-medium-0-fifa",
            "num_policy": "noisy-quantile"
        },
        "optimizer": {
            "type": "AdamW",
            "lr": 0.0008781718155862455,
            "weight_decay": 0.0
        },
        "model": {
            "arch_type": "plain",
            "backbone": {
                "type": "MLP",
                "n_blocks": 2,
                "d_block": 320,
                "dropout": 0.27977752987615717
            }
        }
    },
    "n_parameters": 104961,
    "prediction_type": "labels",
    "epoch_size": 40,
    "best_step": 1840,
    "metrics": {
        "train": {
            "rmse": 0.765668556375736,
            "mae": 0.5672876238822937,
            "r2": 0.6822948941729918,
            "score": -0.765668556375736
        },
        "val": {
            "rmse": 0.7806813650191747,
            "mae": 0.5810766220092773,
            "r2": 0.6756487049145719,
            "score": -0.7806813650191747
        },
        "test": {
            "rmse": 0.8170559866642757,
            "mae": 0.6045494675636292,
            "r2": 0.638519227384397,
            "score": -0.8170559866642757
        }
    },
    "time": "0:00:10.801296",
    "chunk_size": null,
    "eval_batch_size": 32768
}