{
    "function": "bin.model.main",
    "gpus": [
        "NVIDIA A100-SXM4-40GB"
    ],
    "config": {
        "seed": 6,
        "batch_size": 128,
        "patience": 16,
        "n_epochs": -1,
        "gradient_clipping_norm": 1.0,
        "amp": true,
        "data": {
            "cache": true,
            "path": "data/regression-num-medium-0-wine_quality",
            "num_policy": "noisy-quantile"
        },
        "optimizer": {
            "type": "AdamW",
            "lr": 0.0027277226350602133,
            "weight_decay": 0.00024091049832915544
        },
        "model": {
            "arch_type": "tabm-mini",
            "k": 32,
            "backbone": {
                "type": "MLP",
                "n_blocks": 4,
                "d_block": 976,
                "dropout": 0.18432491475147167
            },
            "num_embeddings": {
                "type": "PiecewiseLinearEmbeddingsV2",
                "d_embedding": 32
            }
        },
        "bins": {
            "n_bins": 115
        }
    },
    "n_parameters": 3288544,
    "prediction_type": "labels",
    "epoch_size": 36,
    "best_step": 1800,
    "metrics": {
        "train": {
            "rmse": 0.1585503582247059,
            "mae": 0.10813038796186447,
            "r2": 0.9665820227084069,
            "score": -0.1585503582247059
        },
        "val": {
            "rmse": 0.6337804338194045,
            "mae": 0.4381332993507385,
            "r2": 0.5302684187157656,
            "score": -0.6337804338194045
        },
        "test": {
            "rmse": 0.6288166811642619,
            "mae": 0.436987042427063,
            "r2": 0.47709875347020925,
            "score": -0.6288166811642619
        }
    },
    "time": "0:00:10.948300",
    "chunk_size": null,
    "eval_batch_size": 32768
}