{
    "function": "bin.model.main",
    "gpus": [
        "NVIDIA A100-SXM4-80GB"
    ],
    "config": {
        "seed": 6,
        "batch_size": 64,
        "patience": 16,
        "n_epochs": -1,
        "gradient_clipping_norm": 1.0,
        "amp": true,
        "data": {
            "cache": true,
            "path": "data/regression-cat-medium-4-Mercedes_Benz_Greener_Manufacturing",
            "cat_policy": "ordinal"
        },
        "optimizer": {
            "type": "AdamW",
            "lr": 0.0018395033179259951,
            "weight_decay": 0.004027937898536851
        },
        "model": {
            "arch_type": "tabm",
            "k": 32,
            "backbone": {
                "type": "MLP",
                "n_blocks": 3,
                "d_block": 992,
                "dropout": 0.3706352969320551
            }
        }
    },
    "n_parameters": 2999328,
    "prediction_type": "labels",
    "epoch_size": 47,
    "best_step": 987,
    "metrics": {
        "train": {
            "rmse": 8.2526578378823,
            "mae": 5.135446548461914,
            "r2": 0.5844503414974687,
            "score": -8.2526578378823
        },
        "val": {
            "rmse": 8.017538396293164,
            "mae": 5.301021099090576,
            "r2": 0.5806468099302453,
            "score": -8.017538396293164
        },
        "test": {
            "rmse": 7.969760007990262,
            "mae": 5.237872123718262,
            "r2": 0.5856613510119162,
            "score": -7.969760007990262
        }
    },
    "time": "0:00:22.524180",
    "chunk_size": null,
    "eval_batch_size": 32768
}