{
    "function": "bin.ensemble.main",
    "config": {
        "seeds": [
            0,
            1,
            2,
            3,
            4
        ],
        "data": {
            "path": "data/classif-num-medium-4-phoneme"
        }
    },
    "single_model_function": "bin.model.main",
    "prediction_type": "probs",
    "metrics": {
        "train": {
            "0": {
                "precision": 0.9757847533632287,
                "recall": 0.9810640216411182,
                "f1-score": 0.9784172661870504,
                "support": 1109.0
            },
            "1": {
                "precision": 0.9809954751131221,
                "recall": 0.9756975697569757,
                "f1-score": 0.9783393501805054,
                "support": 1111.0
            },
            "accuracy": 0.9783783783783784,
            "macro avg": {
                "precision": 0.9783901142381755,
                "recall": 0.9783807956990469,
                "f1-score": 0.9783783081837779,
                "support": 2220.0
            },
            "weighted avg": {
                "precision": 0.9783924614101348,
                "recall": 0.9783783783783784,
                "f1-score": 0.9783782730864778,
                "support": 2220.0
            },
            "cross-entropy": 0.07465054732849802,
            "roc-auc": 0.998170601550687,
            "score": 0.9783783783783784
        },
        "val": {
            "0": {
                "precision": 0.9637681159420289,
                "recall": 0.8926174496644296,
                "f1-score": 0.9268292682926829,
                "support": 149.0
            },
            "1": {
                "precision": 0.891156462585034,
                "recall": 0.9632352941176471,
                "f1-score": 0.9257950530035336,
                "support": 136.0
            },
            "accuracy": 0.9263157894736842,
            "macro avg": {
                "precision": 0.9274622892635315,
                "recall": 0.9279263718910383,
                "f1-score": 0.9263121606481082,
                "support": 285.0
            },
            "weighted avg": {
                "precision": 0.9291183445155332,
                "recall": 0.9263157894736842,
                "f1-score": 0.926335748014352,
                "support": 285.0
            },
            "cross-entropy": 0.3394612040996373,
            "roc-auc": 0.9581030398736676,
            "score": 0.9263157894736842
        },
        "test": {
            "0": {
                "precision": 0.8727272727272727,
                "recall": 0.8780487804878049,
                "f1-score": 0.8753799392097265,
                "support": 328.0
            },
            "1": {
                "precision": 0.8813056379821959,
                "recall": 0.8761061946902655,
                "f1-score": 0.8786982248520709,
                "support": 339.0
            },
            "accuracy": 0.8770614692653673,
            "macro avg": {
                "precision": 0.8770164553547343,
                "recall": 0.8770774875890353,
                "f1-score": 0.8770390820308986,
                "support": 667.0
            },
            "weighted avg": {
                "precision": 0.8770871915000148,
                "recall": 0.8770614692653673,
                "f1-score": 0.8770664442063603,
                "support": 667.0
            },
            "cross-entropy": 0.4249673053290387,
            "roc-auc": 0.9452118857471759,
            "score": 0.8770614692653673
        }
    }
}