{
    "function": "bin.model.main",
    "gpus": [
        "NVIDIA A100-SXM4-80GB"
    ],
    "config": {
        "seed": 1,
        "batch_size": 64,
        "patience": 16,
        "n_epochs": -1,
        "gradient_clipping_norm": 1.0,
        "amp": true,
        "data": {
            "cache": true,
            "path": "data/classif-num-medium-0-kdd_ipums_la_97-small",
            "num_policy": "noisy-quantile"
        },
        "optimizer": {
            "type": "AdamW",
            "lr": 0.0034601569701183045,
            "weight_decay": 0.0
        },
        "model": {
            "arch_type": "tabm-mini",
            "k": 32,
            "backbone": {
                "type": "MLP",
                "n_blocks": 4,
                "d_block": 816,
                "dropout": 0.14830026500057816
            }
        }
    },
    "n_parameters": 2070080,
    "prediction_type": "probs",
    "epoch_size": 57,
    "best_step": 1026,
    "metrics": {
        "train": {
            "0": {
                "precision": 0.98625,
                "recall": 0.8622950819672132,
                "f1-score": 0.9201166180758017,
                "support": 1830.0
            },
            "1": {
                "precision": 0.8759231905465288,
                "recall": 0.9877845641310383,
                "f1-score": 0.9284968684759916,
                "support": 1801.0
            },
            "accuracy": 0.9245386945744973,
            "macro avg": {
                "precision": 0.9310865952732643,
                "recall": 0.9250398230491257,
                "f1-score": 0.9243067432758967,
                "support": 3631.0
            },
            "weighted avg": {
                "precision": 0.9315271732785178,
                "recall": 0.9245386945744973,
                "f1-score": 0.9242732776656507,
                "support": 3631.0
            },
            "cross-entropy": 0.1961378233718701,
            "roc-auc": 0.9728966603253202,
            "score": 0.9245386945744973
        },
        "val": {
            "0": {
                "precision": 0.9457013574660633,
                "recall": 0.8636363636363636,
                "f1-score": 0.9028077753779699,
                "support": 242.0
            },
            "1": {
                "precision": 0.8658536585365854,
                "recall": 0.9466666666666667,
                "f1-score": 0.9044585987261147,
                "support": 225.0
            },
            "accuracy": 0.9036402569593148,
            "macro avg": {
                "precision": 0.9057775080013244,
                "recall": 0.9051515151515152,
                "f1-score": 0.9036331870520422,
                "support": 467.0
            },
            "weighted avg": {
                "precision": 0.9072308387098909,
                "recall": 0.9036402569593148,
                "f1-score": 0.9036031399461337,
                "support": 467.0
            },
            "cross-entropy": 0.24932504318769946,
            "roc-auc": 0.9565472910927456,
            "score": 0.9036402569593148
        },
        "test": {
            "0": {
                "precision": 0.9237472766884531,
                "recall": 0.8122605363984674,
                "f1-score": 0.8644240570846076,
                "support": 522.0
            },
            "1": {
                "precision": 0.8446909667194928,
                "recall": 0.9383802816901409,
                "f1-score": 0.8890742285237697,
                "support": 568.0
            },
            "accuracy": 0.8779816513761468,
            "macro avg": {
                "precision": 0.884219121703973,
                "recall": 0.8753204090443041,
                "f1-score": 0.8767491428041887,
                "support": 1090.0
            },
            "weighted avg": {
                "precision": 0.8825509610349033,
                "recall": 0.8779816513761468,
                "f1-score": 0.8772692840363912,
                "support": 1090.0
            },
            "cross-entropy": 0.29630225976181523,
            "roc-auc": 0.9385387998489019,
            "score": 0.8779816513761468
        }
    },
    "time": "0:00:06.242204",
    "chunk_size": null,
    "eval_batch_size": 32768
}