{
    "function": "bin.model.main",
    "gpus": [
        "NVIDIA A100-SXM4-40GB"
    ],
    "config": {
        "seed": 8,
        "batch_size": 512,
        "patience": 16,
        "n_epochs": -1,
        "gradient_clipping_norm": 1.0,
        "amp": true,
        "data": {
            "cache": true,
            "path": "data/regression-cat-large-0-particulate-matter-ukair-2017",
            "num_policy": "noisy-quantile",
            "cat_policy": "ordinal"
        },
        "optimizer": {
            "type": "AdamW",
            "lr": 0.0005282276609822982,
            "weight_decay": 0.0007027129585950019
        },
        "model": {
            "arch_type": "tabm",
            "k": 32,
            "backbone": {
                "type": "MLP",
                "n_blocks": 2,
                "d_block": 592,
                "dropout": 0.15573794707341465
            },
            "num_embeddings": {
                "type": "PiecewiseLinearEmbeddings",
                "d_embedding": 20
            }
        },
        "bins": {
            "n_bins": 40
        }
    },
    "n_parameters": 518472,
    "prediction_type": "labels",
    "epoch_size": 98,
    "best_step": 12348,
    "metrics": {
        "train": {
            "rmse": 0.3257703193825084,
            "mae": 0.22653654217720032,
            "r2": 0.771938122116851,
            "score": -0.3257703193825084
        },
        "val": {
            "rmse": 0.36367729092835704,
            "mae": 0.24917501211166382,
            "r2": 0.7127187975141267,
            "score": -0.36367729092835704
        },
        "test": {
            "rmse": 0.3594996609294921,
            "mae": 0.24627470970153809,
            "r2": 0.7201669616576326,
            "score": -0.3594996609294921
        }
    },
    "time": "0:01:15.843157",
    "chunk_size": null,
    "eval_batch_size": 32768
}