{
    "function": "bin.model.main",
    "gpus": [
        "NVIDIA A100-SXM4-80GB"
    ],
    "config": {
        "seed": 5,
        "batch_size": 64,
        "patience": 16,
        "n_epochs": -1,
        "gradient_clipping_norm": 1.0,
        "amp": true,
        "data": {
            "cache": true,
            "path": "data/regression-cat-medium-0-Mercedes_Benz_Greener_Manufacturing",
            "cat_policy": "ordinal"
        },
        "optimizer": {
            "type": "AdamW",
            "lr": 0.00010586734570340832,
            "weight_decay": 0.0001712949991561048
        },
        "model": {
            "arch_type": "tabm-mini",
            "k": 32,
            "backbone": {
                "type": "MLP",
                "n_blocks": 5,
                "d_block": 944,
                "dropout": 0.17895457879968157
            }
        }
    },
    "n_parameters": 4312960,
    "prediction_type": "labels",
    "epoch_size": 47,
    "best_step": 282,
    "metrics": {
        "train": {
            "rmse": 7.965609780705228,
            "mae": 5.179821491241455,
            "r2": 0.5905897161979432,
            "score": -7.965609780705228
        },
        "val": {
            "rmse": 8.068945385778235,
            "mae": 5.303194999694824,
            "r2": 0.5813037227787781,
            "score": -8.068945385778235
        },
        "test": {
            "rmse": 10.038247778224607,
            "mae": 5.505581378936768,
            "r2": 0.4457064053509736,
            "score": -10.038247778224607
        }
    },
    "time": "0:00:13.162830",
    "chunk_size": null,
    "eval_batch_size": 32768
}