{
    "function": "bin.model.main",
    "gpus": [
        "NVIDIA A100-SXM4-80GB"
    ],
    "config": {
        "seed": 9,
        "batch_size": 512,
        "patience": 16,
        "n_epochs": -1,
        "gradient_clipping_norm": 1.0,
        "amp": true,
        "data": {
            "cache": true,
            "path": "data/regression-num-large-0-year",
            "num_policy": "noisy-quantile"
        },
        "optimizer": {
            "type": "AdamW",
            "lr": 0.001409201004340121,
            "weight_decay": 0.000326693734663566
        },
        "model": {
            "arch_type": "tabm",
            "k": 32,
            "share_training_batches": false,
            "backbone": {
                "type": "MLP",
                "n_blocks": 4,
                "d_block": 400,
                "dropout": 0.4968036080156015
            },
            "num_embeddings": {
                "type": "PiecewiseLinearEmbeddings",
                "d_embedding": 20
            }
        },
        "bins": {
            "n_bins": 2
        }
    },
    "n_parameters": 1418432,
    "prediction_type": "labels",
    "epoch_size": 98,
    "best_step": 2940,
    "metrics": {
        "train": {
            "rmse": 8.142523077515415,
            "mae": 5.768547058105469,
            "r2": 0.45116924190165286,
            "score": -8.142523077515415
        },
        "val": {
            "rmse": 8.786282980630812,
            "mae": 6.138465404510498,
            "r2": 0.3312393661821188,
            "score": -8.786282980630812
        },
        "test": {
            "rmse": 8.872850184577063,
            "mae": 6.150907516479492,
            "r2": 0.33708638375139777,
            "score": -8.872850184577063
        }
    },
    "time": "0:00:44.287026",
    "chunk_size": null,
    "eval_batch_size": 32768
}