{
    "function": "bin.ensemble.main",
    "config": {
        "seeds": [
            5,
            6,
            7,
            8,
            9
        ],
        "data": {
            "path": "data/otto"
        }
    },
    "single_model_function": "bin.model.main",
    "prediction_type": "probs",
    "metrics": {
        "train": {
            "0": {
                "precision": 1.0,
                "recall": 0.9319838056680162,
                "f1-score": 0.9647946353730092,
                "support": 1235.0
            },
            "1": {
                "precision": 0.9503336510962822,
                "recall": 0.9661756154293468,
                "f1-score": 0.9581891580161476,
                "support": 10318.0
            },
            "2": {
                "precision": 0.9214794303797469,
                "recall": 0.9096056228035924,
                "f1-score": 0.9155040282963254,
                "support": 5122.0
            },
            "3": {
                "precision": 0.9920634920634921,
                "recall": 0.9436701509872242,
                "f1-score": 0.9672619047619049,
                "support": 1722.0
            },
            "4": {
                "precision": 0.9982896237172177,
                "recall": 0.9988590986879635,
                "f1-score": 0.9985742800114058,
                "support": 1753.0
            },
            "5": {
                "precision": 0.9989994441356309,
                "recall": 0.993367234136635,
                "f1-score": 0.9961753783049719,
                "support": 9046.0
            },
            "6": {
                "precision": 0.9766684753119913,
                "recall": 0.9906439185470556,
                "f1-score": 0.9836065573770492,
                "support": 1817.0
            },
            "7": {
                "precision": 0.9944598337950139,
                "recall": 0.9940926712202326,
                "f1-score": 0.9942762186115215,
                "support": 5417.0
            },
            "8": {
                "precision": 0.9683952132555999,
                "recall": 0.9952696310312205,
                "f1-score": 0.9816485225505442,
                "support": 3171.0
            },
            "accuracy": 0.9717431377995506,
            "macro avg": {
                "precision": 0.9778543515283304,
                "recall": 0.969296416501254,
                "f1-score": 0.9733367425892089,
                "support": 39601.0
            },
            "weighted avg": {
                "precision": 0.9718951801802991,
                "recall": 0.9717431377995506,
                "f1-score": 0.9717146481406356,
                "support": 39601.0
            },
            "cross-entropy": 0.11666046599802346,
            "score": 0.9717431377995506
        },
        "val": {
            "0": {
                "precision": 0.7051792828685259,
                "recall": 0.5746753246753247,
                "f1-score": 0.6332737030411449,
                "support": 308.0
            },
            "1": {
                "precision": 0.7653314427507976,
                "recall": 0.8368217054263566,
                "f1-score": 0.7994815774856509,
                "support": 2580.0
            },
            "2": {
                "precision": 0.6313594662218516,
                "recall": 0.5909445745511319,
                "f1-score": 0.6104838709677419,
                "support": 1281.0
            },
            "3": {
                "precision": 0.7685185185185185,
                "recall": 0.5777262180974478,
                "f1-score": 0.6596026490066225,
                "support": 431.0
            },
            "4": {
                "precision": 0.9813953488372092,
                "recall": 0.9634703196347032,
                "f1-score": 0.9723502304147464,
                "support": 438.0
            },
            "5": {
                "precision": 0.9538737124944021,
                "recall": 0.9416445623342176,
                "f1-score": 0.9477196885428254,
                "support": 2262.0
            },
            "6": {
                "precision": 0.7566964285714286,
                "recall": 0.7466960352422908,
                "f1-score": 0.7516629711751663,
                "support": 454.0
            },
            "7": {
                "precision": 0.9230210602759622,
                "recall": 0.9387001477104875,
                "f1-score": 0.9307945807396558,
                "support": 1354.0
            },
            "8": {
                "precision": 0.8691931540342298,
                "recall": 0.8965952080706179,
                "f1-score": 0.8826815642458101,
                "support": 793.0
            },
            "accuracy": 0.8297141702858297,
            "macro avg": {
                "precision": 0.8171742682858807,
                "recall": 0.7852526773047308,
                "f1-score": 0.7986723150688182,
                "support": 9901.0
            },
            "weighted avg": {
                "precision": 0.8283857857710836,
                "recall": 0.8297141702858297,
                "f1-score": 0.8277121522036824,
                "support": 9901.0
            },
            "cross-entropy": 0.45252762466904534,
            "score": 0.8297141702858297
        },
        "test": {
            "0": {
                "precision": 0.7252396166134185,
                "recall": 0.5880829015544041,
                "f1-score": 0.6494992846924177,
                "support": 386.0
            },
            "1": {
                "precision": 0.772025171624714,
                "recall": 0.8371588089330024,
                "f1-score": 0.8032738095238096,
                "support": 3224.0
            },
            "2": {
                "precision": 0.6292749658002736,
                "recall": 0.5746408494690818,
                "f1-score": 0.6007182500816193,
                "support": 1601.0
            },
            "3": {
                "precision": 0.7339449541284404,
                "recall": 0.5947955390334573,
                "f1-score": 0.6570841889117043,
                "support": 538.0
            },
            "4": {
                "precision": 0.9817184643510055,
                "recall": 0.9799270072992701,
                "f1-score": 0.9808219178082191,
                "support": 548.0
            },
            "5": {
                "precision": 0.9526858769121309,
                "recall": 0.9472939511850018,
                "f1-score": 0.9499822632139057,
                "support": 2827.0
            },
            "6": {
                "precision": 0.7617328519855595,
                "recall": 0.7429577464788732,
                "f1-score": 0.7522281639928698,
                "support": 568.0
            },
            "7": {
                "precision": 0.9236596736596736,
                "recall": 0.9362079149438866,
                "f1-score": 0.9298914637723673,
                "support": 1693.0
            },
            "8": {
                "precision": 0.8645533141210374,
                "recall": 0.9081735620585267,
                "f1-score": 0.8858267716535433,
                "support": 991.0
            },
            "accuracy": 0.8312863606981254,
            "macro avg": {
                "precision": 0.8160927654662503,
                "recall": 0.7899153645506116,
                "f1-score": 0.8010362348500507,
                "support": 12376.0
            },
            "weighted avg": {
                "precision": 0.8286765000905555,
                "recall": 0.8312863606981254,
                "f1-score": 0.8288816372736789,
                "support": 12376.0
            },
            "cross-entropy": 0.44428349758586866,
            "score": 0.8312863606981254
        }
    }
}