{
    "function": "bin.ensemble.main",
    "config": {
        "seeds": [
            10,
            11,
            12,
            13,
            14
        ],
        "data": {
            "path": "data/regression-num-medium-0-pol"
        }
    },
    "single_model_function": "bin.model.main",
    "prediction_type": "labels",
    "metrics": {
        "train": {
            "rmse": 1.4032082191036273,
            "mae": 0.6484567523002625,
            "r2": 0.9988563701041587,
            "score": -1.4032082191036273
        },
        "val": {
            "rmse": 4.257809812212455,
            "mae": 1.635895848274231,
            "r2": 0.9898253295785546,
            "score": -4.257809812212455
        },
        "test": {
            "rmse": 5.075340470041475,
            "mae": 1.711030125617981,
            "r2": 0.9855038820597115,
            "score": -5.075340470041475
        }
    }
}