{
    "function": "bin.ensemble.main",
    "config": {
        "seeds": [
            5,
            6,
            7,
            8,
            9
        ],
        "data": {
            "path": "data/regression-num-medium-0-elevators"
        }
    },
    "single_model_function": "bin.model.main",
    "prediction_type": "labels",
    "metrics": {
        "train": {
            "rmse": 0.0014829746012874762,
            "mae": 0.00114530383143574,
            "r2": 0.9502094500599697,
            "score": -0.0014829746012874762
        },
        "val": {
            "rmse": 0.0018253721907545443,
            "mae": 0.0013525470858439803,
            "r2": 0.9267355186909367,
            "score": -0.0018253721907545443
        },
        "test": {
            "rmse": 0.0017892315390019447,
            "mae": 0.0013436550507321954,
            "r2": 0.9318915726009317,
            "score": -0.0017892315390019447
        }
    }
}