{
    "function": "bin.model.main",
    "gpus": [
        "NVIDIA A100-SXM4-80GB"
    ],
    "config": {
        "seed": 14,
        "batch_size": 128,
        "patience": 16,
        "n_epochs": -1,
        "gradient_clipping_norm": 1.0,
        "amp": true,
        "data": {
            "cache": true,
            "path": "data/regression-num-medium-2-wine_quality",
            "num_policy": "noisy-quantile"
        },
        "optimizer": {
            "type": "AdamW",
            "lr": 0.001194122510419629,
            "weight_decay": 0.00021414287968128375
        },
        "model": {
            "arch_type": "tabm",
            "k": 32,
            "share_training_batches": false,
            "backbone": {
                "type": "MLP",
                "n_blocks": 4,
                "d_block": 1024,
                "dropout": 0.04131295054417755
            },
            "num_embeddings": {
                "type": "PiecewiseLinearEmbeddings",
                "d_embedding": 8
            }
        },
        "bins": {
            "n_bins": 59
        }
    },
    "n_parameters": 3637272,
    "prediction_type": "labels",
    "epoch_size": 36,
    "best_step": 2376,
    "metrics": {
        "train": {
            "rmse": 0.02920843823272117,
            "mae": 0.02168743498623371,
            "r2": 0.99889272141548,
            "score": -0.02920843823272117
        },
        "val": {
            "rmse": 0.5834858274953291,
            "mae": 0.3975018262863159,
            "r2": 0.5441003243608329,
            "score": -0.5834858274953291
        },
        "test": {
            "rmse": 0.6428437307260522,
            "mae": 0.4271724820137024,
            "r2": 0.44177916157601005,
            "score": -0.6428437307260522
        }
    },
    "time": "0:00:13.150850",
    "chunk_size": null,
    "eval_batch_size": 32768
}