{
    "function": "bin.model.main",
    "gpus": [
        "NVIDIA A100-SXM4-80GB"
    ],
    "config": {
        "seed": 14,
        "batch_size": 256,
        "patience": 16,
        "n_epochs": -1,
        "gradient_clipping_norm": 1.0,
        "amp": true,
        "data": {
            "cache": true,
            "path": "data/regression-num-medium-0-pol",
            "num_policy": "noisy-quantile"
        },
        "optimizer": {
            "type": "AdamW",
            "lr": 0.0026602554182560247,
            "weight_decay": 0.0995299550307223
        },
        "model": {
            "arch_type": "tabm-packed",
            "k": 32,
            "share_training_batches": false,
            "backbone": {
                "type": "MLP",
                "n_blocks": 3,
                "d_block": 416,
                "dropout": 0.0
            }
        }
    },
    "n_parameters": 11474976,
    "prediction_type": "labels",
    "epoch_size": 40,
    "best_step": 2920,
    "metrics": {
        "train": {
            "rmse": 1.5259303897564673,
            "mae": 0.7971857786178589,
            "r2": 0.9986475825646862,
            "score": -1.5259303897564673
        },
        "val": {
            "rmse": 4.32765189659593,
            "mae": 1.7748866081237793,
            "r2": 0.9894887970486508,
            "score": -4.32765189659593
        },
        "test": {
            "rmse": 5.152234727748663,
            "mae": 1.8581867218017578,
            "r2": 0.9850613074348066,
            "score": -5.152234727748663
        }
    },
    "time": "0:00:08.754484",
    "chunk_size": null,
    "eval_batch_size": 32768
}