{
    "function": "bin.model.main",
    "gpus": [
        "NVIDIA A100-SXM4-40GB"
    ],
    "config": {
        "seed": 3,
        "batch_size": 64,
        "patience": 16,
        "n_epochs": -1,
        "gradient_clipping_norm": 1.0,
        "amp": true,
        "data": {
            "cache": true,
            "path": "data/classif-cat-medium-2-KDDCup09_upselling",
            "num_policy": "noisy-quantile",
            "cat_policy": "ordinal"
        },
        "optimizer": {
            "type": "AdamW",
            "lr": 4.99486974003956e-05,
            "weight_decay": 0.0
        },
        "model": {
            "arch_type": "plain",
            "backbone": {
                "type": "MLP",
                "n_blocks": 1,
                "d_block": 320,
                "dropout": 0.26897917052358206
            },
            "num_embeddings": {
                "type": "PeriodicEmbeddings",
                "n_frequencies": 80,
                "d_embedding": 32,
                "frequency_init_scale": 4.7822838967633245,
                "lite": false
            }
        }
    },
    "n_parameters": 548770,
    "prediction_type": "probs",
    "epoch_size": 57,
    "best_step": 171,
    "metrics": {
        "train": {
            "0": {
                "precision": 0.7407407407407407,
                "recall": 0.9417040358744395,
                "f1-score": 0.8292201382033564,
                "support": 1784.0
            },
            "1": {
                "precision": 0.9212717638152914,
                "recall": 0.6742382271468144,
                "f1-score": 0.7786308381317978,
                "support": 1805.0
            },
            "accuracy": 0.8071886319309,
            "macro avg": {
                "precision": 0.831006252278016,
                "recall": 0.8079711315106269,
                "f1-score": 0.803925488167577,
                "support": 3589.0
            },
            "weighted avg": {
                "precision": 0.831534414925629,
                "recall": 0.8071886319309,
                "f1-score": 0.8037774838068217,
                "support": 3589.0
            },
            "cross-entropy": 0.4749653791114982,
            "roc-auc": 0.8960711091512117,
            "score": 0.8071886319309
        },
        "val": {
            "0": {
                "precision": 0.760797342192691,
                "recall": 0.9271255060728745,
                "f1-score": 0.8357664233576642,
                "support": 247.0
            },
            "1": {
                "precision": 0.8867924528301887,
                "recall": 0.6619718309859155,
                "f1-score": 0.7580645161290323,
                "support": 213.0
            },
            "accuracy": 0.8043478260869565,
            "macro avg": {
                "precision": 0.8237948975114399,
                "recall": 0.794548668529395,
                "f1-score": 0.7969154697433483,
                "support": 460.0
            },
            "weighted avg": {
                "precision": 0.819138556466141,
                "recall": 0.8043478260869565,
                "f1-score": 0.799787061967015,
                "support": 460.0
            },
            "cross-entropy": 0.48494809670331374,
            "roc-auc": 0.881051491133033,
            "score": 0.8043478260869565
        },
        "test": {
            "0": {
                "precision": 0.7447129909365559,
                "recall": 0.928436911487759,
                "f1-score": 0.826487845766974,
                "support": 531.0
            },
            "1": {
                "precision": 0.908433734939759,
                "recall": 0.6904761904761905,
                "f1-score": 0.7845993756503641,
                "support": 546.0
            },
            "accuracy": 0.807799442896936,
            "macro avg": {
                "precision": 0.8265733629381574,
                "recall": 0.8094565509819747,
                "f1-score": 0.8055436107086691,
                "support": 1077.0
            },
            "weighted avg": {
                "precision": 0.8277134795398511,
                "recall": 0.807799442896936,
                "f1-score": 0.8052519082705311,
                "support": 1077.0
            },
            "cross-entropy": 0.48357613625412804,
            "roc-auc": 0.8853121141256735,
            "score": 0.807799442896936
        }
    },
    "time": "0:00:03.201290",
    "chunk_size": null,
    "eval_batch_size": 32768
}