{
    "function": "bin.ensemble.main",
    "config": {
        "seeds": [
            0,
            1,
            2,
            3,
            4
        ],
        "data": {
            "path": "data/classif-num-medium-0-credit"
        }
    },
    "single_model_function": "bin.model.main",
    "prediction_type": "probs",
    "metrics": {
        "train": {
            "0": {
                "precision": 0.7777347531461762,
                "recall": 0.7982909379968204,
                "f1-score": 0.787878787878788,
                "support": 5032.0
            },
            "1": {
                "precision": 0.7900723888314375,
                "recall": 0.7689210950080515,
                "f1-score": 0.7793532592063654,
                "support": 4968.0
            },
            "accuracy": 0.7837,
            "macro avg": {
                "precision": 0.7839035709888069,
                "recall": 0.7836060165024359,
                "f1-score": 0.7836160235425766,
                "support": 10000.0
            },
            "weighted avg": {
                "precision": 0.783864090554614,
                "recall": 0.7837,
                "f1-score": 0.7836433052343285,
                "support": 10000.0
            },
            "cross-entropy": 0.46296060144128715,
            "roc-auc": 0.8625084683468636,
            "score": 0.7837
        },
        "val": {
            "0": {
                "precision": 0.7857142857142857,
                "recall": 0.8094758064516129,
                "f1-score": 0.7974180734856008,
                "support": 992.0
            },
            "1": {
                "precision": 0.8094758064516129,
                "recall": 0.7857142857142857,
                "f1-score": 0.7974180734856008,
                "support": 1022.0
            },
            "accuracy": 0.7974180734856008,
            "macro avg": {
                "precision": 0.7975950460829493,
                "recall": 0.7975950460829493,
                "f1-score": 0.7974180734856008,
                "support": 2014.0
            },
            "weighted avg": {
                "precision": 0.7977720186802978,
                "recall": 0.7974180734856008,
                "f1-score": 0.7974180734856008,
                "support": 2014.0
            },
            "cross-entropy": 0.46036302076471003,
            "roc-auc": 0.8644952181049175,
            "score": 0.7974180734856008
        },
        "test": {
            "0": {
                "precision": 0.7600492206726825,
                "recall": 0.7942563223317617,
                "f1-score": 0.7767763571578286,
                "support": 2333.0
            },
            "1": {
                "precision": 0.7877984084880637,
                "recall": 0.752851711026616,
                "f1-score": 0.7699287103046014,
                "support": 2367.0
            },
            "accuracy": 0.7734042553191489,
            "macro avg": {
                "precision": 0.7739238145803731,
                "recall": 0.7735540166791888,
                "f1-score": 0.773352533731215,
                "support": 4700.0
            },
            "weighted avg": {
                "precision": 0.7740241839831096,
                "recall": 0.7734042553191489,
                "f1-score": 0.7733277656468523,
                "support": 4700.0
            },
            "cross-entropy": 0.47806077700390565,
            "roc-auc": 0.8532870257945595,
            "score": 0.7734042553191489
        }
    }
}