{
    "function": "bin.model.main",
    "gpus": [
        "NVIDIA A100-SXM4-80GB"
    ],
    "config": {
        "seed": 6,
        "batch_size": 64,
        "patience": 16,
        "n_epochs": -1,
        "gradient_clipping_norm": 1.0,
        "amp": true,
        "data": {
            "cache": true,
            "path": "data/regression-cat-medium-2-Mercedes_Benz_Greener_Manufacturing",
            "cat_policy": "ordinal"
        },
        "optimizer": {
            "type": "AdamW",
            "lr": 0.0014211251697776696,
            "weight_decay": 0.0
        },
        "model": {
            "arch_type": "tabm-packed",
            "k": 32,
            "share_training_batches": false,
            "backbone": {
                "type": "MLP",
                "n_blocks": 5,
                "d_block": 224,
                "dropout": 0.1095122162691209
            }
        }
    },
    "n_parameters": 11691040,
    "prediction_type": "labels",
    "epoch_size": 47,
    "best_step": 2256,
    "metrics": {
        "train": {
            "rmse": 7.7890321354097205,
            "mae": 4.937864780426025,
            "r2": 0.6192018617709224,
            "score": -7.7890321354097205
        },
        "val": {
            "rmse": 9.476763767957491,
            "mae": 5.967997074127197,
            "r2": 0.5104968939146535,
            "score": -9.476763767957491
        },
        "test": {
            "rmse": 7.904674508754644,
            "mae": 5.399260520935059,
            "r2": 0.5981318307356356,
            "score": -7.904674508754644
        }
    },
    "time": "0:00:39.890302",
    "chunk_size": null,
    "eval_batch_size": 32768
}