{
    "function": "bin.model.main",
    "gpus": [
        "NVIDIA A100-SXM4-80GB"
    ],
    "config": {
        "seed": 9,
        "batch_size": 64,
        "patience": 16,
        "n_epochs": -1,
        "gradient_clipping_norm": 1.0,
        "amp": true,
        "data": {
            "cache": true,
            "path": "data/classif-num-medium-2-kdd_ipums_la_97-small",
            "num_policy": "noisy-quantile"
        },
        "optimizer": {
            "type": "AdamW",
            "lr": 0.002751906902221753,
            "weight_decay": 0.00015595491622494173
        },
        "model": {
            "arch_type": "tabm",
            "k": 32,
            "backbone": {
                "type": "MLP",
                "n_blocks": 4,
                "d_block": 912,
                "dropout": 0.0
            }
        }
    },
    "n_parameters": 2893568,
    "prediction_type": "probs",
    "epoch_size": 57,
    "best_step": 741,
    "metrics": {
        "train": {
            "0": {
                "precision": 0.9688667496886675,
                "recall": 0.863964464186563,
                "f1-score": 0.9134135603169944,
                "support": 1801.0
            },
            "1": {
                "precision": 0.8790123456790123,
                "recall": 0.9726775956284153,
                "f1-score": 0.9234760051880675,
                "support": 1830.0
            },
            "accuracy": 0.9187551638667034,
            "macro avg": {
                "precision": 0.9239395476838399,
                "recall": 0.9183210299074891,
                "f1-score": 0.9184447827525309,
                "support": 3631.0
            },
            "weighted avg": {
                "precision": 0.9235807239828925,
                "recall": 0.9187551638667034,
                "f1-score": 0.9184849660217764,
                "support": 3631.0
            },
            "cross-entropy": 0.20399686086990873,
            "roc-auc": 0.9698594891119992,
            "score": 0.9187551638667034
        },
        "val": {
            "0": {
                "precision": 0.964824120603015,
                "recall": 0.8421052631578947,
                "f1-score": 0.8992974238875878,
                "support": 228.0
            },
            "1": {
                "precision": 0.8656716417910447,
                "recall": 0.9707112970711297,
                "f1-score": 0.9151873767258383,
                "support": 239.0
            },
            "accuracy": 0.9079229122055674,
            "macro avg": {
                "precision": 0.9152478811970299,
                "recall": 0.9064082801145121,
                "f1-score": 0.907242400306713,
                "support": 467.0
            },
            "weighted avg": {
                "precision": 0.9140801325172315,
                "recall": 0.9079229122055674,
                "f1-score": 0.9074295410788981,
                "support": 467.0
            },
            "cross-entropy": 0.23966727167100166,
            "roc-auc": 0.9586911840270131,
            "score": 0.9079229122055674
        },
        "test": {
            "0": {
                "precision": 0.9545454545454546,
                "recall": 0.8176991150442477,
                "f1-score": 0.880838894184938,
                "support": 565.0
            },
            "1": {
                "precision": 0.83003300330033,
                "recall": 0.9580952380952381,
                "f1-score": 0.8894783377541998,
                "support": 525.0
            },
            "accuracy": 0.8853211009174312,
            "macro avg": {
                "precision": 0.8922892289228923,
                "recall": 0.887897176569743,
                "f1-score": 0.8851586159695689,
                "support": 1090.0
            },
            "weighted avg": {
                "precision": 0.8945738610558304,
                "recall": 0.8853211009174312,
                "f1-score": 0.8850000940692154,
                "support": 1090.0
            },
            "cross-entropy": 0.27709883643537725,
            "roc-auc": 0.9433763168984407,
            "score": 0.8853211009174312
        }
    },
    "time": "0:00:05.901916",
    "chunk_size": null,
    "eval_batch_size": 32768
}