{
    "function": "bin.model.main",
    "gpus": [
        "NVIDIA A100-SXM4-40GB"
    ],
    "config": {
        "seed": 4,
        "batch_size": 1024,
        "patience": 16,
        "n_epochs": -1,
        "gradient_clipping_norm": 1.0,
        "amp": true,
        "data": {
            "cache": true,
            "path": "data/weather",
            "num_policy": "noisy-quantile"
        },
        "optimizer": {
            "type": "AdamW",
            "lr": 5.5985782540676044e-05,
            "weight_decay": 0.0
        },
        "model": {
            "arch_type": "plain",
            "backbone": {
                "type": "MLP",
                "n_blocks": 1,
                "d_block": 992,
                "dropout": 0.44754988907809184
            },
            "num_embeddings": {
                "type": "PiecewiseLinearEmbeddings",
                "d_embedding": 16
            }
        },
        "bins": {
            "n_bins": 33
        }
    },
    "n_parameters": 1651137,
    "prediction_type": "labels",
    "epoch_size": 333,
    "best_step": 19980,
    "metrics": {
        "train": {
            "rmse": 1.38448680658691,
            "mae": 1.0161017179489136,
            "r2": 0.8730263995682388,
            "score": -1.38448680658691
        },
        "val": {
            "rmse": 1.5864227755146194,
            "mae": 1.164588451385498,
            "r2": 0.8415275936688731,
            "score": -1.5864227755146194
        },
        "test": {
            "rmse": 1.5189484015334411,
            "mae": 1.115939974784851,
            "r2": 0.8444844563894797,
            "score": -1.5189484015334411
        }
    },
    "time": "0:01:00.032419",
    "chunk_size": null,
    "eval_batch_size": 32768
}