{
    "function": "bin.ensemble.main",
    "config": {
        "seeds": [
            10,
            11,
            12,
            13,
            14
        ],
        "data": {
            "path": "data/adult"
        }
    },
    "single_model_function": "bin.model.main",
    "prediction_type": "probs",
    "metrics": {
        "train": {
            "0": {
                "precision": 0.9212144879429854,
                "recall": 0.9543362831858407,
                "f1-score": 0.9374829239214127,
                "support": 19775.0
            },
            "1": {
                "precision": 0.8376483279395901,
                "recall": 0.7427068388330942,
                "f1-score": 0.7873257287705957,
                "support": 6273.0
            },
            "accuracy": 0.9033707002457002,
            "macro avg": {
                "precision": 0.8794314079412877,
                "recall": 0.8485215610094674,
                "f1-score": 0.8624043263460042,
                "support": 26048.0
            },
            "weighted avg": {
                "precision": 0.9010896982585067,
                "recall": 0.9033707002457002,
                "f1-score": 0.9013213727397068,
                "support": 26048.0
            },
            "cross-entropy": 0.22103596032501793,
            "roc-auc": 0.9604297348840968,
            "score": 0.9033707002457002
        },
        "val": {
            "0": {
                "precision": 0.9003898635477583,
                "recall": 0.9340748230535895,
                "f1-score": 0.916923076923077,
                "support": 4945.0
            },
            "1": {
                "precision": 0.7642805495300072,
                "recall": 0.6741071428571429,
                "f1-score": 0.7163673331074212,
                "support": 1568.0
            },
            "accuracy": 0.8714877936434823,
            "macro avg": {
                "precision": 0.8323352065388827,
                "recall": 0.8040909829553662,
                "f1-score": 0.8166452050152491,
                "support": 6513.0
            },
            "weighted avg": {
                "precision": 0.8676216454639516,
                "recall": 0.8714877936434823,
                "f1-score": 0.8686394278668896,
                "support": 6513.0
            },
            "cross-entropy": 0.27837245298227653,
            "roc-auc": 0.9287753296465199,
            "score": 0.8714877936434823
        },
        "test": {
            "0": {
                "precision": 0.8998991231473578,
                "recall": 0.9326095697627664,
                "f1-score": 0.9159624042334729,
                "support": 12435.0
            },
            "1": {
                "precision": 0.7530936947554508,
                "recall": 0.6645865834633385,
                "f1-score": 0.7060773480662983,
                "support": 3846.0
            },
            "accuracy": 0.8692954978195443,
            "macro avg": {
                "precision": 0.8264964089514043,
                "recall": 0.7985980766130525,
                "f1-score": 0.8110198761498856,
                "support": 16281.0
            },
            "weighted avg": {
                "precision": 0.8652198234977494,
                "recall": 0.8692954978195443,
                "f1-score": 0.8663820390213266,
                "support": 16281.0
            },
            "cross-entropy": 0.28497854908220327,
            "roc-auc": 0.9229372978698802,
            "score": 0.8692954978195443
        }
    }
}