{
    "function": "bin.model.main",
    "gpus": [
        "NVIDIA A100-SXM4-40GB"
    ],
    "config": {
        "seed": 9,
        "batch_size": 1024,
        "patience": 16,
        "n_epochs": -1,
        "gradient_clipping_norm": 1.0,
        "amp": true,
        "data": {
            "cache": true,
            "path": "data/weather",
            "num_policy": "noisy-quantile"
        },
        "optimizer": {
            "type": "AdamW",
            "lr": 5.5985782540676044e-05,
            "weight_decay": 0.0
        },
        "model": {
            "arch_type": "plain",
            "backbone": {
                "type": "MLP",
                "n_blocks": 1,
                "d_block": 992,
                "dropout": 0.44754988907809184
            },
            "num_embeddings": {
                "type": "PiecewiseLinearEmbeddings",
                "d_embedding": 16
            }
        },
        "bins": {
            "n_bins": 33
        }
    },
    "n_parameters": 1651137,
    "prediction_type": "labels",
    "epoch_size": 333,
    "best_step": 19980,
    "metrics": {
        "train": {
            "rmse": 1.383256485347964,
            "mae": 1.0156581401824951,
            "r2": 0.8732519428033425,
            "score": -1.383256485347964
        },
        "val": {
            "rmse": 1.587086529089662,
            "mae": 1.1617850065231323,
            "r2": 0.8413949564527686,
            "score": -1.587086529089662
        },
        "test": {
            "rmse": 1.5157861525603074,
            "mae": 1.1132879257202148,
            "r2": 0.8451312955658999,
            "score": -1.5157861525603074
        }
    },
    "time": "0:01:00.060067",
    "chunk_size": null,
    "eval_batch_size": 32768
}