{
    "function": "bin.model.main",
    "gpus": [
        "NVIDIA A100-SXM4-80GB"
    ],
    "config": {
        "seed": 5,
        "batch_size": 512,
        "patience": 16,
        "n_epochs": -1,
        "gradient_clipping_norm": 1.0,
        "amp": true,
        "data": {
            "cache": true,
            "path": "data/regression-num-large-0-year",
            "num_policy": "noisy-quantile"
        },
        "optimizer": {
            "type": "AdamW",
            "lr": 0.0007424074253399561,
            "weight_decay": 0.00023046412101688019
        },
        "model": {
            "arch_type": "plain",
            "backbone": {
                "type": "MLP",
                "n_blocks": 5,
                "d_block": 464,
                "dropout": 0.36956277801497434
            }
        }
    },
    "n_parameters": 905729,
    "prediction_type": "labels",
    "epoch_size": 98,
    "best_step": 882,
    "metrics": {
        "train": {
            "rmse": 8.201354905748138,
            "mae": 5.784821033477783,
            "r2": 0.4432097959902276,
            "score": -8.201354905748138
        },
        "val": {
            "rmse": 8.851336241454018,
            "mae": 6.177209377288818,
            "r2": 0.32129974212022994,
            "score": -8.851336241454018
        },
        "test": {
            "rmse": 8.938528575264517,
            "mae": 6.187478065490723,
            "r2": 0.32723599707863293,
            "score": -8.938528575264517
        }
    },
    "time": "0:00:06.637755",
    "chunk_size": null,
    "eval_batch_size": 32768
}