{
    "function": "bin.ensemble.main",
    "config": {
        "seeds": [
            0,
            1,
            2,
            3,
            4
        ],
        "data": {
            "path": "data/regression-num-medium-0-Ailerons"
        }
    },
    "single_model_function": "bin.model.main",
    "prediction_type": "labels",
    "metrics": {
        "train": {
            "rmse": 0.0001454810799504439,
            "mae": 0.0001070168727892451,
            "r2": 0.8756474104841716,
            "score": -0.0001454810799504439
        },
        "val": {
            "rmse": 0.00015594238264000074,
            "mae": 0.00011472400365164503,
            "r2": 0.8355430165254386,
            "score": -0.00015594238264000074
        },
        "test": {
            "rmse": 0.0001595948840685167,
            "mae": 0.00011619997530942783,
            "r2": 0.841763125391269,
            "score": -0.0001595948840685167
        }
    }
}