{
    "function": "bin.ensemble.main",
    "config": {
        "seeds": [
            5,
            6,
            7,
            8,
            9
        ],
        "data": {
            "path": "data/regression-num-medium-0-Ailerons"
        }
    },
    "single_model_function": "bin.model.main",
    "prediction_type": "labels",
    "metrics": {
        "train": {
            "rmse": 0.00012218052987996396,
            "mae": 9.097217116504908e-05,
            "r2": 0.9122906635924811,
            "score": -0.00012218052987996396
        },
        "val": {
            "rmse": 0.00014903349119731635,
            "mae": 0.0001085687181330286,
            "r2": 0.8497924667289877,
            "score": -0.00014903349119731635
        },
        "test": {
            "rmse": 0.00015483991553712245,
            "mae": 0.00011035909119527787,
            "r2": 0.8510516777840963,
            "score": -0.00015483991553712245
        }
    }
}