{
    "function": "bin.model.main",
    "gpus": [
        "NVIDIA A100-SXM4-40GB"
    ],
    "config": {
        "seed": 12,
        "batch_size": 256,
        "patience": 16,
        "n_epochs": -1,
        "gradient_clipping_norm": 1.0,
        "amp": true,
        "data": {
            "cache": true,
            "path": "data/regression-num-medium-1-Ailerons",
            "num_policy": "noisy-quantile"
        },
        "optimizer": {
            "type": "AdamW",
            "lr": 0.0009036358055789508,
            "weight_decay": 0.002537737292002705
        },
        "model": {
            "arch_type": "plain",
            "backbone": {
                "type": "MLP",
                "n_blocks": 1,
                "d_block": 784,
                "dropout": 0.20447036706792499
            }
        }
    },
    "n_parameters": 27441,
    "prediction_type": "labels",
    "epoch_size": 38,
    "best_step": 1558,
    "metrics": {
        "train": {
            "rmse": 0.00014760061632444573,
            "mae": 0.00010930736607406288,
            "r2": 0.8685801913161227,
            "score": -0.00014760061632444573
        },
        "val": {
            "rmse": 0.00015236954881346496,
            "mae": 0.00011327667743898928,
            "r2": 0.8574757735034416,
            "score": -0.00015236954881346496
        },
        "test": {
            "rmse": 0.00016744840542793913,
            "mae": 0.00012037967098876834,
            "r2": 0.8345236282606916,
            "score": -0.00016744840542793913
        }
    },
    "time": "0:00:03.557718",
    "chunk_size": null,
    "eval_batch_size": 32768
}