{
    "function": "bin.model.main",
    "gpus": [
        "NVIDIA A100-SXM4-80GB"
    ],
    "config": {
        "seed": 7,
        "batch_size": 256,
        "patience": 16,
        "n_epochs": -1,
        "gradient_clipping_norm": 1.0,
        "amp": true,
        "data": {
            "cache": true,
            "path": "data/adult",
            "num_policy": "noisy-quantile",
            "cat_policy": "ordinal"
        },
        "optimizer": {
            "type": "AdamW",
            "lr": 0.00010632258766605092,
            "weight_decay": 0.07951092079903721
        },
        "model": {
            "arch_type": "plain",
            "backbone": {
                "type": "MLP",
                "n_blocks": 4,
                "d_block": 400,
                "dropout": 0.23115082929957356
            }
        }
    },
    "n_parameters": 525602,
    "prediction_type": "probs",
    "epoch_size": 102,
    "best_step": 3774,
    "metrics": {
        "train": {
            "0": {
                "precision": 0.9161053882725833,
                "recall": 0.9354235145385588,
                "f1-score": 0.9256636725298372,
                "support": 19775.0
            },
            "1": {
                "precision": 0.7819330601092896,
                "recall": 0.7299537701259365,
                "f1-score": 0.7550498804518097,
                "support": 6273.0
            },
            "accuracy": 0.8859413390663391,
            "macro avg": {
                "precision": 0.8490192241909365,
                "recall": 0.8326886423322477,
                "f1-score": 0.8403567764908234,
                "support": 26048.0
            },
            "weighted avg": {
                "precision": 0.8837933867919191,
                "recall": 0.8859413390663391,
                "f1-score": 0.8845756689324221,
                "support": 26048.0
            },
            "cross-entropy": 0.2534133270169871,
            "roc-auc": 0.943926981829497,
            "score": 0.8859413390663391
        },
        "val": {
            "0": {
                "precision": 0.8962787015043547,
                "recall": 0.9156723963599596,
                "f1-score": 0.9058717615284586,
                "support": 4945.0
            },
            "1": {
                "precision": 0.7145790554414785,
                "recall": 0.6658163265306123,
                "f1-score": 0.6893364146583031,
                "support": 1568.0
            },
            "accuracy": 0.8555197297712268,
            "macro avg": {
                "precision": 0.8054288784729167,
                "recall": 0.7907443614452859,
                "f1-score": 0.7976040880933808,
                "support": 6513.0
            },
            "weighted avg": {
                "precision": 0.8525346442301969,
                "recall": 0.8555197297712268,
                "f1-score": 0.8537410346909945,
                "support": 6513.0
            },
            "cross-entropy": 0.3184476480663883,
            "roc-auc": 0.9111187991374508,
            "score": 0.8555197297712268
        },
        "test": {
            "0": {
                "precision": 0.8949318199732009,
                "recall": 0.9130679533574588,
                "f1-score": 0.9039089244486904,
                "support": 12435.0
            },
            "1": {
                "precision": 0.6992209237618253,
                "recall": 0.6534061362454499,
                "f1-score": 0.6755376344086023,
                "support": 3846.0
            },
            "accuracy": 0.8517290092746146,
            "macro avg": {
                "precision": 0.7970763718675131,
                "recall": 0.7832370448014543,
                "f1-score": 0.7897232794286464,
                "support": 16281.0
            },
            "weighted avg": {
                "precision": 0.848699763783228,
                "recall": 0.8517290092746146,
                "f1-score": 0.8499616250509766,
                "support": 16281.0
            },
            "cross-entropy": 0.32242080089875547,
            "roc-auc": 0.9061702339424498,
            "score": 0.8517290092746146
        }
    },
    "time": "0:00:16.388408",
    "chunk_size": null,
    "eval_batch_size": 32768
}