{
    "function": "bin.model.main",
    "gpus": [
        "NVIDIA A100-SXM4-80GB"
    ],
    "config": {
        "seed": 5,
        "batch_size": 64,
        "patience": 16,
        "n_epochs": -1,
        "gradient_clipping_norm": 1.0,
        "amp": true,
        "data": {
            "cache": true,
            "path": "data/regression-cat-medium-2-analcatdata_supreme",
            "num_policy": "noisy-quantile"
        },
        "optimizer": {
            "type": "AdamW",
            "lr": 0.002139322516750537,
            "weight_decay": 0.026058831621058497
        },
        "model": {
            "arch_type": "tabm",
            "k": 32,
            "share_training_batches": false,
            "backbone": {
                "type": "MLP",
                "n_blocks": 2,
                "d_block": 384,
                "dropout": 0.0
            },
            "num_embeddings": {
                "type": "PiecewiseLinearEmbeddingsV2",
                "d_embedding": 8
            }
        },
        "bins": {
            "n_bins": 69
        }
    },
    "n_parameters": 232624,
    "prediction_type": "labels",
    "epoch_size": 45,
    "best_step": 6255,
    "metrics": {
        "train": {
            "rmse": 0.04668316229652077,
            "mae": 0.01538935862481594,
            "r2": 0.9926928069919034,
            "score": -0.04668316229652077
        },
        "val": {
            "rmse": 0.0835023760523561,
            "mae": 0.02527809329330921,
            "r2": 0.9816761953829454,
            "score": -0.0835023760523561
        },
        "test": {
            "rmse": 0.08129074010625646,
            "mae": 0.020674625411629677,
            "r2": 0.9761952118087334,
            "score": -0.08129074010625646
        }
    },
    "time": "0:00:21.348501",
    "chunk_size": null,
    "eval_batch_size": 32768
}