{
    "function": "bin.model.main",
    "gpus": [
        "NVIDIA A100-SXM4-80GB"
    ],
    "config": {
        "seed": 2,
        "batch_size": 256,
        "patience": 16,
        "n_epochs": -1,
        "gradient_clipping_norm": 1.0,
        "amp": true,
        "data": {
            "cache": true,
            "path": "data/classif-num-medium-0-MagicTelescope",
            "num_policy": "noisy-quantile"
        },
        "optimizer": {
            "type": "AdamW",
            "lr": 0.0033593944836421874,
            "weight_decay": 0.00014664931552666436
        },
        "model": {
            "arch_type": "tabm",
            "k": 32,
            "backbone": {
                "type": "MLP",
                "n_blocks": 2,
                "d_block": 224,
                "dropout": 0.30983024058322095
            },
            "num_embeddings": {
                "type": "PiecewiseLinearEmbeddings",
                "d_embedding": 16
            }
        },
        "bins": {
            "n_bins": 6
        }
    },
    "n_parameters": 142656,
    "prediction_type": "probs",
    "epoch_size": 37,
    "best_step": 1924,
    "metrics": {
        "train": {
            "0": {
                "precision": 0.8552330022918259,
                "recall": 0.9499363597793806,
                "f1-score": 0.9001005025125628,
                "support": 4714.0
            },
            "1": {
                "precision": 0.9428156045553671,
                "recall": 0.8369541836954184,
                "f1-score": 0.8867365542388332,
                "support": 4649.0
            },
            "accuracy": 0.8938374452632704,
            "macro avg": {
                "precision": 0.8990243034235965,
                "recall": 0.8934452717373995,
                "f1-score": 0.893418528375698,
                "support": 9363.0
            },
            "weighted avg": {
                "precision": 0.898720294604461,
                "recall": 0.8938374452632704,
                "f1-score": 0.8934649161060084,
                "support": 9363.0
            },
            "cross-entropy": 0.24915214068611993,
            "roc-auc": 0.962960132210311,
            "score": 0.8938374452632704
        },
        "val": {
            "0": {
                "precision": 0.8376722817764165,
                "recall": 0.9414802065404475,
                "f1-score": 0.886547811993517,
                "support": 581.0
            },
            "1": {
                "precision": 0.9381818181818182,
                "recall": 0.8295819935691319,
                "f1-score": 0.8805460750853243,
                "support": 622.0
            },
            "accuracy": 0.8836242726517041,
            "macro avg": {
                "precision": 0.8879270499791174,
                "recall": 0.8855311000547896,
                "f1-score": 0.8835469435394206,
                "support": 1203.0
            },
            "weighted avg": {
                "precision": 0.8896398060026508,
                "recall": 0.8836242726517041,
                "f1-score": 0.883444669552207,
                "support": 1203.0
            },
            "cross-entropy": 0.2918377279840212,
            "roc-auc": 0.9444964054656846,
            "score": 0.8836242726517041
        },
        "test": {
            "0": {
                "precision": 0.8161577608142494,
                "recall": 0.9210337401292176,
                "f1-score": 0.8654300168634065,
                "support": 1393.0
            },
            "1": {
                "precision": 0.9111470113085622,
                "recall": 0.7960479887085392,
                "f1-score": 0.8497175141242939,
                "support": 1417.0
            },
            "accuracy": 0.8580071174377224,
            "macro avg": {
                "precision": 0.8636523860614058,
                "recall": 0.8585408644188783,
                "f1-score": 0.8575737654938502,
                "support": 2810.0
            },
            "weighted avg": {
                "precision": 0.8640580341062213,
                "recall": 0.8580071174377224,
                "f1-score": 0.8575066658380248,
                "support": 2810.0
            },
            "cross-entropy": 0.3246815896648833,
            "roc-auc": 0.933050675294002,
            "score": 0.8580071174377224
        }
    },
    "time": "0:00:18.459124",
    "chunk_size": null,
    "eval_batch_size": 32768
}