{
    "function": "bin.ensemble.main",
    "config": {
        "seeds": [
            0,
            1,
            2,
            3,
            4
        ],
        "data": {
            "path": "data/covtype2"
        }
    },
    "single_model_function": "bin.model.main",
    "prediction_type": "probs",
    "metrics": {
        "train": {
            "0": {
                "precision": 0.9961913759761444,
                "recall": 0.9954859933027482,
                "f1-score": 0.9958385597284735,
                "support": 135578.0
            },
            "1": {
                "precision": 0.996538533617012,
                "recall": 0.9971651076597247,
                "f1-score": 0.9968517221796449,
                "support": 181312.0
            },
            "2": {
                "precision": 0.9987321850135525,
                "recall": 0.9983830084782799,
                "f1-score": 0.9985575662208236,
                "support": 22882.0
            },
            "3": {
                "precision": 0.9954622802041974,
                "recall": 0.9977259806708357,
                "f1-score": 0.9965928449744463,
                "support": 1759.0
            },
            "4": {
                "precision": 0.9912800263244488,
                "recall": 0.9917695473251029,
                "f1-score": 0.9915247264050029,
                "support": 6075.0
            },
            "5": {
                "precision": 0.9973021582733813,
                "recall": 0.9977507872244714,
                "f1-score": 0.9975264223071734,
                "support": 11115.0
            },
            "6": {
                "precision": 0.9954212454212454,
                "recall": 0.9937528569251867,
                "f1-score": 0.9945863515059093,
                "support": 13126.0
            },
            "accuracy": 0.9964393957729927,
            "macro avg": {
                "precision": 0.995846829261426,
                "recall": 0.9960047545123356,
                "f1-score": 0.9959254561887821,
                "support": 371847.0
            },
            "weighted avg": {
                "precision": 0.9964393309725496,
                "recall": 0.9964393957729927,
                "f1-score": 0.9964392346690947,
                "support": 371847.0
            },
            "cross-entropy": 0.027972671868355486,
            "score": 0.9964393957729927
        },
        "val": {
            "0": {
                "precision": 0.9717647754486592,
                "recall": 0.9697291556027615,
                "f1-score": 0.9707458983711623,
                "support": 33894.0
            },
            "1": {
                "precision": 0.9748855432294418,
                "recall": 0.9771223085068832,
                "f1-score": 0.9760026443367121,
                "support": 45328.0
            },
            "2": {
                "precision": 0.969807391983342,
                "recall": 0.9769271106449922,
                "f1-score": 0.9733542319749217,
                "support": 5721.0
            },
            "3": {
                "precision": 0.9272300469483568,
                "recall": 0.8997722095671982,
                "f1-score": 0.9132947976878613,
                "support": 439.0
            },
            "4": {
                "precision": 0.9225543478260869,
                "recall": 0.8940092165898618,
                "f1-score": 0.9080575058508861,
                "support": 1519.0
            },
            "5": {
                "precision": 0.9560518731988472,
                "recall": 0.9550197912918316,
                "f1-score": 0.9555355535553555,
                "support": 2779.0
            },
            "6": {
                "precision": 0.9706422018348624,
                "recall": 0.9670932358318098,
                "f1-score": 0.9688644688644689,
                "support": 3282.0
            },
            "accuracy": 0.9716765990404681,
            "macro avg": {
                "precision": 0.9561337400670852,
                "recall": 0.9485247182907626,
                "f1-score": 0.9522650143773382,
                "support": 92962.0
            },
            "weighted avg": {
                "precision": 0.9716422323002673,
                "recall": 0.9716765990404681,
                "f1-score": 0.9716528383719278,
                "support": 92962.0
            },
            "cross-entropy": 0.07746853616313493,
            "score": 0.9716765990404681
        },
        "test": {
            "0": {
                "precision": 0.9718119852314683,
                "recall": 0.969151246223565,
                "f1-score": 0.9704797920113447,
                "support": 42368.0
            },
            "1": {
                "precision": 0.9735772715278389,
                "recall": 0.9767388503556238,
                "f1-score": 0.9751554983877504,
                "support": 56661.0
            },
            "2": {
                "precision": 0.9676523670692767,
                "recall": 0.9746888547056356,
                "f1-score": 0.9711578654033719,
                "support": 7151.0
            },
            "3": {
                "precision": 0.9165120593692022,
                "recall": 0.8998178506375227,
                "f1-score": 0.9080882352941176,
                "support": 549.0
            },
            "4": {
                "precision": 0.9177180471749863,
                "recall": 0.8809899947340706,
                "f1-score": 0.8989790435249866,
                "support": 1899.0
            },
            "5": {
                "precision": 0.9520369835307715,
                "recall": 0.9487474805643535,
                "f1-score": 0.9503893856359965,
                "support": 3473.0
            },
            "6": {
                "precision": 0.9742647058823529,
                "recall": 0.9690394929302779,
                "f1-score": 0.9716450745538989,
                "support": 4102.0
            },
            "accuracy": 0.9708097037081659,
            "macro avg": {
                "precision": 0.9533676313979853,
                "recall": 0.9455962528787213,
                "f1-score": 0.9494135564016382,
                "support": 116203.0
            },
            "weighted avg": {
                "precision": 0.970767054282152,
                "recall": 0.9708097037081659,
                "f1-score": 0.9707788567812261,
                "support": 116203.0
            },
            "cross-entropy": 0.07869375206519573,
            "score": 0.9708097037081659
        }
    }
}