{
    "function": "bin.ensemble.main",
    "config": {
        "seeds": [
            0,
            1,
            2,
            3,
            4
        ],
        "data": {
            "path": "data/microsoft"
        }
    },
    "single_model_function": "bin.model.main",
    "prediction_type": "labels",
    "metrics": {
        "train": {
            "rmse": 0.6465518835495062,
            "mae": 0.5190460085868835,
            "r2": 0.3815149115712506,
            "score": -0.6465518835495062
        },
        "val": {
            "rmse": 0.738179356239491,
            "mae": 0.57935631275177,
            "r2": 0.2090752725237276,
            "score": -0.738179356239491
        },
        "test": {
            "rmse": 0.7414436628350354,
            "mae": 0.5798410177230835,
            "r2": 0.2072268506787719,
            "score": -0.7414436628350354
        }
    }
}