{
    "function": "bin.model.main",
    "gpus": [
        "NVIDIA A100-SXM4-40GB"
    ],
    "config": {
        "seed": 2,
        "batch_size": 128,
        "patience": 16,
        "n_epochs": -1,
        "gradient_clipping_norm": 1.0,
        "amp": true,
        "data": {
            "cache": true,
            "path": "data/regression-num-medium-0-wine_quality",
            "num_policy": "noisy-quantile"
        },
        "optimizer": {
            "type": "AdamW",
            "lr": 0.00326856732278416,
            "weight_decay": 0.006283813202103093
        },
        "model": {
            "arch_type": "tabm-mini",
            "k": 32,
            "backbone": {
                "type": "MLP",
                "n_blocks": 5,
                "d_block": 768,
                "dropout": 0.014707422740254794
            }
        }
    },
    "n_parameters": 2396544,
    "prediction_type": "labels",
    "epoch_size": 36,
    "best_step": 2052,
    "metrics": {
        "train": {
            "rmse": 0.09045128039286218,
            "mae": 0.05806330591440201,
            "r2": 0.9891238524143048,
            "score": -0.09045128039286218
        },
        "val": {
            "rmse": 0.6410603555883524,
            "mae": 0.4353214502334595,
            "r2": 0.5194152868568009,
            "score": -0.6410603555883524
        },
        "test": {
            "rmse": 0.626310690796221,
            "mae": 0.41992419958114624,
            "r2": 0.4812582133243044,
            "score": -0.626310690796221
        }
    },
    "time": "0:00:23.704052",
    "chunk_size": null,
    "eval_batch_size": 32768
}