{
    "function": "bin.model.main",
    "gpus": [
        "NVIDIA A100-SXM4-40GB"
    ],
    "config": {
        "seed": 4,
        "batch_size": 64,
        "patience": 16,
        "n_epochs": -1,
        "gradient_clipping_norm": 1.0,
        "amp": true,
        "data": {
            "cache": true,
            "path": "data/classif-cat-medium-0-KDDCup09_upselling",
            "num_policy": "noisy-quantile",
            "cat_policy": "ordinal"
        },
        "optimizer": {
            "type": "AdamW",
            "lr": 0.0010037181644619194,
            "weight_decay": 0.0
        },
        "model": {
            "arch_type": "tabm-mini",
            "k": 32,
            "backbone": {
                "type": "MLP",
                "n_blocks": 3,
                "d_block": 656,
                "dropout": 0.44957086116318207
            },
            "num_embeddings": {
                "type": "PiecewiseLinearEmbeddingsV2",
                "d_embedding": 20
            }
        },
        "bins": {
            "n_bins": 82
        }
    },
    "n_parameters": 1475744,
    "prediction_type": "probs",
    "epoch_size": 57,
    "best_step": 855,
    "metrics": {
        "train": {
            "0": {
                "precision": 0.8140929535232384,
                "recall": 0.9019933554817275,
                "f1-score": 0.8557919621749409,
                "support": 1806.0
            },
            "1": {
                "precision": 0.8885390428211587,
                "recall": 0.7913628715647785,
                "f1-score": 0.8371403144467516,
                "support": 1783.0
            },
            "accuracy": 0.8470325996099192,
            "macro avg": {
                "precision": 0.8513159981721985,
                "recall": 0.8466781135232531,
                "f1-score": 0.8464661383108463,
                "support": 3589.0
            },
            "weighted avg": {
                "precision": 0.8510774553951224,
                "recall": 0.8470325996099192,
                "f1-score": 0.8465259025763447,
                "support": 3589.0
            },
            "cross-entropy": 0.30801711658441644,
            "roc-auc": 0.9413173139451035,
            "score": 0.8470325996099192
        },
        "val": {
            "0": {
                "precision": 0.7828054298642534,
                "recall": 0.8317307692307693,
                "f1-score": 0.8065268065268065,
                "support": 208.0
            },
            "1": {
                "precision": 0.8529411764705882,
                "recall": 0.8087649402390438,
                "f1-score": 0.8302658486707567,
                "support": 251.0
            },
            "accuracy": 0.8191721132897604,
            "macro avg": {
                "precision": 0.8178733031674208,
                "recall": 0.8202478547349066,
                "f1-score": 0.8183963275987816,
                "support": 459.0
            },
            "weighted avg": {
                "precision": 0.8211585287709855,
                "recall": 0.8191721132897604,
                "f1-score": 0.8195082870891844,
                "support": 459.0
            },
            "cross-entropy": 0.3246580002790868,
            "roc-auc": 0.9204528041679436,
            "score": 0.8191721132897604
        },
        "test": {
            "0": {
                "precision": 0.7979966611018364,
                "recall": 0.8722627737226277,
                "f1-score": 0.8334786399302528,
                "support": 548.0
            },
            "1": {
                "precision": 0.8532494758909853,
                "recall": 0.7708333333333334,
                "f1-score": 0.8099502487562189,
                "support": 528.0
            },
            "accuracy": 0.8224907063197026,
            "macro avg": {
                "precision": 0.8256230684964109,
                "recall": 0.8215480535279805,
                "f1-score": 0.8217144443432358,
                "support": 1076.0
            },
            "weighted avg": {
                "precision": 0.8251095665002293,
                "recall": 0.8224907063197026,
                "f1-score": 0.8219331096887195,
                "support": 1076.0
            },
            "cross-entropy": 0.3886967773617855,
            "roc-auc": 0.9077637690776377,
            "score": 0.8224907063197026
        }
    },
    "time": "0:00:06.898809",
    "chunk_size": null,
    "eval_batch_size": 32768
}