{
    "function": "bin.model.main",
    "gpus": [
        "NVIDIA A100-SXM4-80GB"
    ],
    "config": {
        "seed": 14,
        "batch_size": 256,
        "patience": 16,
        "n_epochs": -1,
        "gradient_clipping_norm": 1.0,
        "amp": true,
        "data": {
            "cache": true,
            "path": "data/churn",
            "num_policy": "noisy-quantile",
            "cat_policy": "ordinal"
        },
        "optimizer": {
            "type": "AdamW",
            "lr": 0.0006190067987407164,
            "weight_decay": 0.00309166818098747
        },
        "model": {
            "arch_type": "tabm",
            "k": 32,
            "share_training_batches": false,
            "backbone": {
                "type": "MLP",
                "n_blocks": 3,
                "d_block": 736,
                "dropout": 0.45353608208111235
            },
            "num_embeddings": {
                "type": "PiecewiseLinearEmbeddings",
                "d_embedding": 24
            }
        },
        "bins": {
            "n_bins": 9
        }
    },
    "n_parameters": 1456760,
    "prediction_type": "probs",
    "epoch_size": 25,
    "best_step": 800,
    "metrics": {
        "train": {
            "0": {
                "precision": 0.8816472694717995,
                "recall": 0.966248037676609,
                "f1-score": 0.922011047654714,
                "support": 5096.0
            },
            "1": {
                "precision": 0.7889570552147239,
                "recall": 0.49309815950920244,
                "f1-score": 0.6068900424728646,
                "support": 1304.0
            },
            "accuracy": 0.86984375,
            "macro avg": {
                "precision": 0.8353021623432617,
                "recall": 0.7296730985929057,
                "f1-score": 0.7644505450637893,
                "support": 6400.0
            },
            "weighted avg": {
                "precision": 0.8627616383169203,
                "recall": 0.86984375,
                "f1-score": 0.8578051428489121,
                "support": 6400.0
            },
            "cross-entropy": 0.3141306829489626,
            "roc-auc": 0.88409079417515,
            "score": 0.86984375
        },
        "val": {
            "0": {
                "precision": 0.8803963198867657,
                "recall": 0.9764521193092621,
                "f1-score": 0.9259397097134351,
                "support": 1274.0
            },
            "1": {
                "precision": 0.839572192513369,
                "recall": 0.4815950920245399,
                "f1-score": 0.6120857699805069,
                "support": 326.0
            },
            "accuracy": 0.875625,
            "macro avg": {
                "precision": 0.8599842562000674,
                "recall": 0.729023605666901,
                "f1-score": 0.769012739846971,
                "support": 1600.0
            },
            "weighted avg": {
                "precision": 0.8720784039344361,
                "recall": 0.875625,
                "f1-score": 0.861991969492851,
                "support": 1600.0
            },
            "cross-entropy": 0.3256768381626615,
            "roc-auc": 0.8716255260952895,
            "score": 0.875625
        },
        "test": {
            "0": {
                "precision": 0.8733747880158281,
                "recall": 0.9698681732580038,
                "f1-score": 0.9190957763236168,
                "support": 1593.0
            },
            "1": {
                "precision": 0.7922077922077922,
                "recall": 0.44963144963144963,
                "f1-score": 0.5736677115987461,
                "support": 407.0
            },
            "accuracy": 0.864,
            "macro avg": {
                "precision": 0.8327912901118102,
                "recall": 0.7097498114447267,
                "f1-score": 0.7463817439611815,
                "support": 2000.0
            },
            "weighted avg": {
                "precision": 0.8568573043688927,
                "recall": 0.864,
                "f1-score": 0.8488011651521056,
                "support": 2000.0
            },
            "cross-entropy": 0.3369787079518067,
            "roc-auc": 0.8621441163814045,
            "score": 0.864
        }
    },
    "time": "0:00:07.113954",
    "chunk_size": null,
    "eval_batch_size": 32768
}