{
    "function": "bin.model.main",
    "gpus": [
        "NVIDIA A100-SXM4-80GB"
    ],
    "config": {
        "seed": 12,
        "batch_size": 256,
        "patience": 16,
        "n_epochs": -1,
        "gradient_clipping_norm": 1.0,
        "amp": true,
        "data": {
            "cache": true,
            "path": "data/regression-cat-medium-2-Brazilian_houses",
            "num_policy": "noisy-quantile",
            "cat_policy": "ordinal"
        },
        "optimizer": {
            "type": "AdamW",
            "lr": 0.0019406700142328868,
            "weight_decay": 0.0004929029256912265
        },
        "model": {
            "arch_type": "tabm-mini",
            "k": 32,
            "backbone": {
                "type": "MLP",
                "n_blocks": 1,
                "d_block": 96,
                "dropout": 0.0
            }
        }
    },
    "n_parameters": 5376,
    "prediction_type": "labels",
    "epoch_size": 30,
    "best_step": 3750,
    "metrics": {
        "train": {
            "rmse": 0.03347606011183974,
            "mae": 0.012523503974080086,
            "r2": 0.9982365065743516,
            "score": -0.03347606011183974
        },
        "val": {
            "rmse": 0.025714061346759295,
            "mae": 0.013002455234527588,
            "r2": 0.9989527764815691,
            "score": -0.025714061346759295
        },
        "test": {
            "rmse": 0.07615372551591208,
            "mae": 0.014476548880338669,
            "r2": 0.9910108613388295,
            "score": -0.07615372551591208
        }
    },
    "time": "0:00:08.955327",
    "chunk_size": null,
    "eval_batch_size": 32768
}