{
    "function": "bin.model.main",
    "gpus": [
        "NVIDIA A100-SXM4-40GB"
    ],
    "config": {
        "seed": 5,
        "batch_size": 32,
        "patience": 16,
        "n_epochs": -1,
        "gradient_clipping_norm": 1.0,
        "amp": true,
        "data": {
            "cache": true,
            "path": "data/classif-num-medium-3-wine",
            "num_policy": "noisy-quantile"
        },
        "optimizer": {
            "type": "AdamW",
            "lr": 3.0645636419884114e-05,
            "weight_decay": 0.0
        },
        "model": {
            "arch_type": "plain",
            "backbone": {
                "type": "MLP",
                "n_blocks": 3,
                "d_block": 560,
                "dropout": 0.0
            },
            "num_embeddings": {
                "type": "PeriodicEmbeddings",
                "n_frequencies": 28,
                "d_embedding": 16,
                "frequency_init_scale": 0.22575912617290256,
                "lite": false
            }
        }
    },
    "n_parameters": 738902,
    "prediction_type": "probs",
    "epoch_size": 56,
    "best_step": 3024,
    "metrics": {
        "train": {
            "0": {
                "precision": 0.9560570071258907,
                "recall": 0.8934517203107658,
                "f1-score": 0.9236947791164658,
                "support": 901.0
            },
            "1": {
                "precision": 0.8984126984126984,
                "recall": 0.9582392776523702,
                "f1-score": 0.9273620972146368,
                "support": 886.0
            },
            "accuracy": 0.9255735870173475,
            "macro avg": {
                "precision": 0.9272348527692946,
                "recall": 0.925845498981568,
                "f1-score": 0.9255284381655513,
                "support": 1787.0
            },
            "weighted avg": {
                "precision": 0.9274767846749179,
                "recall": 0.9255735870173475,
                "f1-score": 0.9255130465115299,
                "support": 1787.0
            },
            "cross-entropy": 0.1985348683351604,
            "roc-auc": 0.9811915779557703,
            "score": 0.9255735870173475
        },
        "val": {
            "0": {
                "precision": 0.845360824742268,
                "recall": 0.7256637168141593,
                "f1-score": 0.780952380952381,
                "support": 113.0
            },
            "1": {
                "precision": 0.7669172932330827,
                "recall": 0.8717948717948718,
                "f1-score": 0.8160000000000001,
                "support": 117.0
            },
            "accuracy": 0.8,
            "macro avg": {
                "precision": 0.8061390589876753,
                "recall": 0.7987292943045156,
                "f1-score": 0.7984761904761906,
                "support": 230.0
            },
            "weighted avg": {
                "precision": 0.805456941322378,
                "recall": 0.8,
                "f1-score": 0.7987809523809525,
                "support": 230.0
            },
            "cross-entropy": 0.5628412945826206,
            "roc-auc": 0.8391952197261932,
            "score": 0.8
        },
        "test": {
            "0": {
                "precision": 0.7947598253275109,
                "recall": 0.6920152091254753,
                "f1-score": 0.7398373983739837,
                "support": 263.0
            },
            "1": {
                "precision": 0.737012987012987,
                "recall": 0.8284671532846716,
                "f1-score": 0.7800687285223368,
                "support": 274.0
            },
            "accuracy": 0.7616387337057728,
            "macro avg": {
                "precision": 0.765886406170249,
                "recall": 0.7602411812050734,
                "f1-score": 0.7599530634481602,
                "support": 537.0
            },
            "weighted avg": {
                "precision": 0.765294958105575,
                "recall": 0.7616387337057728,
                "f1-score": 0.7603651161777989,
                "support": 537.0
            },
            "cross-entropy": 0.5552476956112241,
            "roc-auc": 0.8450570342205324,
            "score": 0.7616387337057728
        }
    },
    "time": "0:00:11.984386",
    "chunk_size": null,
    "eval_batch_size": 32768
}