{
    "function": "bin.model.main",
    "gpus": [
        "NVIDIA A100-SXM4-80GB"
    ],
    "config": {
        "seed": 3,
        "batch_size": 64,
        "patience": 16,
        "n_epochs": -1,
        "gradient_clipping_norm": 1.0,
        "amp": true,
        "data": {
            "cache": true,
            "path": "data/regression-cat-medium-3-analcatdata_supreme",
            "num_policy": "noisy-quantile"
        },
        "optimizer": {
            "type": "AdamW",
            "lr": 0.000409164330220923,
            "weight_decay": 0.0
        },
        "model": {
            "arch_type": "plain",
            "backbone": {
                "type": "MLP",
                "n_blocks": 5,
                "d_block": 208,
                "dropout": 0.4294273636328988
            },
            "num_embeddings": {
                "type": "PeriodicEmbeddings",
                "n_frequencies": 24,
                "d_embedding": 20,
                "frequency_init_scale": 0.3116402639344421,
                "lite": true
            }
        }
    },
    "n_parameters": 185733,
    "prediction_type": "labels",
    "epoch_size": 45,
    "best_step": 1035,
    "metrics": {
        "train": {
            "rmse": 0.07868403159470776,
            "mae": 0.03326716646552086,
            "r2": 0.9797849610447934,
            "score": -0.07868403159470776
        },
        "val": {
            "rmse": 0.0915710024092088,
            "mae": 0.033834442496299744,
            "r2": 0.9718248738802392,
            "score": -0.0915710024092088
        },
        "test": {
            "rmse": 0.06463569014109984,
            "mae": 0.03021874651312828,
            "r2": 0.9855297468718103,
            "score": -0.06463569014109984
        }
    },
    "time": "0:00:06.121544",
    "chunk_size": null,
    "eval_batch_size": 32768
}