{
    "function": "bin.ensemble.main",
    "config": {
        "seeds": [
            10,
            11,
            12,
            13,
            14
        ],
        "data": {
            "path": "data/weather"
        }
    },
    "single_model_function": "bin.model.main",
    "prediction_type": "labels",
    "metrics": {
        "train": {
            "rmse": 1.380848540569788,
            "mae": 1.0120787620544434,
            "r2": 0.8736928609848794,
            "score": -1.380848540569788
        },
        "val": {
            "rmse": 1.5780711400878291,
            "mae": 1.156092643737793,
            "r2": 0.8431917319661645,
            "score": -1.5780711400878291
        },
        "test": {
            "rmse": 1.50632708023832,
            "mae": 1.1050399541854858,
            "r2": 0.8470581592388811,
            "score": -1.50632708023832
        }
    }
}