{
    "function": "bin.model.main",
    "gpus": [
        "NVIDIA A100-SXM4-80GB"
    ],
    "config": {
        "seed": 13,
        "batch_size": 256,
        "patience": 16,
        "n_epochs": -1,
        "gradient_clipping_norm": 1.0,
        "amp": true,
        "data": {
            "cache": true,
            "path": "data/classif-num-medium-1-bank-marketing",
            "num_policy": "noisy-quantile"
        },
        "optimizer": {
            "type": "AdamW",
            "lr": 4.481050663259531e-05,
            "weight_decay": 0.021600820741402058
        },
        "model": {
            "arch_type": "tabm-packed",
            "k": 32,
            "share_training_batches": false,
            "backbone": {
                "type": "MLP",
                "n_blocks": 5,
                "d_block": 1008,
                "dropout": 0.0
            }
        }
    },
    "n_parameters": 130507840,
    "prediction_type": "probs",
    "epoch_size": 29,
    "best_step": 377,
    "metrics": {
        "train": {
            "0": {
                "precision": 0.8082612336031259,
                "recall": 0.7912568306010929,
                "f1-score": 0.7996686455888444,
                "support": 3660.0
            },
            "1": {
                "precision": 0.8000523423187648,
                "recall": 0.8165064102564102,
                "f1-score": 0.808195637805684,
                "support": 3744.0
            },
            "accuracy": 0.8040248514316586,
            "macro avg": {
                "precision": 0.8041567879609453,
                "recall": 0.8038816204287516,
                "f1-score": 0.8039321416972642,
                "support": 7404.0
            },
            "weighted avg": {
                "precision": 0.8041102221270795,
                "recall": 0.8040248514316586,
                "f1-score": 0.80398051199347,
                "support": 7404.0
            },
            "cross-entropy": 0.42979788106111105,
            "roc-auc": 0.8824931548036056,
            "score": 0.8040248514316586
        },
        "val": {
            "0": {
                "precision": 0.844758064516129,
                "recall": 0.8151750972762646,
                "f1-score": 0.8297029702970297,
                "support": 514.0
            },
            "1": {
                "precision": 0.7916666666666666,
                "recall": 0.8242009132420092,
                "f1-score": 0.8076062639821028,
                "support": 438.0
            },
            "accuracy": 0.819327731092437,
            "macro avg": {
                "precision": 0.8182123655913978,
                "recall": 0.8196880052591369,
                "f1-score": 0.8186546171395662,
                "support": 952.0
            },
            "weighted avg": {
                "precision": 0.8203315600433722,
                "recall": 0.819327731092437,
                "f1-score": 0.8195366285260864,
                "support": 952.0
            },
            "cross-entropy": 0.41831294581492434,
            "roc-auc": 0.8873727413250893,
            "score": 0.819327731092437
        },
        "test": {
            "0": {
                "precision": 0.7824909747292419,
                "recall": 0.7775784753363228,
                "f1-score": 0.7800269905533064,
                "support": 1115.0
            },
            "1": {
                "precision": 0.77737881508079,
                "recall": 0.7822944896115628,
                "f1-score": 0.779828905898244,
                "support": 1107.0
            },
            "accuracy": 0.7799279927992799,
            "macro avg": {
                "precision": 0.779934894905016,
                "recall": 0.7799364824739428,
                "f1-score": 0.7799279482257753,
                "support": 2222.0
            },
            "weighted avg": {
                "precision": 0.7799440977126639,
                "recall": 0.7799279927992799,
                "f1-score": 0.7799283048138131,
                "support": 2222.0
            },
            "cross-entropy": 0.4665845075081884,
            "roc-auc": 0.8590672483705406,
            "score": 0.7799279927992799
        }
    },
    "time": "0:00:12.741050",
    "chunk_size": null,
    "eval_batch_size": 32768
}