{
    "function": "bin.ensemble.main",
    "config": {
        "seeds": [
            10,
            11,
            12,
            13,
            14
        ],
        "data": {
            "path": "data/regression-cat-medium-0-analcatdata_supreme"
        }
    },
    "single_model_function": "bin.model.main",
    "prediction_type": "labels",
    "metrics": {
        "train": {
            "rmse": 0.08504495631844244,
            "mae": 0.02096063457429409,
            "r2": 0.9750722936789455,
            "score": -0.08504495631844244
        },
        "val": {
            "rmse": 0.031054996617896,
            "mae": 0.01271497830748558,
            "r2": 0.996850633361586,
            "score": -0.031054996617896
        },
        "test": {
            "rmse": 0.07523833629344116,
            "mae": 0.020843029022216797,
            "r2": 0.9832135503944517,
            "score": -0.07523833629344116
        }
    }
}