{
    "function": "bin.ensemble.main",
    "config": {
        "seeds": [
            10,
            11,
            12,
            13,
            14
        ],
        "data": {
            "path": "data/regression-num-medium-0-cpu_act"
        }
    },
    "single_model_function": "bin.model.main",
    "prediction_type": "labels",
    "metrics": {
        "train": {
            "rmse": 1.2295806101544038,
            "mae": 0.9188402891159058,
            "r2": 0.995460101368803,
            "score": -1.2295806101544038
        },
        "val": {
            "rmse": 2.2700271458620134,
            "mae": 1.6313581466674805,
            "r2": 0.9847790891495036,
            "score": -2.2700271458620134
        },
        "test": {
            "rmse": 2.432754396346227,
            "mae": 1.717470407485962,
            "r2": 0.9834275539374685,
            "score": -2.432754396346227
        }
    }
}