{
    "function": "bin.model.main",
    "gpus": [
        "NVIDIA A100-SXM4-80GB"
    ],
    "config": {
        "seed": 5,
        "batch_size": 32,
        "patience": 16,
        "n_epochs": -1,
        "gradient_clipping_norm": 1.0,
        "amp": true,
        "data": {
            "cache": true,
            "path": "data/classif-num-medium-1-wine",
            "num_policy": "noisy-quantile"
        },
        "optimizer": {
            "type": "AdamW",
            "lr": 0.0005132398040456128,
            "weight_decay": 0.0017178184434916692
        },
        "model": {
            "arch_type": "tabm",
            "k": 32,
            "share_training_batches": false,
            "backbone": {
                "type": "MLP",
                "n_blocks": 3,
                "d_block": 944,
                "dropout": 0.021345227029519295
            },
            "num_embeddings": {
                "type": "PiecewiseLinearEmbeddings",
                "d_embedding": 8
            }
        },
        "bins": {
            "n_bins": 60
        }
    },
    "n_parameters": 2175760,
    "prediction_type": "probs",
    "epoch_size": 56,
    "best_step": 840,
    "metrics": {
        "train": {
            "0": {
                "precision": 0.9164705882352941,
                "recall": 0.8684503901895206,
                "f1-score": 0.8918145392100745,
                "support": 897.0
            },
            "1": {
                "precision": 0.8740661686232657,
                "recall": 0.9202247191011236,
                "f1-score": 0.8965517241379309,
                "support": 890.0
            },
            "accuracy": 0.8942361499720202,
            "macro avg": {
                "precision": 0.8952683784292799,
                "recall": 0.894337554645322,
                "f1-score": 0.8941831316740028,
                "support": 1787.0
            },
            "weighted avg": {
                "precision": 0.8953514312936572,
                "recall": 0.8942361499720202,
                "f1-score": 0.8941738534718496,
                "support": 1787.0
            },
            "cross-entropy": 0.2711304358556403,
            "roc-auc": 0.962976463367279,
            "score": 0.8942361499720202
        },
        "val": {
            "0": {
                "precision": 0.8064516129032258,
                "recall": 0.8264462809917356,
                "f1-score": 0.8163265306122448,
                "support": 121.0
            },
            "1": {
                "precision": 0.8018867924528302,
                "recall": 0.7798165137614679,
                "f1-score": 0.7906976744186047,
                "support": 109.0
            },
            "accuracy": 0.8043478260869565,
            "macro avg": {
                "precision": 0.804169202678028,
                "recall": 0.8031313973766017,
                "f1-score": 0.8035121025154248,
                "support": 230.0
            },
            "weighted avg": {
                "precision": 0.8042882849506471,
                "recall": 0.8043478260869565,
                "f1-score": 0.8041806813726502,
                "support": 230.0
            },
            "cross-entropy": 0.49035700046421554,
            "roc-auc": 0.8540450375312761,
            "score": 0.8043478260869565
        },
        "test": {
            "0": {
                "precision": 0.7748917748917749,
                "recall": 0.6911196911196911,
                "f1-score": 0.7306122448979592,
                "support": 259.0
            },
            "1": {
                "precision": 0.738562091503268,
                "recall": 0.8129496402877698,
                "f1-score": 0.773972602739726,
                "support": 278.0
            },
            "accuracy": 0.7541899441340782,
            "macro avg": {
                "precision": 0.7567269331975215,
                "recall": 0.7520346657037305,
                "f1-score": 0.7522924238188426,
                "support": 537.0
            },
            "weighted avg": {
                "precision": 0.7560842293014491,
                "recall": 0.7541899441340782,
                "f1-score": 0.7530595064994697,
                "support": 537.0
            },
            "cross-entropy": 0.5102619319796127,
            "roc-auc": 0.8307963667675897,
            "score": 0.7541899441340782
        }
    },
    "time": "0:00:06.524682",
    "chunk_size": null,
    "eval_batch_size": 32768
}