{
    "function": "bin.model.main",
    "gpus": [
        "NVIDIA A100-SXM4-80GB"
    ],
    "config": {
        "seed": 6,
        "batch_size": 256,
        "patience": 16,
        "n_epochs": -1,
        "gradient_clipping_norm": 1.0,
        "amp": true,
        "data": {
            "cache": true,
            "path": "data/regression-num-medium-0-Ailerons",
            "num_policy": "noisy-quantile"
        },
        "optimizer": {
            "type": "AdamW",
            "lr": 0.0011331149486621037,
            "weight_decay": 0.0
        },
        "model": {
            "arch_type": "tabm-mini",
            "k": 32,
            "share_training_batches": false,
            "backbone": {
                "type": "MLP",
                "n_blocks": 4,
                "d_block": 528,
                "dropout": 0.2401232895407742
            }
        }
    },
    "n_parameters": 873872,
    "prediction_type": "labels",
    "epoch_size": 38,
    "best_step": 2166,
    "metrics": {
        "train": {
            "rmse": 0.00013210200025757466,
            "mae": 9.812576900003478e-05,
            "r2": 0.8974677251010555,
            "score": -0.00013210200025757466
        },
        "val": {
            "rmse": 0.0001505533096942491,
            "mae": 0.000110140725155361,
            "r2": 0.8467132570345763,
            "score": -0.0001505533096942491
        },
        "test": {
            "rmse": 0.0001560247129367053,
            "mae": 0.00011206839553778991,
            "r2": 0.8487635167748753,
            "score": -0.0001560247129367053
        }
    },
    "time": "0:00:08.607832",
    "chunk_size": null,
    "eval_batch_size": 32768
}