{
    "function": "bin.model.main",
    "gpus": [
        "NVIDIA A100-SXM4-40GB"
    ],
    "config": {
        "seed": 10,
        "batch_size": 512,
        "patience": 16,
        "n_epochs": -1,
        "gradient_clipping_norm": 1.0,
        "amp": true,
        "data": {
            "cache": true,
            "path": "data/black-friday",
            "num_policy": "noisy-quantile",
            "cat_policy": "ordinal"
        },
        "optimizer": {
            "type": "AdamW",
            "lr": 0.004575572939904494,
            "weight_decay": 0.03754560842882555
        },
        "model": {
            "arch_type": "tabm-mini",
            "k": 32,
            "backbone": {
                "type": "MLP",
                "n_blocks": 2,
                "d_block": 448,
                "dropout": 0.0
            },
            "num_embeddings": {
                "type": "PiecewiseLinearEmbeddings",
                "d_embedding": 16
            }
        },
        "bins": {
            "n_bins": 52
        }
    },
    "n_parameters": 257152,
    "prediction_type": "labels",
    "epoch_size": 209,
    "best_step": 11704,
    "metrics": {
        "train": {
            "rmse": 0.6303637657064618,
            "mae": 0.4896145164966583,
            "r2": 0.6019678782066455,
            "score": -0.6303637657064618
        },
        "val": {
            "rmse": 0.6807798399351382,
            "mae": 0.5259526968002319,
            "r2": 0.5352193355639958,
            "score": -0.6807798399351382
        },
        "test": {
            "rmse": 0.6825740729647548,
            "mae": 0.529040515422821,
            "r2": 0.5376105803625401,
            "score": -0.6825740729647548
        }
    },
    "time": "0:00:43.204718",
    "chunk_size": null,
    "eval_batch_size": 32768
}