{
    "function": "bin.model.main",
    "gpus": [
        "NVIDIA A100-SXM4-40GB"
    ],
    "config": {
        "seed": 5,
        "batch_size": 64,
        "patience": 16,
        "n_epochs": -1,
        "gradient_clipping_norm": 1.0,
        "amp": true,
        "data": {
            "cache": true,
            "path": "data/regression-cat-medium-2-analcatdata_supreme",
            "num_policy": "noisy-quantile"
        },
        "optimizer": {
            "type": "AdamW",
            "lr": 0.004451482823710481,
            "weight_decay": 0.0
        },
        "model": {
            "arch_type": "tabm-mini",
            "k": 32,
            "backbone": {
                "type": "MLP",
                "n_blocks": 2,
                "d_block": 528,
                "dropout": 0.030140155655941563
            },
            "num_embeddings": {
                "type": "PiecewiseLinearEmbeddings",
                "d_embedding": 24
            }
        },
        "bins": {
            "n_bins": 60
        }
    },
    "n_parameters": 331024,
    "prediction_type": "labels",
    "epoch_size": 45,
    "best_step": 585,
    "metrics": {
        "train": {
            "rmse": 0.06777793679707003,
            "mae": 0.022671377286314964,
            "r2": 0.98459695025636,
            "score": -0.06777793679707003
        },
        "val": {
            "rmse": 0.10462369842842001,
            "mae": 0.02964765764772892,
            "r2": 0.9712340881356637,
            "score": -0.10462369842842001
        },
        "test": {
            "rmse": 0.07859795877153782,
            "mae": 0.023930082097649574,
            "r2": 0.9777461768503958,
            "score": -0.07859795877153782
        }
    },
    "time": "0:00:03.847104",
    "chunk_size": null,
    "eval_batch_size": 32768
}