{
    "function": "bin.model.main",
    "gpus": [
        "NVIDIA A100-SXM4-40GB"
    ],
    "config": {
        "seed": 13,
        "batch_size": 32,
        "patience": 16,
        "n_epochs": -1,
        "gradient_clipping_norm": 1.0,
        "amp": true,
        "data": {
            "cache": true,
            "path": "data/classif-num-medium-4-phoneme",
            "num_policy": "noisy-quantile"
        },
        "optimizer": {
            "type": "AdamW",
            "lr": 0.00431654115445721,
            "weight_decay": 0.0
        },
        "model": {
            "arch_type": "tabm-mini",
            "k": 32,
            "backbone": {
                "type": "MLP",
                "n_blocks": 3,
                "d_block": 1008,
                "dropout": 0.0
            },
            "num_embeddings": {
                "type": "PiecewiseLinearEmbeddings",
                "d_embedding": 32
            }
        },
        "bins": {
            "n_bins": 92
        }
    },
    "n_parameters": 2281168,
    "prediction_type": "probs",
    "epoch_size": 70,
    "best_step": 2660,
    "metrics": {
        "train": {
            "0": {
                "precision": 0.9827429609445958,
                "recall": 0.975653742110009,
                "f1-score": 0.9791855203619909,
                "support": 1109.0
            },
            "1": {
                "precision": 0.9758713136729222,
                "recall": 0.9828982898289829,
                "f1-score": 0.9793721973094169,
                "support": 1111.0
            },
            "accuracy": 0.9792792792792793,
            "macro avg": {
                "precision": 0.979307137308759,
                "recall": 0.979276015969496,
                "f1-score": 0.979278858835704,
                "support": 2220.0
            },
            "weighted avg": {
                "precision": 0.9793040419721502,
                "recall": 0.9792792792792793,
                "f1-score": 0.979278942924419,
                "support": 2220.0
            },
            "cross-entropy": 0.07305168114027025,
            "roc-auc": 0.9985269040880644,
            "score": 0.9792792792792793
        },
        "val": {
            "0": {
                "precision": 0.950354609929078,
                "recall": 0.8993288590604027,
                "f1-score": 0.9241379310344828,
                "support": 149.0
            },
            "1": {
                "precision": 0.8958333333333334,
                "recall": 0.9485294117647058,
                "f1-score": 0.9214285714285715,
                "support": 136.0
            },
            "accuracy": 0.9228070175438596,
            "macro avg": {
                "precision": 0.9230939716312057,
                "recall": 0.9239291354125543,
                "f1-score": 0.9227832512315272,
                "support": 285.0
            },
            "weighted avg": {
                "precision": 0.9243374393430386,
                "recall": 0.9228070175438596,
                "f1-score": 0.9228450436435918,
                "support": 285.0
            },
            "cross-entropy": 0.2474138834755456,
            "roc-auc": 0.9648144492696408,
            "score": 0.9228070175438596
        },
        "test": {
            "0": {
                "precision": 0.88,
                "recall": 0.8719512195121951,
                "f1-score": 0.8759571209800919,
                "support": 328.0
            },
            "1": {
                "precision": 0.8771929824561403,
                "recall": 0.8849557522123894,
                "f1-score": 0.8810572687224669,
                "support": 339.0
            },
            "accuracy": 0.8785607196401799,
            "macro avg": {
                "precision": 0.8785964912280702,
                "recall": 0.8784534858622923,
                "f1-score": 0.8785071948512795,
                "support": 667.0
            },
            "weighted avg": {
                "precision": 0.8785733449064941,
                "recall": 0.8785607196401799,
                "f1-score": 0.8785492500425582,
                "support": 667.0
            },
            "cross-entropy": 0.27687273697937087,
            "roc-auc": 0.957137204115404,
            "score": 0.8785607196401799
        }
    },
    "time": "0:00:12.618152",
    "chunk_size": null,
    "eval_batch_size": 32768
}