{
    "function": "bin.ensemble.main",
    "config": {
        "seeds": [
            0,
            1,
            2,
            3,
            4
        ],
        "data": {
            "path": "data/black-friday"
        }
    },
    "single_model_function": "bin.model.main",
    "prediction_type": "labels",
    "metrics": {
        "train": {
            "rmse": 0.6422594433881303,
            "mae": 0.49579548835754395,
            "r2": 0.5868034842703085,
            "score": -0.6422594433881303
        },
        "val": {
            "rmse": 0.6756198227196154,
            "mae": 0.5205785036087036,
            "r2": 0.5422382957627834,
            "score": -0.6756198227196154
        },
        "test": {
            "rmse": 0.6759171101267636,
            "mae": 0.5222201943397522,
            "r2": 0.5465856794665755,
            "score": -0.6759171101267636
        }
    }
}