{
    "function": "bin.model.main",
    "gpus": [
        "NVIDIA A100-SXM4-40GB"
    ],
    "config": {
        "seed": 2,
        "batch_size": 64,
        "patience": 16,
        "n_epochs": -1,
        "gradient_clipping_norm": 1.0,
        "amp": true,
        "data": {
            "cache": true,
            "path": "data/classif-cat-medium-0-KDDCup09_upselling",
            "num_policy": "noisy-quantile",
            "cat_policy": "ordinal"
        },
        "optimizer": {
            "type": "AdamW",
            "lr": 0.00018610871722847256,
            "weight_decay": 0.019825884980646614
        },
        "model": {
            "arch_type": "plain",
            "backbone": {
                "type": "MLP",
                "n_blocks": 3,
                "d_block": 112,
                "dropout": 0.0
            },
            "num_embeddings": {
                "type": "PeriodicEmbeddings",
                "n_frequencies": 80,
                "d_embedding": 24,
                "frequency_init_scale": 0.018430272886397026,
                "lite": false
            }
        }
    },
    "n_parameters": 258642,
    "prediction_type": "probs",
    "epoch_size": 57,
    "best_step": 1197,
    "metrics": {
        "train": {
            "0": {
                "precision": 0.8505963590709353,
                "recall": 0.7502768549280178,
                "f1-score": 0.7972933215651662,
                "support": 1806.0
            },
            "1": {
                "precision": 0.7740480961923848,
                "recall": 0.8665171060011218,
                "f1-score": 0.8176766340301668,
                "support": 1783.0
            },
            "accuracy": 0.8080245193647255,
            "macro avg": {
                "precision": 0.8123222276316601,
                "recall": 0.8083969804645698,
                "f1-score": 0.8074849777976665,
                "support": 3589.0
            },
            "weighted avg": {
                "precision": 0.8125675062672418,
                "recall": 0.8080245193647255,
                "f1-score": 0.8074196648711277,
                "support": 3589.0
            },
            "cross-entropy": 0.36630918019158876,
            "roc-auc": 0.9158494555134657,
            "score": 0.8080245193647255
        },
        "val": {
            "0": {
                "precision": 0.8440860215053764,
                "recall": 0.7548076923076923,
                "f1-score": 0.7969543147208122,
                "support": 208.0
            },
            "1": {
                "precision": 0.8131868131868132,
                "recall": 0.8844621513944223,
                "f1-score": 0.8473282442748092,
                "support": 251.0
            },
            "accuracy": 0.8257080610021786,
            "macro avg": {
                "precision": 0.8286364173460947,
                "recall": 0.8196349218510572,
                "f1-score": 0.8221412794978107,
                "support": 459.0
            },
            "weighted avg": {
                "precision": 0.8271890688082971,
                "recall": 0.8257080610021786,
                "f1-score": 0.8245008426468542,
                "support": 459.0
            },
            "cross-entropy": 0.345957128335507,
            "roc-auc": 0.9219564051486362,
            "score": 0.8257080610021786
        },
        "test": {
            "0": {
                "precision": 0.8512035010940919,
                "recall": 0.7098540145985401,
                "f1-score": 0.7741293532338308,
                "support": 548.0
            },
            "1": {
                "precision": 0.7431340872374798,
                "recall": 0.8712121212121212,
                "f1-score": 0.8020924149956408,
                "support": 528.0
            },
            "accuracy": 0.7890334572490706,
            "macro avg": {
                "precision": 0.7971687941657859,
                "recall": 0.7905330679053306,
                "f1-score": 0.7881108841147357,
                "support": 1076.0
            },
            "weighted avg": {
                "precision": 0.7981731567480964,
                "recall": 0.7890334572490706,
                "f1-score": 0.7878510043585851,
                "support": 1076.0
            },
            "cross-entropy": 0.4103928596909061,
            "roc-auc": 0.9008429412740544,
            "score": 0.7890334572490706
        }
    },
    "time": "0:00:07.273974",
    "chunk_size": null,
    "eval_batch_size": 32768
}