{
    "function": "bin.model.main",
    "gpus": [
        "NVIDIA A100-SXM4-80GB"
    ],
    "config": {
        "seed": 7,
        "batch_size": 256,
        "patience": 16,
        "n_epochs": -1,
        "gradient_clipping_norm": 1.0,
        "amp": true,
        "data": {
            "cache": true,
            "path": "data/classif-num-medium-2-MagicTelescope",
            "num_policy": "noisy-quantile"
        },
        "optimizer": {
            "type": "AdamW",
            "lr": 0.0011959800669338468,
            "weight_decay": 0.0
        },
        "model": {
            "arch_type": "tabm-packed",
            "k": 32,
            "share_training_batches": false,
            "backbone": {
                "type": "MLP",
                "n_blocks": 3,
                "d_block": 992,
                "dropout": 0.0
            }
        }
    },
    "n_parameters": 63456320,
    "prediction_type": "probs",
    "epoch_size": 37,
    "best_step": 851,
    "metrics": {
        "train": {
            "0": {
                "precision": 0.9006662628709873,
                "recall": 0.956065152164595,
                "f1-score": 0.9275392452437884,
                "support": 4666.0
            },
            "1": {
                "precision": 0.953514739229025,
                "recall": 0.8952522886949117,
                "f1-score": 0.9234654661249588,
                "support": 4697.0
            },
            "accuracy": 0.9255580476343053,
            "macro avg": {
                "precision": 0.9270905010500061,
                "recall": 0.9256587204297533,
                "f1-score": 0.9255023556843736,
                "support": 9363.0
            },
            "weighted avg": {
                "precision": 0.9271779891823942,
                "recall": 0.9255580476343053,
                "f1-score": 0.9254956117373117,
                "support": 9363.0
            },
            "cross-entropy": 0.18695055303100622,
            "roc-auc": 0.980279657944383,
            "score": 0.9255580476343053
        },
        "val": {
            "0": {
                "precision": 0.839563862928349,
                "recall": 0.8983333333333333,
                "f1-score": 0.8679549114331723,
                "support": 600.0
            },
            "1": {
                "precision": 0.8912655971479501,
                "recall": 0.8291873963515755,
                "f1-score": 0.8591065292096219,
                "support": 603.0
            },
            "accuracy": 0.8636741479634248,
            "macro avg": {
                "precision": 0.8654147300381495,
                "recall": 0.8637603648424543,
                "f1-score": 0.8635307203213971,
                "support": 1203.0
            },
            "weighted avg": {
                "precision": 0.8654791960409172,
                "recall": 0.8636741479634248,
                "f1-score": 0.8635196874258566,
                "support": 1203.0
            },
            "cross-entropy": 0.3584179688186567,
            "roc-auc": 0.9263156440022112,
            "score": 0.8636741479634248
        },
        "test": {
            "0": {
                "precision": 0.8395792241946088,
                "recall": 0.8980309423347398,
                "f1-score": 0.8678219503907577,
                "support": 1422.0
            },
            "1": {
                "precision": 0.8875096974398758,
                "recall": 0.8242074927953891,
                "f1-score": 0.8546880836757563,
                "support": 1388.0
            },
            "accuracy": 0.8615658362989324,
            "macro avg": {
                "precision": 0.8635444608172423,
                "recall": 0.8611192175650644,
                "f1-score": 0.861255017033257,
                "support": 2810.0
            },
            "weighted avg": {
                "precision": 0.8632544899826625,
                "recall": 0.8615658362989324,
                "f1-score": 0.8613344745898959,
                "support": 2810.0
            },
            "cross-entropy": 0.32009607867890105,
            "roc-auc": 0.9371542090735541,
            "score": 0.8615658362989324
        }
    },
    "time": "0:00:12.188476",
    "chunk_size": null,
    "eval_batch_size": 32768
}