{
    "function": "bin.model.main",
    "gpus": [
        "NVIDIA A100-SXM4-80GB"
    ],
    "config": {
        "seed": 6,
        "batch_size": 512,
        "patience": 16,
        "n_epochs": -1,
        "gradient_clipping_norm": 1.0,
        "amp": true,
        "data": {
            "cache": true,
            "path": "data/classif-num-large-0-jannis",
            "num_policy": "noisy-quantile"
        },
        "optimizer": {
            "type": "AdamW",
            "lr": 3.442010718833056e-05,
            "weight_decay": 0.0
        },
        "model": {
            "arch_type": "plain",
            "backbone": {
                "type": "MLP",
                "n_blocks": 5,
                "d_block": 384,
                "dropout": 0.37805288910390616
            },
            "num_embeddings": {
                "type": "PiecewiseLinearEmbeddings",
                "d_embedding": 24
            }
        },
        "bins": {
            "n_bins": 45
        }
    },
    "n_parameters": 1151090,
    "prediction_type": "probs",
    "epoch_size": 79,
    "best_step": 2765,
    "metrics": {
        "train": {
            "0": {
                "precision": 0.8519173093401885,
                "recall": 0.7884510532837671,
                "f1-score": 0.8189564187710763,
                "support": 20175.0
            },
            "1": {
                "precision": 0.8027179439770731,
                "recall": 0.8626496448263872,
                "f1-score": 0.8316054112294984,
                "support": 20131.0
            },
            "accuracy": 0.8255098496501762,
            "macro avg": {
                "precision": 0.8273176266586308,
                "recall": 0.8255503490550771,
                "f1-score": 0.8252809150002873,
                "support": 40306.0
            },
            "weighted avg": {
                "precision": 0.8273444808748265,
                "recall": 0.8255098496501762,
                "f1-score": 0.8252740108710239,
                "support": 40306.0
            },
            "cross-entropy": 0.4003774469950463,
            "roc-auc": 0.8983753785690098,
            "score": 0.8255098496501762
        },
        "val": {
            "0": {
                "precision": 0.8275566966195977,
                "recall": 0.7542901716068643,
                "f1-score": 0.7892266884309326,
                "support": 2564.0
            },
            "1": {
                "precision": 0.7785588752196837,
                "recall": 0.8460656990068754,
                "f1-score": 0.8109097565440235,
                "support": 2618.0
            },
            "accuracy": 0.8006561173292165,
            "macro avg": {
                "precision": 0.8030577859196407,
                "recall": 0.8001779353068699,
                "f1-score": 0.800068222487478,
                "support": 5182.0
            },
            "weighted avg": {
                "precision": 0.8028024904395563,
                "recall": 0.8006561173292165,
                "f1-score": 0.80018119872041,
                "support": 5182.0
            },
            "cross-entropy": 0.45327348588209326,
            "roc-auc": 0.8673646029110835,
            "score": 0.8006561173292165
        },
        "test": {
            "0": {
                "precision": 0.8109843081312411,
                "recall": 0.7516113039167079,
                "f1-score": 0.7801698258855819,
                "support": 6051.0
            },
            "1": {
                "precision": 0.7681986428130784,
                "recall": 0.8245323621916901,
                "f1-score": 0.795369261477046,
                "support": 6041.0
            },
            "accuracy": 0.7880416804498842,
            "macro avg": {
                "precision": 0.7895914754721598,
                "recall": 0.788071833054199,
                "f1-score": 0.7877695436813139,
                "support": 12092.0
            },
            "weighted avg": {
                "precision": 0.7896091671961581,
                "recall": 0.7880416804498842,
                "f1-score": 0.7877632587674901,
                "support": 12092.0
            },
            "cross-entropy": 0.45400872775677464,
            "roc-auc": 0.8676331877600238,
            "score": 0.7880416804498842
        }
    },
    "time": "0:00:15.132216",
    "chunk_size": null,
    "eval_batch_size": 32768
}