{
    "function": "bin.model.main",
    "gpus": [
        "NVIDIA A100-SXM4-40GB"
    ],
    "config": {
        "seed": 13,
        "batch_size": 256,
        "patience": 16,
        "n_epochs": -1,
        "gradient_clipping_norm": 1.0,
        "amp": true,
        "data": {
            "cache": true,
            "path": "data/regression-num-medium-0-pol",
            "num_policy": "noisy-quantile"
        },
        "optimizer": {
            "type": "AdamW",
            "lr": 0.00021009430243562,
            "weight_decay": 0.0
        },
        "model": {
            "arch_type": "plain",
            "backbone": {
                "type": "MLP",
                "n_blocks": 3,
                "d_block": 480,
                "dropout": 0.0
            },
            "num_embeddings": {
                "type": "PeriodicEmbeddings",
                "n_frequencies": 72,
                "d_embedding": 32,
                "frequency_init_scale": 0.11132016805607804,
                "lite": false
            }
        }
    },
    "n_parameters": 984593,
    "prediction_type": "labels",
    "epoch_size": 40,
    "best_step": 1360,
    "metrics": {
        "train": {
            "rmse": 1.9787313149799606,
            "mae": 0.9335070252418518,
            "r2": 0.9977258718500074,
            "score": -1.9787313149799606
        },
        "val": {
            "rmse": 2.697892963398579,
            "mae": 1.164756178855896,
            "r2": 0.9959149515670227,
            "score": -2.697892963398579
        },
        "test": {
            "rmse": 2.7920744204344525,
            "mae": 1.141540765762329,
            "r2": 0.9956129223662006,
            "score": -2.7920744204344525
        }
    },
    "time": "0:00:06.075044",
    "chunk_size": null,
    "eval_batch_size": 32768
}