{
    "function": "bin.model.main",
    "gpus": [
        "NVIDIA A100-SXM4-80GB"
    ],
    "config": {
        "seed": 0,
        "batch_size": 256,
        "patience": 16,
        "n_epochs": -1,
        "gradient_clipping_norm": 1.0,
        "amp": true,
        "data": {
            "cache": true,
            "path": "data/regression-cat-medium-1-Brazilian_houses",
            "num_policy": "noisy-quantile",
            "cat_policy": "ordinal"
        },
        "optimizer": {
            "type": "AdamW",
            "lr": 0.0029438317979379527,
            "weight_decay": 0.0
        },
        "model": {
            "arch_type": "tabm",
            "k": 32,
            "backbone": {
                "type": "MLP",
                "n_blocks": 1,
                "d_block": 64,
                "dropout": 0.0
            },
            "num_embeddings": {
                "type": "PiecewiseLinearEmbeddings",
                "d_embedding": 12
            }
        },
        "bins": {
            "n_bins": 66
        }
    },
    "n_parameters": 22496,
    "prediction_type": "labels",
    "epoch_size": 30,
    "best_step": 1920,
    "metrics": {
        "train": {
            "rmse": 0.03954917851485517,
            "mae": 0.008937806822359562,
            "r2": 0.9975810281448968,
            "score": -0.03954917851485517
        },
        "val": {
            "rmse": 0.018733256253679956,
            "mae": 0.008563398383557796,
            "r2": 0.9994334797463946,
            "score": -0.018733256253679956
        },
        "test": {
            "rmse": 0.03129804166856126,
            "mae": 0.008575077168643475,
            "r2": 0.9984039325281331,
            "score": -0.03129804166856126
        }
    },
    "time": "0:00:12.996330",
    "chunk_size": null,
    "eval_batch_size": 32768
}