{
    "function": "bin.model.main",
    "gpus": [
        "NVIDIA A100-SXM4-80GB"
    ],
    "config": {
        "seed": 14,
        "batch_size": 128,
        "patience": 16,
        "n_epochs": -1,
        "gradient_clipping_norm": 1.0,
        "amp": true,
        "data": {
            "cache": true,
            "path": "data/regression-num-medium-0-wine_quality",
            "num_policy": "noisy-quantile"
        },
        "optimizer": {
            "type": "AdamW",
            "lr": 0.004369528637522345,
            "weight_decay": 0.0
        },
        "model": {
            "arch_type": "tabm",
            "k": 32,
            "backbone": {
                "type": "MLP",
                "n_blocks": 5,
                "d_block": 528,
                "dropout": 0.01574858695141394
            }
        }
    },
    "n_parameters": 1374768,
    "prediction_type": "labels",
    "epoch_size": 36,
    "best_step": 2880,
    "metrics": {
        "train": {
            "rmse": 0.13188522265346955,
            "mae": 0.09012176096439362,
            "r2": 0.9768773299525134,
            "score": -0.13188522265346955
        },
        "val": {
            "rmse": 0.639358990824006,
            "mae": 0.43705740571022034,
            "r2": 0.5219628331211217,
            "score": -0.639358990824006
        },
        "test": {
            "rmse": 0.6200455992219582,
            "mae": 0.4258527159690857,
            "r2": 0.49158438728269194,
            "score": -0.6200455992219582
        }
    },
    "time": "0:00:14.144844",
    "chunk_size": null,
    "eval_batch_size": 32768
}