{
    "function": "bin.model.main",
    "gpus": [
        "NVIDIA A100-SXM4-40GB"
    ],
    "config": {
        "seed": 12,
        "batch_size": 128,
        "patience": 16,
        "n_epochs": -1,
        "gradient_clipping_norm": 1.0,
        "amp": true,
        "data": {
            "cache": true,
            "path": "data/regression-num-medium-2-isolet",
            "num_policy": "noisy-quantile"
        },
        "optimizer": {
            "type": "AdamW",
            "lr": 0.0041721381245196625,
            "weight_decay": 0.0
        },
        "model": {
            "arch_type": "tabm",
            "k": 32,
            "backbone": {
                "type": "MLP",
                "n_blocks": 5,
                "d_block": 800,
                "dropout": 0.0
            }
        }
    },
    "n_parameters": 3454048,
    "prediction_type": "labels",
    "epoch_size": 43,
    "best_step": 1333,
    "metrics": {
        "train": {
            "rmse": 0.3678622032814783,
            "mae": 0.24894385039806366,
            "r2": 0.9976035854645126,
            "score": -0.3678622032814783
        },
        "val": {
            "rmse": 2.5104568182766824,
            "mae": 0.9737613201141357,
            "r2": 0.885073522813909,
            "score": -2.5104568182766824
        },
        "test": {
            "rmse": 1.9015779618423747,
            "mae": 0.8068519830703735,
            "r2": 0.9355728994973505,
            "score": -1.9015779618423747
        }
    },
    "time": "0:00:28.903914",
    "chunk_size": null,
    "eval_batch_size": 32768
}