{
    "function": "bin.model.main",
    "gpus": [
        "NVIDIA A100-SXM4-80GB"
    ],
    "config": {
        "seed": 10,
        "batch_size": 256,
        "patience": 16,
        "n_epochs": -1,
        "gradient_clipping_norm": 1.0,
        "amp": true,
        "data": {
            "cache": true,
            "path": "data/regression-num-medium-0-MiamiHousing2016",
            "num_policy": "noisy-quantile"
        },
        "optimizer": {
            "type": "AdamW",
            "lr": 0.0027390361328641713,
            "weight_decay": 0.07525584324699564
        },
        "model": {
            "arch_type": "tabm-packed",
            "k": 32,
            "share_training_batches": false,
            "backbone": {
                "type": "MLP",
                "n_blocks": 3,
                "d_block": 752,
                "dropout": 0.07018530472933197
            }
        }
    },
    "n_parameters": 36601376,
    "prediction_type": "labels",
    "epoch_size": 39,
    "best_step": 2496,
    "metrics": {
        "train": {
            "rmse": 0.09297959360628248,
            "mae": 0.067196324467659,
            "r2": 0.9731853252718715,
            "score": -0.09297959360628248
        },
        "val": {
            "rmse": 0.1468898248292594,
            "mae": 0.09807395935058594,
            "r2": 0.9328324628781904,
            "score": -0.1468898248292594
        },
        "test": {
            "rmse": 0.15179021850181867,
            "mae": 0.10258596390485764,
            "r2": 0.9285973976270706,
            "score": -0.15179021850181867
        }
    },
    "time": "0:00:15.701419",
    "chunk_size": null,
    "eval_batch_size": 32768
}