{
    "function": "bin.model.main",
    "gpus": [
        "NVIDIA A100-SXM4-80GB"
    ],
    "config": {
        "seed": 6,
        "batch_size": 64,
        "patience": 16,
        "n_epochs": -1,
        "gradient_clipping_norm": 1.0,
        "amp": true,
        "data": {
            "cache": true,
            "path": "data/classif-num-medium-1-kdd_ipums_la_97-small",
            "num_policy": "noisy-quantile"
        },
        "optimizer": {
            "type": "AdamW",
            "lr": 0.00027620936277706373,
            "weight_decay": 0.005494864467898597
        },
        "model": {
            "arch_type": "tabm-mini",
            "k": 32,
            "backbone": {
                "type": "MLP",
                "n_blocks": 5,
                "d_block": 112,
                "dropout": 0.0
            }
        }
    },
    "n_parameters": 60848,
    "prediction_type": "probs",
    "epoch_size": 57,
    "best_step": 456,
    "metrics": {
        "train": {
            "0": {
                "precision": 0.9426336375488917,
                "recall": 0.8042269187986651,
                "f1-score": 0.8679471788715487,
                "support": 1798.0
            },
            "1": {
                "precision": 0.832141154029566,
                "recall": 0.9519912711402073,
                "f1-score": 0.8880407124681934,
                "support": 1833.0
            },
            "accuracy": 0.8788212613605068,
            "macro avg": {
                "precision": 0.8873873957892289,
                "recall": 0.8781090949694362,
                "f1-score": 0.8779939456698711,
                "support": 3631.0
            },
            "weighted avg": {
                "precision": 0.8868548652297168,
                "recall": 0.8788212613605068,
                "f1-score": 0.8780907886436913,
                "support": 3631.0
            },
            "cross-entropy": 0.29148830519071445,
            "roc-auc": 0.9425402656889179,
            "score": 0.8788212613605068
        },
        "val": {
            "0": {
                "precision": 0.943127962085308,
                "recall": 0.8614718614718615,
                "f1-score": 0.9004524886877828,
                "support": 231.0
            },
            "1": {
                "precision": 0.875,
                "recall": 0.9491525423728814,
                "f1-score": 0.9105691056910569,
                "support": 236.0
            },
            "accuracy": 0.9057815845824411,
            "macro avg": {
                "precision": 0.909063981042654,
                "recall": 0.9053122019223714,
                "f1-score": 0.9055107971894198,
                "support": 467.0
            },
            "weighted avg": {
                "precision": 0.9086992703248525,
                "recall": 0.9057815845824411,
                "f1-score": 0.9055649546680241,
                "support": 467.0
            },
            "cross-entropy": 0.27104645519768256,
            "roc-auc": 0.9469330104923326,
            "score": 0.9057815845824411
        },
        "test": {
            "0": {
                "precision": 0.936127744510978,
                "recall": 0.8300884955752212,
                "f1-score": 0.8799249530956847,
                "support": 565.0
            },
            "1": {
                "precision": 0.8370118845500849,
                "recall": 0.939047619047619,
                "f1-score": 0.8850987432675044,
                "support": 525.0
            },
            "accuracy": 0.8825688073394495,
            "macro avg": {
                "precision": 0.8865698145305314,
                "recall": 0.8845680573114201,
                "f1-score": 0.8825118481815946,
                "support": 1090.0
            },
            "weighted avg": {
                "precision": 0.8883884541628414,
                "recall": 0.8825688073394495,
                "f1-score": 0.8824169162518364,
                "support": 1090.0
            },
            "cross-entropy": 0.28876799552832366,
            "roc-auc": 0.9429616519174042,
            "score": 0.8825688073394495
        }
    },
    "time": "0:00:04.215866",
    "chunk_size": null,
    "eval_batch_size": 32768
}