{
    "function": "bin.model.main",
    "gpus": [
        "NVIDIA A100-SXM4-80GB"
    ],
    "config": {
        "seed": 8,
        "batch_size": 128,
        "patience": 16,
        "n_epochs": -1,
        "gradient_clipping_norm": 1.0,
        "amp": true,
        "data": {
            "cache": true,
            "path": "data/regression-num-medium-0-isolet",
            "num_policy": "noisy-quantile"
        },
        "optimizer": {
            "type": "AdamW",
            "lr": 0.0013053462169648597,
            "weight_decay": 0.029738451133307205
        },
        "model": {
            "arch_type": "tabm-mini",
            "k": 32,
            "share_training_batches": false,
            "backbone": {
                "type": "MLP",
                "n_blocks": 3,
                "d_block": 512,
                "dropout": 0.08454032739606485
            }
        }
    },
    "n_parameters": 875712,
    "prediction_type": "labels",
    "epoch_size": 43,
    "best_step": 6450,
    "metrics": {
        "train": {
            "rmse": 0.15777089094471314,
            "mae": 0.11654256284236908,
            "r2": 0.9995562614162572,
            "score": -0.15777089094471314
        },
        "val": {
            "rmse": 2.3224724885195993,
            "mae": 0.9216039180755615,
            "r2": 0.9048242739972632,
            "score": -2.3224724885195993
        },
        "test": {
            "rmse": 1.842790839068109,
            "mae": 0.7824856042861938,
            "r2": 0.9400070255899878,
            "score": -1.842790839068109
        }
    },
    "time": "0:00:17.285823",
    "chunk_size": null,
    "eval_batch_size": 32768
}