{
    "function": "bin.model.main",
    "gpus": [
        "NVIDIA A100-SXM4-40GB"
    ],
    "config": {
        "seed": 10,
        "batch_size": 256,
        "patience": 16,
        "n_epochs": -1,
        "gradient_clipping_norm": 1.0,
        "amp": true,
        "data": {
            "cache": true,
            "path": "data/regression-num-medium-0-fifa",
            "num_policy": "noisy-quantile"
        },
        "optimizer": {
            "type": "AdamW",
            "lr": 0.00022939865904753002,
            "weight_decay": 0.0
        },
        "model": {
            "arch_type": "plain",
            "backbone": {
                "type": "MLP",
                "n_blocks": 1,
                "d_block": 128,
                "dropout": 0.33160028997708946
            },
            "num_embeddings": {
                "type": "PeriodicEmbeddings",
                "n_frequencies": 52,
                "d_embedding": 16,
                "frequency_init_scale": 2.775825355472628,
                "lite": false
            }
        }
    },
    "n_parameters": 19157,
    "prediction_type": "labels",
    "epoch_size": 40,
    "best_step": 1880,
    "metrics": {
        "train": {
            "rmse": 0.7123468702967123,
            "mae": 0.5292099714279175,
            "r2": 0.7250045318954691,
            "score": -0.7123468702967123
        },
        "val": {
            "rmse": 0.762367793644416,
            "mae": 0.5688162446022034,
            "r2": 0.6906877764963546,
            "score": -0.762367793644416
        },
        "test": {
            "rmse": 0.7988584927706927,
            "mae": 0.5925424098968506,
            "r2": 0.6544417297186964,
            "score": -0.7988584927706927
        }
    },
    "time": "0:00:05.690086",
    "chunk_size": null,
    "eval_batch_size": 32768
}