{
    "function": "bin.model.main",
    "gpus": [
        "NVIDIA A100-SXM4-80GB"
    ],
    "config": {
        "seed": 14,
        "batch_size": 256,
        "patience": 16,
        "n_epochs": -1,
        "gradient_clipping_norm": 1.0,
        "amp": true,
        "data": {
            "cache": true,
            "path": "data/classif-num-medium-2-MagicTelescope",
            "num_policy": "noisy-quantile"
        },
        "optimizer": {
            "type": "AdamW",
            "lr": 0.002198739663718708,
            "weight_decay": 0.0
        },
        "model": {
            "arch_type": "tabm-mini",
            "k": 32,
            "share_training_batches": false,
            "backbone": {
                "type": "MLP",
                "n_blocks": 2,
                "d_block": 544,
                "dropout": 0.0
            },
            "num_embeddings": {
                "type": "PiecewiseLinearEmbeddings",
                "d_embedding": 8
            }
        },
        "bins": {
            "n_bins": 9
        }
    },
    "n_parameters": 378864,
    "prediction_type": "probs",
    "epoch_size": 37,
    "best_step": 1184,
    "metrics": {
        "train": {
            "0": {
                "precision": 0.8806451612903226,
                "recall": 0.9361337333904843,
                "f1-score": 0.9075420735507999,
                "support": 4666.0
            },
            "1": {
                "precision": 0.932318873495344,
                "recall": 0.8739621034703002,
                "f1-score": 0.9021978021978022,
                "support": 4697.0
            },
            "accuracy": 0.9049449962618819,
            "macro avg": {
                "precision": 0.9064820173928333,
                "recall": 0.9050479184303923,
                "f1-score": 0.904869937874301,
                "support": 9363.0
            },
            "weighted avg": {
                "precision": 0.9065675607591878,
                "recall": 0.9049449962618819,
                "f1-score": 0.9048610906879322,
                "support": 9363.0
            },
            "cross-entropy": 0.23279164262135718,
            "roc-auc": 0.9674184423012709,
            "score": 0.9049449962618819
        },
        "val": {
            "0": {
                "precision": 0.8492935635792779,
                "recall": 0.9016666666666666,
                "f1-score": 0.8746968472109943,
                "support": 600.0
            },
            "1": {
                "precision": 0.8957597173144877,
                "recall": 0.8407960199004975,
                "f1-score": 0.8674080410607357,
                "support": 603.0
            },
            "accuracy": 0.8711554447215295,
            "macro avg": {
                "precision": 0.8725266404468828,
                "recall": 0.8712313432835821,
                "f1-score": 0.8710524441358649,
                "support": 1203.0
            },
            "weighted avg": {
                "precision": 0.8725845782944329,
                "recall": 0.8711554447215295,
                "f1-score": 0.8710433558488947,
                "support": 1203.0
            },
            "cross-entropy": 0.3300668488767877,
            "roc-auc": 0.9304671088999448,
            "score": 0.8711554447215295
        },
        "test": {
            "0": {
                "precision": 0.8411458333333334,
                "recall": 0.9085794655414908,
                "f1-score": 0.8735632183908045,
                "support": 1422.0
            },
            "1": {
                "precision": 0.8979591836734694,
                "recall": 0.8242074927953891,
                "f1-score": 0.859504132231405,
                "support": 1388.0
            },
            "accuracy": 0.8669039145907473,
            "macro avg": {
                "precision": 0.8695525085034014,
                "recall": 0.86639347916844,
                "f1-score": 0.8665336753111048,
                "support": 2810.0
            },
            "weighted avg": {
                "precision": 0.8692087978429806,
                "recall": 0.8669039145907473,
                "f1-score": 0.8666187302807523,
                "support": 2810.0
            },
            "cross-entropy": 0.29670097016875835,
            "roc-auc": 0.9428099806661072,
            "score": 0.8669039145907473
        }
    },
    "time": "0:00:05.865583",
    "chunk_size": null,
    "eval_batch_size": 32768
}