{
    "function": "bin.ensemble.main",
    "config": {
        "seeds": [
            5,
            6,
            7,
            8,
            9
        ],
        "data": {
            "path": "data/regression-num-medium-0-pol"
        }
    },
    "single_model_function": "bin.model.main",
    "prediction_type": "labels",
    "metrics": {
        "train": {
            "rmse": 1.5020999514242066,
            "mae": 0.7001632452011108,
            "r2": 0.9986894941870694,
            "score": -1.5020999514242066
        },
        "val": {
            "rmse": 2.3758553420320454,
            "mae": 0.9096769094467163,
            "r2": 0.9968319806830257,
            "score": -2.3758553420320454
        },
        "test": {
            "rmse": 2.5899036797541433,
            "mae": 0.9650821685791016,
            "r2": 0.9962252468596662,
            "score": -2.5899036797541433
        }
    }
}