{
    "function": "bin.model.main",
    "gpus": [
        "NVIDIA A100-SXM4-80GB"
    ],
    "config": {
        "seed": 5,
        "batch_size": 256,
        "patience": 16,
        "n_epochs": -1,
        "gradient_clipping_norm": 1.0,
        "amp": true,
        "data": {
            "cache": true,
            "path": "data/regression-num-medium-1-pol",
            "num_policy": "noisy-quantile"
        },
        "optimizer": {
            "type": "AdamW",
            "lr": 0.002593348067106941,
            "weight_decay": 0.0
        },
        "model": {
            "arch_type": "tabm",
            "k": 32,
            "backbone": {
                "type": "MLP",
                "n_blocks": 3,
                "d_block": 992,
                "dropout": 0.34163520191024765
            }
        }
    },
    "n_parameters": 2280480,
    "prediction_type": "labels",
    "epoch_size": 40,
    "best_step": 6040,
    "metrics": {
        "train": {
            "rmse": 2.165069896459506,
            "mae": 1.0679006576538086,
            "r2": 0.9972849352403864,
            "score": -2.165069896459506
        },
        "val": {
            "rmse": 2.9730275707948866,
            "mae": 1.3756107091903687,
            "r2": 0.995079696359866,
            "score": -2.9730275707948866
        },
        "test": {
            "rmse": 2.8413916230054674,
            "mae": 1.3472039699554443,
            "r2": 0.9954029090471693,
            "score": -2.8413916230054674
        }
    },
    "time": "0:00:32.467140",
    "chunk_size": null,
    "eval_batch_size": 32768
}