{
    "function": "bin.model.main",
    "gpus": [
        "NVIDIA A100-SXM4-80GB"
    ],
    "config": {
        "seed": 1,
        "batch_size": 512,
        "patience": 16,
        "n_epochs": -1,
        "gradient_clipping_norm": 1.0,
        "amp": true,
        "data": {
            "cache": true,
            "path": "data/classif-num-large-0-jannis",
            "num_policy": "noisy-quantile"
        },
        "optimizer": {
            "type": "AdamW",
            "lr": 0.0008880194286472006,
            "weight_decay": 0.0
        },
        "model": {
            "arch_type": "tabm-packed",
            "k": 32,
            "share_training_batches": false,
            "backbone": {
                "type": "MLP",
                "n_blocks": 5,
                "d_block": 80,
                "dropout": 0.1961355300812621
            }
        }
    },
    "n_parameters": 975424,
    "prediction_type": "probs",
    "epoch_size": 79,
    "best_step": 5135,
    "metrics": {
        "train": {
            "0": {
                "precision": 0.8993317294840951,
                "recall": 0.8338042131350681,
                "f1-score": 0.8653292181069959,
                "support": 20175.0
            },
            "1": {
                "precision": 0.8447757048284802,
                "recall": 0.9064626695146788,
                "f1-score": 0.8745327326751654,
                "support": 20131.0
            },
            "accuracy": 0.8700937825633901,
            "macro avg": {
                "precision": 0.8720537171562877,
                "recall": 0.8701334413248735,
                "f1-score": 0.8699309753910807,
                "support": 40306.0
            },
            "weighted avg": {
                "precision": 0.8720834951680583,
                "recall": 0.8700937825633901,
                "f1-score": 0.8699259518878676,
                "support": 40306.0
            },
            "cross-entropy": 0.3417272789760221,
            "roc-auc": 0.9361901219872291,
            "score": 0.8700937825633901
        },
        "val": {
            "0": {
                "precision": 0.8343347639484978,
                "recall": 0.7581903276131046,
                "f1-score": 0.7944421740907233,
                "support": 2564.0
            },
            "1": {
                "precision": 0.782608695652174,
                "recall": 0.852559205500382,
                "f1-score": 0.8160877513711152,
                "support": 2618.0
            },
            "accuracy": 0.8058664608259359,
            "macro avg": {
                "precision": 0.8084717298003359,
                "recall": 0.8053747665567432,
                "f1-score": 0.8052649627309192,
                "support": 5182.0
            },
            "weighted avg": {
                "precision": 0.8082022192167773,
                "recall": 0.8058664608259359,
                "f1-score": 0.8053777436237348,
                "support": 5182.0
            },
            "cross-entropy": 0.43563539334149404,
            "roc-auc": 0.8774851949005386,
            "score": 0.8058664608259359
        },
        "test": {
            "0": {
                "precision": 0.8205728697531977,
                "recall": 0.7527681374979343,
                "f1-score": 0.7852094466471299,
                "support": 6051.0
            },
            "1": {
                "precision": 0.7712887937624217,
                "recall": 0.8351266346631352,
                "f1-score": 0.801939278334128,
                "support": 6041.0
            },
            "accuracy": 0.7939133311280185,
            "macro avg": {
                "precision": 0.7959308317578097,
                "recall": 0.7939473860805347,
                "f1-score": 0.793574362490629,
                "support": 12092.0
            },
            "weighted avg": {
                "precision": 0.79595121055205,
                "recall": 0.7939133311280185,
                "f1-score": 0.7935674447633353,
                "support": 12092.0
            },
            "cross-entropy": 0.44023314888274084,
            "roc-auc": 0.8747972422566876,
            "score": 0.7939133311280185
        }
    },
    "time": "0:00:28.162528",
    "chunk_size": null,
    "eval_batch_size": 32768
}