{
    "function": "bin.model.main",
    "gpus": [
        "NVIDIA A100-SXM4-40GB"
    ],
    "config": {
        "seed": 5,
        "batch_size": 32,
        "patience": 16,
        "n_epochs": -1,
        "gradient_clipping_norm": 1.0,
        "amp": true,
        "data": {
            "cache": true,
            "path": "data/classif-num-medium-2-wine",
            "num_policy": "noisy-quantile"
        },
        "optimizer": {
            "type": "AdamW",
            "lr": 0.00098596951558785,
            "weight_decay": 0.0002775663609756555
        },
        "model": {
            "arch_type": "plain",
            "backbone": {
                "type": "MLP",
                "n_blocks": 5,
                "d_block": 272,
                "dropout": 0.0
            }
        }
    },
    "n_parameters": 300834,
    "prediction_type": "probs",
    "epoch_size": 56,
    "best_step": 2016,
    "metrics": {
        "train": {
            "0": {
                "precision": 0.9783783783783784,
                "recall": 0.9934138309549945,
                "f1-score": 0.985838779956427,
                "support": 911.0
            },
            "1": {
                "precision": 0.9930394431554525,
                "recall": 0.9771689497716894,
                "f1-score": 0.9850402761795167,
                "support": 876.0
            },
            "accuracy": 0.9854504756575265,
            "macro avg": {
                "precision": 0.9857089107669155,
                "recall": 0.985291390363342,
                "f1-score": 0.9854395280679719,
                "support": 1787.0
            },
            "weighted avg": {
                "precision": 0.9855653357061438,
                "recall": 0.9854504756575265,
                "f1-score": 0.9854473477747967,
                "support": 1787.0
            },
            "cross-entropy": 0.04006928640389729,
            "roc-auc": 0.9992951445799438,
            "score": 0.9854504756575265
        },
        "val": {
            "0": {
                "precision": 0.8080808080808081,
                "recall": 0.7619047619047619,
                "f1-score": 0.7843137254901961,
                "support": 105.0
            },
            "1": {
                "precision": 0.8091603053435115,
                "recall": 0.848,
                "f1-score": 0.8281249999999999,
                "support": 125.0
            },
            "accuracy": 0.808695652173913,
            "macro avg": {
                "precision": 0.8086205567121598,
                "recall": 0.8049523809523809,
                "f1-score": 0.806219362745098,
                "support": 230.0
            },
            "weighted avg": {
                "precision": 0.8086674913757556,
                "recall": 0.808695652173913,
                "f1-score": 0.8081242007672634,
                "support": 230.0
            },
            "cross-entropy": 1.6030476614572085,
            "roc-auc": 0.8598095238095238,
            "score": 0.808695652173913
        },
        "test": {
            "0": {
                "precision": 0.7573529411764706,
                "recall": 0.789272030651341,
                "f1-score": 0.772983114446529,
                "support": 261.0
            },
            "1": {
                "precision": 0.7924528301886793,
                "recall": 0.7608695652173914,
                "f1-score": 0.7763401109057302,
                "support": 276.0
            },
            "accuracy": 0.7746741154562383,
            "macro avg": {
                "precision": 0.7749028856825749,
                "recall": 0.7750707979343662,
                "f1-score": 0.7746616126761297,
                "support": 537.0
            },
            "weighted avg": {
                "precision": 0.7753931075961532,
                "recall": 0.7746741154562383,
                "f1-score": 0.7747084981015374,
                "support": 537.0
            },
            "cross-entropy": 1.7417671890629614,
            "roc-auc": 0.8544269531900717,
            "score": 0.7746741154562383
        }
    },
    "time": "0:00:08.148893",
    "chunk_size": null,
    "eval_batch_size": 32768
}