{
    "function": "bin.ensemble.main",
    "config": {
        "seeds": [
            0,
            1,
            2,
            3,
            4,
            5,
            6,
            7,
            8,
            9,
            10,
            11,
            12,
            13,
            14
        ],
        "data": {
            "path": "data/regression-num-medium-2-cpu_act"
        }
    },
    "single_model_function": "bin.model.main",
    "prediction_type": "labels",
    "metrics": {
        "train": {
            "rmse": 0.99543513047116,
            "mae": 0.7447942495346069,
            "r2": 0.9970053576304985,
            "score": -0.99543513047116
        },
        "val": {
            "rmse": 2.01583624627338,
            "mae": 1.45000422000885,
            "r2": 0.9903042695761234,
            "score": -2.01583624627338
        },
        "test": {
            "rmse": 2.1439627361119573,
            "mae": 1.5189378261566162,
            "r2": 0.9860267803089088,
            "score": -2.1439627361119573
        }
    }
}