{
    "function": "bin.model.main",
    "gpus": [
        "NVIDIA A100-SXM4-40GB"
    ],
    "config": {
        "seed": 13,
        "batch_size": 64,
        "patience": 16,
        "n_epochs": -1,
        "gradient_clipping_norm": 1.0,
        "amp": true,
        "data": {
            "cache": true,
            "path": "data/regression-cat-medium-2-analcatdata_supreme",
            "num_policy": "noisy-quantile"
        },
        "optimizer": {
            "type": "AdamW",
            "lr": 0.0004235137865262795,
            "weight_decay": 0.0
        },
        "model": {
            "arch_type": "tabm",
            "k": 32,
            "backbone": {
                "type": "MLP",
                "n_blocks": 5,
                "d_block": 304,
                "dropout": 0.0212790612262658
            }
        }
    },
    "n_parameters": 519648,
    "prediction_type": "labels",
    "epoch_size": 45,
    "best_step": 5985,
    "metrics": {
        "train": {
            "rmse": 0.05567843895691605,
            "mae": 0.017531603574752808,
            "r2": 0.989605487818126,
            "score": -0.05567843895691605
        },
        "val": {
            "rmse": 0.09519791085724305,
            "mae": 0.02612711489200592,
            "r2": 0.9761837785254671,
            "score": -0.09519791085724305
        },
        "test": {
            "rmse": 0.07727278574980216,
            "mae": 0.021135209128260612,
            "r2": 0.9784902570618735,
            "score": -0.07727278574980216
        }
    },
    "time": "0:02:38.790924",
    "chunk_size": null,
    "eval_batch_size": 32768
}