{
    "function": "bin.model.main",
    "gpus": [
        "NVIDIA A100-SXM4-40GB"
    ],
    "config": {
        "seed": 9,
        "batch_size": 64,
        "patience": 16,
        "n_epochs": -1,
        "gradient_clipping_norm": 1.0,
        "amp": true,
        "data": {
            "cache": true,
            "path": "data/classif-cat-medium-0-KDDCup09_upselling",
            "num_policy": "noisy-quantile",
            "cat_policy": "ordinal"
        },
        "optimizer": {
            "type": "AdamW",
            "lr": 0.0008587530064185258,
            "weight_decay": 0.0
        },
        "model": {
            "arch_type": "plain",
            "backbone": {
                "type": "MLP",
                "n_blocks": 5,
                "d_block": 912,
                "dropout": 0.0
            }
        }
    },
    "n_parameters": 3425474,
    "prediction_type": "probs",
    "epoch_size": 57,
    "best_step": 114,
    "metrics": {
        "train": {
            "0": {
                "precision": 0.72247237003684,
                "recall": 0.9772978959025471,
                "f1-score": 0.8307837138150154,
                "support": 1806.0
            },
            "1": {
                "precision": 0.9642233856893543,
                "recall": 0.6197420078519349,
                "f1-score": 0.7545237282348923,
                "support": 1783.0
            },
            "accuracy": 0.7996656450264698,
            "macro avg": {
                "precision": 0.8433478778630972,
                "recall": 0.798519951877241,
                "f1-score": 0.7926537210249538,
                "support": 3589.0
            },
            "weighted avg": {
                "precision": 0.8425732507580529,
                "recall": 0.7996656450264698,
                "f1-score": 0.7928980759522795,
                "support": 3589.0
            },
            "cross-entropy": 0.3745020094480958,
            "roc-auc": 0.898616750173442,
            "score": 0.7996656450264698
        },
        "val": {
            "0": {
                "precision": 0.7158273381294964,
                "recall": 0.9567307692307693,
                "f1-score": 0.8189300411522635,
                "support": 208.0
            },
            "1": {
                "precision": 0.9502762430939227,
                "recall": 0.6852589641434262,
                "f1-score": 0.7962962962962962,
                "support": 251.0
            },
            "accuracy": 0.8082788671023965,
            "macro avg": {
                "precision": 0.8330517906117095,
                "recall": 0.8209948666870978,
                "f1-score": 0.8076131687242798,
                "support": 459.0
            },
            "weighted avg": {
                "precision": 0.8440336020642917,
                "recall": 0.8082788671023965,
                "f1-score": 0.8065529824183904,
                "support": 459.0
            },
            "cross-entropy": 0.3745015653837406,
            "roc-auc": 0.8865691081826539,
            "score": 0.8082788671023965
        },
        "test": {
            "0": {
                "precision": 0.7162534435261708,
                "recall": 0.948905109489051,
                "f1-score": 0.8163265306122449,
                "support": 548.0
            },
            "1": {
                "precision": 0.92,
                "recall": 0.6098484848484849,
                "f1-score": 0.733485193621868,
                "support": 528.0
            },
            "accuracy": 0.7825278810408922,
            "macro avg": {
                "precision": 0.8181267217630854,
                "recall": 0.779376797168768,
                "f1-score": 0.7749058621170565,
                "support": 1076.0
            },
            "weighted avg": {
                "precision": 0.816233166405522,
                "recall": 0.7825278810408922,
                "f1-score": 0.7756757630184541,
                "support": 1076.0
            },
            "cross-entropy": 0.4869925338234556,
            "roc-auc": 0.8615056818181819,
            "score": 0.7825278810408922
        }
    },
    "time": "0:00:07.964805",
    "chunk_size": null,
    "eval_batch_size": 32768
}