{
    "function": "bin.model.main",
    "gpus": [
        "NVIDIA A100-SXM4-80GB"
    ],
    "config": {
        "seed": 14,
        "batch_size": 64,
        "patience": 16,
        "n_epochs": -1,
        "gradient_clipping_norm": 1.0,
        "amp": true,
        "data": {
            "cache": true,
            "path": "data/classif-num-medium-1-kdd_ipums_la_97-small",
            "num_policy": "noisy-quantile"
        },
        "optimizer": {
            "type": "AdamW",
            "lr": 0.00217590833377497,
            "weight_decay": 0.0007632166752744176
        },
        "model": {
            "arch_type": "tabm-mini",
            "k": 32,
            "share_training_batches": false,
            "backbone": {
                "type": "MLP",
                "n_blocks": 5,
                "d_block": 1008,
                "dropout": 0.40552065585351543
            }
        }
    },
    "n_parameters": 4154672,
    "prediction_type": "probs",
    "epoch_size": 57,
    "best_step": 513,
    "metrics": {
        "train": {
            "0": {
                "precision": 0.9641460234680573,
                "recall": 0.8225806451612904,
                "f1-score": 0.8877551020408164,
                "support": 1798.0
            },
            "1": {
                "precision": 0.8478779208392943,
                "recall": 0.9699945444626296,
                "f1-score": 0.9048346055979644,
                "support": 1833.0
            },
            "accuracy": 0.8969980721564307,
            "macro avg": {
                "precision": 0.9060119721536758,
                "recall": 0.89628759481196,
                "f1-score": 0.8962948538193904,
                "support": 3631.0
            },
            "weighted avg": {
                "precision": 0.9054516053687671,
                "recall": 0.8969980721564307,
                "f1-score": 0.8963771703471375,
                "support": 3631.0
            },
            "cross-entropy": 0.24225999932778505,
            "roc-auc": 0.9583831704864532,
            "score": 0.8969980721564307
        },
        "val": {
            "0": {
                "precision": 0.9666666666666667,
                "recall": 0.8787878787878788,
                "f1-score": 0.9206349206349207,
                "support": 231.0
            },
            "1": {
                "precision": 0.8910505836575876,
                "recall": 0.9703389830508474,
                "f1-score": 0.9290060851926978,
                "support": 236.0
            },
            "accuracy": 0.9250535331905781,
            "macro avg": {
                "precision": 0.9288586251621271,
                "recall": 0.9245634309193631,
                "f1-score": 0.9248205029138092,
                "support": 467.0
            },
            "weighted avg": {
                "precision": 0.9284538281438772,
                "recall": 0.9250535331905781,
                "f1-score": 0.9248653164285725,
                "support": 467.0
            },
            "cross-entropy": 0.23722935122040034,
            "roc-auc": 0.9533714872697923,
            "score": 0.9250535331905781
        },
        "test": {
            "0": {
                "precision": 0.9477911646586346,
                "recall": 0.8353982300884956,
                "f1-score": 0.8880526810912511,
                "support": 565.0
            },
            "1": {
                "precision": 0.8429054054054054,
                "recall": 0.9504761904761905,
                "f1-score": 0.8934646374216653,
                "support": 525.0
            },
            "accuracy": 0.8908256880733945,
            "macro avg": {
                "precision": 0.89534828503202,
                "recall": 0.892937210282343,
                "f1-score": 0.8907586592564583,
                "support": 1090.0
            },
            "weighted avg": {
                "precision": 0.8972727943761158,
                "recall": 0.8908256880733945,
                "f1-score": 0.8906593573054414,
                "support": 1090.0
            },
            "cross-entropy": 0.2587671309690667,
            "roc-auc": 0.9495794353139485,
            "score": 0.8908256880733945
        }
    },
    "time": "0:00:05.781477",
    "chunk_size": null,
    "eval_batch_size": 32768
}