{
    "function": "bin.model.main",
    "gpus": [
        "NVIDIA A100-SXM4-80GB"
    ],
    "config": {
        "seed": 6,
        "batch_size": 256,
        "patience": 16,
        "n_epochs": -1,
        "gradient_clipping_norm": 1.0,
        "amp": true,
        "data": {
            "cache": true,
            "path": "data/regression-num-medium-0-superconduct",
            "num_policy": "noisy-quantile"
        },
        "optimizer": {
            "type": "AdamW",
            "lr": 0.001956165773576157,
            "weight_decay": 0.0001340430014148559
        },
        "model": {
            "arch_type": "tabm",
            "k": 32,
            "backbone": {
                "type": "MLP",
                "n_blocks": 5,
                "d_block": 1008,
                "dropout": 0.0
            }
        }
    },
    "n_parameters": 4630288,
    "prediction_type": "labels",
    "epoch_size": 40,
    "best_step": 3560,
    "metrics": {
        "train": {
            "rmse": 6.142638985191347,
            "mae": 3.556622266769409,
            "r2": 0.9680801101641332,
            "score": -6.142638985191347
        },
        "val": {
            "rmse": 9.660690916006441,
            "mae": 5.741551399230957,
            "r2": 0.9198391497091503,
            "score": -9.660690916006441
        },
        "test": {
            "rmse": 10.3653762488524,
            "mae": 5.948836326599121,
            "r2": 0.9078555689802833,
            "score": -10.3653762488524
        }
    },
    "time": "0:00:34.487265",
    "chunk_size": null,
    "eval_batch_size": 32768
}