{
    "function": "bin.model.main",
    "gpus": [
        "NVIDIA A100-SXM4-80GB"
    ],
    "config": {
        "seed": 10,
        "batch_size": 256,
        "patience": 16,
        "n_epochs": -1,
        "gradient_clipping_norm": 1.0,
        "amp": true,
        "data": {
            "cache": true,
            "path": "data/churn",
            "num_policy": "noisy-quantile",
            "cat_policy": "ordinal"
        },
        "optimizer": {
            "type": "AdamW",
            "lr": 0.0006190067987407164,
            "weight_decay": 0.00309166818098747
        },
        "model": {
            "arch_type": "tabm",
            "k": 32,
            "share_training_batches": false,
            "backbone": {
                "type": "MLP",
                "n_blocks": 3,
                "d_block": 736,
                "dropout": 0.45353608208111235
            },
            "num_embeddings": {
                "type": "PiecewiseLinearEmbeddingsV2",
                "d_embedding": 24
            }
        },
        "bins": {
            "n_bins": 9
        }
    },
    "n_parameters": 1456760,
    "prediction_type": "probs",
    "epoch_size": 25,
    "best_step": 675,
    "metrics": {
        "train": {
            "0": {
                "precision": 0.8806370794559771,
                "recall": 0.9656593406593407,
                "f1-score": 0.9211905653313366,
                "support": 5096.0
            },
            "1": {
                "precision": 0.7844827586206896,
                "recall": 0.48849693251533743,
                "f1-score": 0.6020793950850662,
                "support": 1304.0
            },
            "accuracy": 0.8684375,
            "macro avg": {
                "precision": 0.8325599190383334,
                "recall": 0.7270781365873391,
                "f1-score": 0.7616349802082014,
                "support": 6400.0
            },
            "weighted avg": {
                "precision": 0.8610456365857874,
                "recall": 0.8684375,
                "f1-score": 0.856171664393659,
                "support": 6400.0
            },
            "cross-entropy": 0.31754990159996893,
            "roc-auc": 0.8822514169660313,
            "score": 0.8684375
        },
        "val": {
            "0": {
                "precision": 0.8806818181818182,
                "recall": 0.9733124018838305,
                "f1-score": 0.9246830723340791,
                "support": 1274.0
            },
            "1": {
                "precision": 0.8229166666666666,
                "recall": 0.48466257668711654,
                "f1-score": 0.61003861003861,
                "support": 326.0
            },
            "accuracy": 0.87375,
            "macro avg": {
                "precision": 0.8517992424242424,
                "recall": 0.7289874892854735,
                "f1-score": 0.7673608411863446,
                "support": 1600.0
            },
            "weighted avg": {
                "precision": 0.868912168560606,
                "recall": 0.87375,
                "f1-score": 0.8605742631413773,
                "support": 1600.0
            },
            "cross-entropy": 0.3269870286640525,
            "roc-auc": 0.8715821864375765,
            "score": 0.87375
        },
        "test": {
            "0": {
                "precision": 0.8702763677382966,
                "recall": 0.9686126804770873,
                "f1-score": 0.916815210932858,
                "support": 1593.0
            },
            "1": {
                "precision": 0.7797356828193832,
                "recall": 0.4348894348894349,
                "f1-score": 0.5583596214511041,
                "support": 407.0
            },
            "accuracy": 0.86,
            "macro avg": {
                "precision": 0.8250060252788399,
                "recall": 0.7017510576832611,
                "f1-score": 0.7375874161919811,
                "support": 2000.0
            },
            "weighted avg": {
                "precision": 0.8518513383572978,
                "recall": 0.86,
                "f1-score": 0.843869498473321,
                "support": 2000.0
            },
            "cross-entropy": 0.3378130642199525,
            "roc-auc": 0.8615102004932512,
            "score": 0.86
        }
    },
    "time": "0:00:06.289940",
    "chunk_size": null,
    "eval_batch_size": 32768
}