{
    "function": "bin.model.main",
    "gpus": [
        "NVIDIA A100-SXM4-80GB"
    ],
    "config": {
        "seed": 1,
        "batch_size": 128,
        "patience": 16,
        "n_epochs": -1,
        "gradient_clipping_norm": 1.0,
        "amp": true,
        "data": {
            "cache": true,
            "path": "data/regression-num-medium-2-wine_quality",
            "num_policy": "noisy-quantile"
        },
        "optimizer": {
            "type": "AdamW",
            "lr": 0.0009515786702416371,
            "weight_decay": 0.0
        },
        "model": {
            "arch_type": "tabm-packed",
            "k": 32,
            "share_training_batches": false,
            "backbone": {
                "type": "MLP",
                "n_blocks": 5,
                "d_block": 96,
                "dropout": 0.11626384155584155
            }
        }
    },
    "n_parameters": 1231904,
    "prediction_type": "labels",
    "epoch_size": 36,
    "best_step": 7596,
    "metrics": {
        "train": {
            "rmse": 0.2653287890885185,
            "mae": 0.1848093867301941,
            "r2": 0.9086288706987308,
            "score": -0.2653287890885185
        },
        "val": {
            "rmse": 0.60023418763642,
            "mae": 0.43560346961021423,
            "r2": 0.5175524295384357,
            "score": -0.60023418763642
        },
        "test": {
            "rmse": 0.6421922725305239,
            "mae": 0.456905335187912,
            "r2": 0.4429099473329353,
            "score": -0.6421922725305239
        }
    },
    "time": "0:00:32.562469",
    "chunk_size": null,
    "eval_batch_size": 32768
}