{
    "function": "bin.model.main",
    "gpus": [
        "NVIDIA A100-SXM4-80GB"
    ],
    "config": {
        "seed": 3,
        "batch_size": 512,
        "patience": 16,
        "n_epochs": -1,
        "gradient_clipping_norm": 1.0,
        "amp": true,
        "data": {
            "cache": true,
            "path": "data/regression-num-large-0-year",
            "num_policy": "noisy-quantile"
        },
        "optimizer": {
            "type": "AdamW",
            "lr": 0.0036098590272719984,
            "weight_decay": 0.00026846624126054195
        },
        "model": {
            "arch_type": "tabm",
            "k": 32,
            "backbone": {
                "type": "MLP",
                "n_blocks": 4,
                "d_block": 432,
                "dropout": 0.4248684356906958
            },
            "num_embeddings": {
                "type": "PiecewiseLinearEmbeddingsV2",
                "d_embedding": 8
            }
        },
        "bins": {
            "n_bins": 2
        }
    },
    "n_parameters": 1062752,
    "prediction_type": "labels",
    "epoch_size": 98,
    "best_step": 2744,
    "metrics": {
        "train": {
            "rmse": 7.8766208978723125,
            "mae": 5.630241870880127,
            "r2": 0.48642922164676206,
            "score": -7.8766208978723125
        },
        "val": {
            "rmse": 8.781157034928274,
            "mae": 6.130489826202393,
            "r2": 0.3320194379800425,
            "score": -8.781157034928274
        },
        "test": {
            "rmse": 8.863232185022854,
            "mae": 6.143648147583008,
            "r2": 0.3385227811252921,
            "score": -8.863232185022854
        }
    },
    "time": "0:00:51.083330",
    "chunk_size": null,
    "eval_batch_size": 32768
}