{
    "function": "bin.model.main",
    "gpus": [
        "NVIDIA A100-SXM4-40GB"
    ],
    "config": {
        "seed": 3,
        "batch_size": 256,
        "patience": 16,
        "n_epochs": -1,
        "gradient_clipping_norm": 1.0,
        "amp": true,
        "data": {
            "cache": true,
            "path": "data/adult",
            "num_policy": "noisy-quantile",
            "cat_policy": "ordinal"
        },
        "optimizer": {
            "type": "AdamW",
            "lr": 3.2226814035964625e-05,
            "weight_decay": 0.0
        },
        "model": {
            "arch_type": "plain",
            "backbone": {
                "type": "MLP",
                "n_blocks": 3,
                "d_block": 112,
                "dropout": 0.19896995164451625
            },
            "num_embeddings": {
                "type": "PeriodicEmbeddings",
                "n_frequencies": 64,
                "d_embedding": 16,
                "frequency_init_scale": 7.953324659578985,
                "lite": false
            }
        }
    },
    "n_parameters": 60594,
    "prediction_type": "probs",
    "epoch_size": 102,
    "best_step": 2652,
    "metrics": {
        "train": {
            "0": {
                "precision": 0.9078577418241011,
                "recall": 0.9307206068268015,
                "f1-score": 0.919147023571714,
                "support": 19775.0
            },
            "1": {
                "precision": 0.7627705627705628,
                "recall": 0.7022158456878687,
                "f1-score": 0.7312416998671978,
                "support": 6273.0
            },
            "accuracy": 0.8756910319410319,
            "macro avg": {
                "precision": 0.835314152297332,
                "recall": 0.8164682262573351,
                "f1-score": 0.8251943617194559,
                "support": 26048.0
            },
            "weighted avg": {
                "precision": 0.8729171754004661,
                "recall": 0.8756910319410319,
                "f1-score": 0.8738947932431501,
                "support": 26048.0
            },
            "cross-entropy": 0.27457870824616076,
            "roc-auc": 0.9311976538223031,
            "score": 0.8756910319410319
        },
        "val": {
            "0": {
                "precision": 0.9034604797483288,
                "recall": 0.9292214357937311,
                "f1-score": 0.9161599042966803,
                "support": 4945.0
            },
            "1": {
                "precision": 0.7547302032235459,
                "recall": 0.6868622448979592,
                "f1-score": 0.7191986644407345,
                "support": 1568.0
            },
            "accuracy": 0.8708736373407032,
            "macro avg": {
                "precision": 0.8290953414859373,
                "recall": 0.8080418403458451,
                "f1-score": 0.8176792843687074,
                "support": 6513.0
            },
            "weighted avg": {
                "precision": 0.867653774145556,
                "recall": 0.8708736373407032,
                "f1-score": 0.8687416294472832,
                "support": 6513.0
            },
            "cross-entropy": 0.28528195717985205,
            "roc-auc": 0.9258413337529149,
            "score": 0.8708736373407032
        },
        "test": {
            "0": {
                "precision": 0.9048517732169536,
                "recall": 0.925371934057097,
                "f1-score": 0.9149968193384224,
                "support": 12435.0
            },
            "1": {
                "precision": 0.7396184062850729,
                "recall": 0.6853874154966199,
                "f1-score": 0.7114709851551956,
                "support": 3846.0
            },
            "accuracy": 0.8686812849333579,
            "macro avg": {
                "precision": 0.8222350897510133,
                "recall": 0.8053796747768585,
                "f1-score": 0.8132339022468089,
                "support": 16281.0
            },
            "weighted avg": {
                "precision": 0.8658193102711879,
                "recall": 0.8686812849333579,
                "f1-score": 0.8669186694539748,
                "support": 16281.0
            },
            "cross-entropy": 0.2853776750221553,
            "roc-auc": 0.9236024101197261,
            "score": 0.8686812849333579
        }
    },
    "time": "0:00:14.516225",
    "chunk_size": null,
    "eval_batch_size": 32768
}