{
    "function": "bin.ensemble.main",
    "config": {
        "seeds": [
            10,
            11,
            12,
            13,
            14
        ],
        "data": {
            "path": "data/california"
        }
    },
    "single_model_function": "bin.model.main",
    "prediction_type": "labels",
    "metrics": {
        "train": {
            "rmse": 0.33222196375082125,
            "mae": 0.22839100658893585,
            "r2": 0.9180594638441019,
            "score": -0.33222196375082125
        },
        "val": {
            "rmse": 0.45921133395576874,
            "mae": 0.2998928427696228,
            "r2": 0.8382698451512653,
            "score": -0.45921133395576874
        },
        "test": {
            "rmse": 0.4489005578991709,
            "mae": 0.29918479919433594,
            "r2": 0.8454611400296421,
            "score": -0.4489005578991709
        }
    }
}