{
    "function": "bin.model.main",
    "gpus": [
        "NVIDIA A100-SXM4-80GB"
    ],
    "config": {
        "seed": 11,
        "batch_size": 256,
        "patience": 16,
        "n_epochs": -1,
        "gradient_clipping_norm": 1.0,
        "amp": true,
        "data": {
            "cache": true,
            "path": "data/regression-num-medium-0-fifa",
            "num_policy": "noisy-quantile"
        },
        "optimizer": {
            "type": "AdamW",
            "lr": 0.00015128734539134975,
            "weight_decay": 0.05859717199144964
        },
        "model": {
            "arch_type": "tabm",
            "k": 32,
            "backbone": {
                "type": "MLP",
                "n_blocks": 5,
                "d_block": 624,
                "dropout": 0.0
            }
        }
    },
    "n_parameters": 1860336,
    "prediction_type": "labels",
    "epoch_size": 40,
    "best_step": 3560,
    "metrics": {
        "train": {
            "rmse": 0.7512059053755622,
            "mae": 0.5550650358200073,
            "r2": 0.6941837934404362,
            "score": -0.7512059053755622
        },
        "val": {
            "rmse": 0.7736363781406486,
            "mae": 0.5749289989471436,
            "r2": 0.6814762962004544,
            "score": -0.7736363781406486
        },
        "test": {
            "rmse": 0.8105172760856004,
            "mae": 0.5969815850257874,
            "r2": 0.6442817836959087,
            "score": -0.8105172760856004
        }
    },
    "time": "0:00:40.467550",
    "chunk_size": null,
    "eval_batch_size": 32768
}