{
    "function": "bin.model.main",
    "gpus": [
        "NVIDIA A100-SXM4-80GB"
    ],
    "config": {
        "seed": 1,
        "batch_size": 64,
        "patience": 16,
        "n_epochs": -1,
        "gradient_clipping_norm": 1.0,
        "amp": true,
        "data": {
            "cache": true,
            "path": "data/classif-num-medium-2-kdd_ipums_la_97-small",
            "num_policy": "noisy-quantile"
        },
        "optimizer": {
            "type": "AdamW",
            "lr": 0.002751906902221753,
            "weight_decay": 0.00015595491622494173
        },
        "model": {
            "arch_type": "tabm",
            "k": 32,
            "backbone": {
                "type": "MLP",
                "n_blocks": 4,
                "d_block": 912,
                "dropout": 0.0
            }
        }
    },
    "n_parameters": 2893568,
    "prediction_type": "probs",
    "epoch_size": 57,
    "best_step": 798,
    "metrics": {
        "train": {
            "0": {
                "precision": 0.9621489621489622,
                "recall": 0.8750694058856191,
                "f1-score": 0.9165455074149462,
                "support": 1801.0
            },
            "1": {
                "precision": 0.8871048670346212,
                "recall": 0.966120218579235,
                "f1-score": 0.9249280669631181,
                "support": 1830.0
            },
            "accuracy": 0.9209584136601487,
            "macro avg": {
                "precision": 0.9246269145917917,
                "recall": 0.920594812232427,
                "f1-score": 0.9207367871890322,
                "support": 3631.0
            },
            "weighted avg": {
                "precision": 0.9243272342339955,
                "recall": 0.9209584136601487,
                "f1-score": 0.9207702620206072,
                "support": 3631.0
            },
            "cross-entropy": 0.20416455746813103,
            "roc-auc": 0.9707724609582412,
            "score": 0.9209584136601487
        },
        "val": {
            "0": {
                "precision": 0.9595959595959596,
                "recall": 0.8333333333333334,
                "f1-score": 0.892018779342723,
                "support": 228.0
            },
            "1": {
                "precision": 0.8587360594795539,
                "recall": 0.9665271966527197,
                "f1-score": 0.9094488188976377,
                "support": 239.0
            },
            "accuracy": 0.9014989293361885,
            "macro avg": {
                "precision": 0.9091660095377567,
                "recall": 0.8999302649930265,
                "f1-score": 0.9007337991201804,
                "support": 467.0
            },
            "weighted avg": {
                "precision": 0.907978152041739,
                "recall": 0.9014989293361885,
                "f1-score": 0.9009390779586216,
                "support": 467.0
            },
            "cross-entropy": 0.2420376182560115,
            "roc-auc": 0.9573698891580416,
            "score": 0.9014989293361885
        },
        "test": {
            "0": {
                "precision": 0.9475806451612904,
                "recall": 0.831858407079646,
                "f1-score": 0.885956644674835,
                "support": 565.0
            },
            "1": {
                "precision": 0.8400673400673401,
                "recall": 0.9504761904761905,
                "f1-score": 0.8918677390527258,
                "support": 525.0
            },
            "accuracy": 0.8889908256880734,
            "macro avg": {
                "precision": 0.8938239926143152,
                "recall": 0.8911672987779182,
                "f1-score": 0.8889121918637803,
                "support": 1090.0
            },
            "weighted avg": {
                "precision": 0.8957967138086996,
                "recall": 0.8889908256880734,
                "f1-score": 0.8888037314164797,
                "support": 1090.0
            },
            "cross-entropy": 0.2633213353562755,
            "roc-auc": 0.9457058575642647,
            "score": 0.8889908256880734
        }
    },
    "time": "0:00:06.665491",
    "chunk_size": null,
    "eval_batch_size": 32768
}