{
    "function": "bin.model.main",
    "gpus": [
        "NVIDIA A100-SXM4-40GB"
    ],
    "config": {
        "seed": 7,
        "batch_size": 32,
        "patience": 16,
        "n_epochs": -1,
        "gradient_clipping_norm": 1.0,
        "amp": true,
        "data": {
            "cache": true,
            "path": "data/classif-num-medium-3-phoneme",
            "num_policy": "noisy-quantile"
        },
        "optimizer": {
            "type": "AdamW",
            "lr": 0.00233491637827433,
            "weight_decay": 0.000466676768450944
        },
        "model": {
            "arch_type": "tabm-mini",
            "k": 32,
            "backbone": {
                "type": "MLP",
                "n_blocks": 2,
                "d_block": 832,
                "dropout": 0.053062920207374895
            },
            "num_embeddings": {
                "type": "PiecewiseLinearEmbeddingsV2",
                "d_embedding": 32
            }
        },
        "bins": {
            "n_bins": 61
        }
    },
    "n_parameters": 895520,
    "prediction_type": "probs",
    "epoch_size": 70,
    "best_step": 1680,
    "metrics": {
        "train": {
            "0": {
                "precision": 0.9625228519195612,
                "recall": 0.9204545454545454,
                "f1-score": 0.9410187667560321,
                "support": 1144.0
            },
            "1": {
                "precision": 0.9191829484902309,
                "recall": 0.9618959107806692,
                "f1-score": 0.9400544959128065,
                "support": 1076.0
            },
            "accuracy": 0.9405405405405406,
            "macro avg": {
                "precision": 0.940852900204896,
                "recall": 0.9411752281176073,
                "f1-score": 0.9405366313344193,
                "support": 2220.0
            },
            "weighted avg": {
                "precision": 0.9415166644916516,
                "recall": 0.9405405405405406,
                "f1-score": 0.9405513994464328,
                "support": 2220.0
            },
            "cross-entropy": 0.15463726854002283,
            "roc-auc": 0.9893951308914134,
            "score": 0.9405405405405406
        },
        "val": {
            "0": {
                "precision": 0.9133858267716536,
                "recall": 0.8787878787878788,
                "f1-score": 0.8957528957528957,
                "support": 132.0
            },
            "1": {
                "precision": 0.8987341772151899,
                "recall": 0.9281045751633987,
                "f1-score": 0.9131832797427653,
                "support": 153.0
            },
            "accuracy": 0.9052631578947369,
            "macro avg": {
                "precision": 0.9060600019934217,
                "recall": 0.9034462269756387,
                "f1-score": 0.9044680877478305,
                "support": 285.0
            },
            "weighted avg": {
                "precision": 0.9055202043781835,
                "recall": 0.9052631578947369,
                "f1-score": 0.9051102597895625,
                "support": 285.0
            },
            "cross-entropy": 0.3060142816039212,
            "roc-auc": 0.947415329768271,
            "score": 0.9052631578947369
        },
        "test": {
            "0": {
                "precision": 0.8865979381443299,
                "recall": 0.832258064516129,
                "f1-score": 0.8585690515806988,
                "support": 310.0
            },
            "1": {
                "precision": 0.8617021276595744,
                "recall": 0.907563025210084,
                "f1-score": 0.8840381991814461,
                "support": 357.0
            },
            "accuracy": 0.8725637181409296,
            "macro avg": {
                "precision": 0.8741500329019521,
                "recall": 0.8699105448631066,
                "f1-score": 0.8713036253810724,
                "support": 667.0
            },
            "weighted avg": {
                "precision": 0.8732728941517396,
                "recall": 0.8725637181409296,
                "f1-score": 0.872200964164607,
                "support": 667.0
            },
            "cross-entropy": 0.3664743642169246,
            "roc-auc": 0.934977862112587,
            "score": 0.8725637181409296
        }
    },
    "time": "0:00:08.288524",
    "chunk_size": null,
    "eval_batch_size": 32768
}