{
    "function": "bin.model.main",
    "gpus": [
        "NVIDIA A100-SXM4-80GB"
    ],
    "config": {
        "seed": 7,
        "batch_size": 512,
        "patience": 16,
        "n_epochs": -1,
        "gradient_clipping_norm": 1.0,
        "amp": true,
        "data": {
            "cache": true,
            "path": "data/otto"
        },
        "optimizer": {
            "type": "AdamW",
            "lr": 0.0033855032333041687,
            "weight_decay": 0.0
        },
        "model": {
            "arch_type": "tabm",
            "k": 32,
            "backbone": {
                "type": "MLP",
                "n_blocks": 4,
                "d_block": 432,
                "dropout": 0.0
            }
        }
    },
    "n_parameters": 879792,
    "prediction_type": "probs",
    "epoch_size": 78,
    "best_step": 5460,
    "metrics": {
        "train": {
            "0": {
                "precision": 0.9991364421416234,
                "recall": 0.9368421052631579,
                "f1-score": 0.9669870455495193,
                "support": 1235.0
            },
            "1": {
                "precision": 0.9773216031280547,
                "recall": 0.9689862376429541,
                "f1-score": 0.9731360716371423,
                "support": 10318.0
            },
            "2": {
                "precision": 0.9309501411100658,
                "recall": 0.9660288949629051,
                "f1-score": 0.948165181565584,
                "support": 5122.0
            },
            "3": {
                "precision": 0.9969530773918343,
                "recall": 0.9500580720092915,
                "f1-score": 0.9729408266428783,
                "support": 1722.0
            },
            "4": {
                "precision": 0.9971542401821286,
                "recall": 0.9994295493439818,
                "f1-score": 0.9982905982905983,
                "support": 1753.0
            },
            "5": {
                "precision": 0.9957959951322048,
                "recall": 0.9950254256024762,
                "f1-score": 0.9954105612385955,
                "support": 9046.0
            },
            "6": {
                "precision": 0.9776200873362445,
                "recall": 0.9856906989543203,
                "f1-score": 0.9816388051520964,
                "support": 1817.0
            },
            "7": {
                "precision": 0.9962962962962963,
                "recall": 0.993169651098394,
                "f1-score": 0.9947305167791439,
                "support": 5417.0
            },
            "8": {
                "precision": 0.9758439145246206,
                "recall": 0.9936928413749606,
                "f1-score": 0.9846874999999999,
                "support": 3171.0
            },
            "accuracy": 0.9801267644756445,
            "macro avg": {
                "precision": 0.9830079774714525,
                "recall": 0.9765470529169379,
                "f1-score": 0.9795541229839508,
                "support": 39601.0
            },
            "weighted avg": {
                "precision": 0.9804467910619538,
                "recall": 0.9801267644756445,
                "f1-score": 0.9801766997925654,
                "support": 39601.0
            },
            "cross-entropy": 0.11189065889345665,
            "score": 0.9801267644756445
        },
        "val": {
            "0": {
                "precision": 0.730593607305936,
                "recall": 0.5194805194805194,
                "f1-score": 0.6072106261859582,
                "support": 308.0
            },
            "1": {
                "precision": 0.7801628423390081,
                "recall": 0.8170542635658915,
                "f1-score": 0.798182506626278,
                "support": 2580.0
            },
            "2": {
                "precision": 0.621580547112462,
                "recall": 0.6385636221701796,
                "f1-score": 0.6299576434347324,
                "support": 1281.0
            },
            "3": {
                "precision": 0.7799352750809061,
                "recall": 0.5591647331786543,
                "f1-score": 0.6513513513513514,
                "support": 431.0
            },
            "4": {
                "precision": 0.9815242494226328,
                "recall": 0.9703196347031964,
                "f1-score": 0.9758897818599311,
                "support": 438.0
            },
            "5": {
                "precision": 0.9471346068414038,
                "recall": 0.9425287356321839,
                "f1-score": 0.9448260580545091,
                "support": 2262.0
            },
            "6": {
                "precision": 0.7444444444444445,
                "recall": 0.737885462555066,
                "f1-score": 0.7411504424778761,
                "support": 454.0
            },
            "7": {
                "precision": 0.9176300578034682,
                "recall": 0.9379615952732644,
                "f1-score": 0.9276844411979547,
                "support": 1354.0
            },
            "8": {
                "precision": 0.8470728793309439,
                "recall": 0.8940731399747793,
                "f1-score": 0.8699386503067484,
                "support": 793.0
            },
            "accuracy": 0.827997172002828,
            "macro avg": {
                "precision": 0.8166753899645784,
                "recall": 0.7796701896148593,
                "f1-score": 0.7940212779439266,
                "support": 9901.0
            },
            "weighted avg": {
                "precision": 0.827668267848832,
                "recall": 0.827997172002828,
                "f1-score": 0.8262907348113913,
                "support": 9901.0
            },
            "cross-entropy": 0.4639304625916549,
            "score": 0.827997172002828
        },
        "test": {
            "0": {
                "precision": 0.7581227436823105,
                "recall": 0.5440414507772021,
                "f1-score": 0.6334841628959276,
                "support": 386.0
            },
            "1": {
                "precision": 0.779655990510083,
                "recall": 0.8154466501240695,
                "f1-score": 0.7971497877501516,
                "support": 3224.0
            },
            "2": {
                "precision": 0.6051154086088584,
                "recall": 0.6058713304184884,
                "f1-score": 0.6054931335830211,
                "support": 1601.0
            },
            "3": {
                "precision": 0.7596153846153846,
                "recall": 0.587360594795539,
                "f1-score": 0.6624737945492662,
                "support": 538.0
            },
            "4": {
                "precision": 0.9815837937384899,
                "recall": 0.9726277372262774,
                "f1-score": 0.9770852428964254,
                "support": 548.0
            },
            "5": {
                "precision": 0.9474426807760141,
                "recall": 0.9501238061549345,
                "f1-score": 0.9487813493465207,
                "support": 2827.0
            },
            "6": {
                "precision": 0.7446043165467626,
                "recall": 0.7288732394366197,
                "f1-score": 0.7366548042704627,
                "support": 568.0
            },
            "7": {
                "precision": 0.92046783625731,
                "recall": 0.9297105729474306,
                "f1-score": 0.9250661181310608,
                "support": 1693.0
            },
            "8": {
                "precision": 0.8486842105263158,
                "recall": 0.9112008072653885,
                "f1-score": 0.8788321167883213,
                "support": 991.0
            },
            "accuracy": 0.8270038784744667,
            "macro avg": {
                "precision": 0.81614359614017,
                "recall": 0.7828062432384388,
                "f1-score": 0.7961133900234619,