{
    "function": "bin.model.main",
    "gpus": [
        "NVIDIA A100-SXM4-80GB"
    ],
    "config": {
        "seed": 7,
        "batch_size": 64,
        "patience": 16,
        "n_epochs": -1,
        "gradient_clipping_norm": 1.0,
        "amp": true,
        "data": {
            "cache": true,
            "path": "data/classif-num-medium-0-kdd_ipums_la_97-small",
            "num_policy": "noisy-quantile"
        },
        "optimizer": {
            "type": "AdamW",
            "lr": 0.0034601569701183045,
            "weight_decay": 0.0
        },
        "model": {
            "arch_type": "tabm-mini",
            "k": 32,
            "backbone": {
                "type": "MLP",
                "n_blocks": 4,
                "d_block": 816,
                "dropout": 0.14830026500057816
            }
        }
    },
    "n_parameters": 2070080,
    "prediction_type": "probs",
    "epoch_size": 57,
    "best_step": 513,
    "metrics": {
        "train": {
            "0": {
                "precision": 0.9819819819819819,
                "recall": 0.833879781420765,
                "f1-score": 0.9018912529550827,
                "support": 1830.0
            },
            "1": {
                "precision": 0.8536350505536832,
                "recall": 0.9844530816213215,
                "f1-score": 0.9143888602372356,
                "support": 1801.0
            },
            "accuracy": 0.9085651335720187,
            "macro avg": {
                "precision": 0.9178085162678326,
                "recall": 0.9091664315210433,
                "f1-score": 0.9081400565961592,
                "support": 3631.0
            },
            "weighted avg": {
                "precision": 0.9183210556524952,
                "recall": 0.9085651335720187,
                "f1-score": 0.9080901487730825,
                "support": 3631.0
            },
            "cross-entropy": 0.22582518220374972,
            "roc-auc": 0.9621770540349472,
            "score": 0.9085651335720187
        },
        "val": {
            "0": {
                "precision": 0.958139534883721,
                "recall": 0.8512396694214877,
                "f1-score": 0.9015317286652079,
                "support": 242.0
            },
            "1": {
                "precision": 0.8571428571428571,
                "recall": 0.96,
                "f1-score": 0.9056603773584904,
                "support": 225.0
            },
            "accuracy": 0.9036402569593148,
            "macro avg": {
                "precision": 0.9076411960132891,
                "recall": 0.9056198347107438,
                "f1-score": 0.9035960530118492,
                "support": 467.0
            },
            "weighted avg": {
                "precision": 0.9094794653083582,
                "recall": 0.9036402569593148,
                "f1-score": 0.9035209063011578,
                "support": 467.0
            },
            "cross-entropy": 0.2539634115872526,
            "roc-auc": 0.9521946740128558,
            "score": 0.9036402569593148
        },
        "test": {
            "0": {
                "precision": 0.9235807860262009,
                "recall": 0.8103448275862069,
                "f1-score": 0.863265306122449,
                "support": 522.0
            },
            "1": {
                "precision": 0.8433544303797469,
                "recall": 0.9383802816901409,
                "f1-score": 0.8883333333333334,
                "support": 568.0
            },
            "accuracy": 0.8770642201834863,
            "macro avg": {
                "precision": 0.8834676082029739,
                "recall": 0.8743625546381739,
                "f1-score": 0.8757993197278913,
                "support": 1090.0
            },
            "weighted avg": {
                "precision": 0.8817747584966725,
                "recall": 0.8770642201834863,
                "f1-score": 0.876328278100231,
                "support": 1090.0
            },
            "cross-entropy": 0.2831367043769656,
            "roc-auc": 0.9408626086018024,
            "score": 0.8770642201834863
        }
    },
    "time": "0:00:04.417613",
    "chunk_size": null,
    "eval_batch_size": 32768
}