{
    "function": "bin.model.main",
    "gpus": [
        "NVIDIA A100-SXM4-40GB"
    ],
    "config": {
        "seed": 8,
        "batch_size": 256,
        "patience": 16,
        "n_epochs": -1,
        "gradient_clipping_norm": 1.0,
        "amp": true,
        "data": {
            "cache": true,
            "path": "data/regression-num-medium-0-pol",
            "num_policy": "noisy-quantile"
        },
        "optimizer": {
            "type": "AdamW",
            "lr": 0.0016597874855272564,
            "weight_decay": 0.009432041802104284
        },
        "model": {
            "arch_type": "tabm-mini",
            "k": 32,
            "backbone": {
                "type": "MLP",
                "n_blocks": 2,
                "d_block": 368,
                "dropout": 0.3857550543641392
            },
            "num_embeddings": {
                "type": "PiecewiseLinearEmbeddingsV2",
                "d_embedding": 8
            }
        },
        "bins": {
            "n_bins": 25
        }
    },
    "n_parameters": 236784,
    "prediction_type": "labels",
    "epoch_size": 40,
    "best_step": 6360,
    "metrics": {
        "train": {
            "rmse": 1.5755088196183449,
            "mae": 0.7326410412788391,
            "r2": 0.9985582733662757,
            "score": -1.5755088196183449
        },
        "val": {
            "rmse": 2.373701845055261,
            "mae": 0.9666627645492554,
            "r2": 0.9968377211545985,
            "score": -2.373701845055261
        },
        "test": {
            "rmse": 2.5829185542529314,
            "mae": 0.9929183125495911,
            "r2": 0.9962455808051197,
            "score": -2.5829185542529314
        }
    },
    "time": "0:00:19.921371",
    "chunk_size": null,
    "eval_batch_size": 32768
}