{
    "function": "bin.model.main",
    "gpus": [
        "NVIDIA A100-SXM4-80GB"
    ],
    "config": {
        "seed": 7,
        "batch_size": 64,
        "patience": 16,
        "n_epochs": -1,
        "gradient_clipping_norm": 1.0,
        "amp": true,
        "data": {
            "cache": true,
            "path": "data/regression-cat-medium-4-analcatdata_supreme",
            "num_policy": "noisy-quantile"
        },
        "optimizer": {
            "type": "AdamW",
            "lr": 3.8124718324074216e-05,
            "weight_decay": 0.0
        },
        "model": {
            "arch_type": "tabm-packed",
            "k": 32,
            "share_training_batches": false,
            "backbone": {
                "type": "MLP",
                "n_blocks": 5,
                "d_block": 176,
                "dropout": 0.0
            }
        }
    },
    "n_parameters": 4066336,
    "prediction_type": "labels",
    "epoch_size": 45,
    "best_step": 3780,
    "metrics": {
        "train": {
            "rmse": 0.07262294939317392,
            "mae": 0.017881890758872032,
            "r2": 0.9817660204297786,
            "score": -0.07262294939317392
        },
        "val": {
            "rmse": 0.06142815144124907,
            "mae": 0.015878785401582718,
            "r2": 0.9902106838278498,
            "score": -0.06142815144124907
        },
        "test": {
            "rmse": 0.08045405443498875,
            "mae": 0.018445638939738274,
            "r2": 0.9789639347542605,
            "score": -0.08045405443498875
        }
    },
    "time": "0:00:15.495280",
    "chunk_size": null,
    "eval_batch_size": 32768
}