{
    "function": "bin.model.main",
    "gpus": [
        "NVIDIA A100-SXM4-40GB"
    ],
    "config": {
        "seed": 8,
        "batch_size": 32,
        "patience": 16,
        "n_epochs": -1,
        "gradient_clipping_norm": 1.0,
        "amp": true,
        "data": {
            "cache": true,
            "path": "data/classif-num-medium-4-phoneme",
            "num_policy": "noisy-quantile"
        },
        "optimizer": {
            "type": "AdamW",
            "lr": 5.2879771829511944e-05,
            "weight_decay": 0.0018045237780622983
        },
        "model": {
            "arch_type": "plain",
            "backbone": {
                "type": "MLP",
                "n_blocks": 4,
                "d_block": 640,
                "dropout": 0.0
            },
            "num_embeddings": {
                "type": "PeriodicEmbeddings",
                "n_frequencies": 28,
                "d_embedding": 20,
                "frequency_init_scale": 0.28734706309271096,
                "lite": false
            }
        }
    },
    "n_parameters": 1302482,
    "prediction_type": "probs",
    "epoch_size": 70,
    "best_step": 2450,
    "metrics": {
        "train": {
            "0": {
                "precision": 0.9771062271062271,
                "recall": 0.9621280432822362,
                "f1-score": 0.9695592912312585,
                "support": 1109.0
            },
            "1": {
                "precision": 0.9627659574468085,
                "recall": 0.9774977497749775,
                "f1-score": 0.9700759267530148,
                "support": 1111.0
            },
            "accuracy": 0.9698198198198198,
            "macro avg": {
                "precision": 0.9699360922765178,
                "recall": 0.9698128965286068,
                "f1-score": 0.9698176089921366,
                "support": 2220.0
            },
            "weighted avg": {
                "precision": 0.9699296326955901,
                "recall": 0.9698198198198198,
                "f1-score": 0.9698178417108402,
                "support": 2220.0
            },
            "cross-entropy": 0.0925917686630214,
            "roc-auc": 0.9949837634800451,
            "score": 0.9698198198198198
        },
        "val": {
            "0": {
                "precision": 0.9507042253521126,
                "recall": 0.9060402684563759,
                "f1-score": 0.9278350515463918,
                "support": 149.0
            },
            "1": {
                "precision": 0.9020979020979021,
                "recall": 0.9485294117647058,
                "f1-score": 0.9247311827956989,
                "support": 136.0
            },
            "accuracy": 0.9263157894736842,
            "macro avg": {
                "precision": 0.9264010637250073,
                "recall": 0.9272848401105409,
                "f1-score": 0.9262831171710453,
                "support": 285.0
            },
            "weighted avg": {
                "precision": 0.9275096289922086,
                "recall": 0.9263157894736842,
                "f1-score": 0.9263539071600961,
                "support": 285.0
            },
            "cross-entropy": 0.2626940482484553,
            "roc-auc": 0.965998815633636,
            "score": 0.9263157894736842
        },
        "test": {
            "0": {
                "precision": 0.8977635782747604,
                "recall": 0.8567073170731707,
                "f1-score": 0.8767550702028081,
                "support": 328.0
            },
            "1": {
                "precision": 0.867231638418079,
                "recall": 0.9056047197640118,
                "f1-score": 0.8860028860028859,
                "support": 339.0
            },
            "accuracy": 0.881559220389805,
            "macro avg": {
                "precision": 0.8824976083464198,
                "recall": 0.8811560184185913,
                "f1-score": 0.8813789781028469,
                "support": 667.0
            },
            "weighted avg": {
                "precision": 0.8822458457239133,
                "recall": 0.881559220389805,
                "f1-score": 0.8814552344550214,
                "support": 667.0
            },
            "cross-entropy": 0.3267411024634323,
            "roc-auc": 0.9533509605007554,
            "score": 0.881559220389805
        }
    },
    "time": "0:00:12.415996",
    "chunk_size": null,
    "eval_batch_size": 32768
}