{
    "function": "bin.ensemble.main",
    "config": {
        "seeds": [
            0,
            1,
            2,
            3,
            4,
            5,
            6,
            7,
            8,
            9,
            10,
            11,
            12,
            13,
            14
        ],
        "data": {
            "path": "data/classif-num-medium-2-wine"
        }
    },
    "single_model_function": "bin.model.main",
    "prediction_type": "probs",
    "metrics": {
        "train": {
            "0": {
                "precision": 0.9945115257958288,
                "recall": 0.9945115257958288,
                "f1-score": 0.9945115257958288,
                "support": 911.0
            },
            "1": {
                "precision": 0.9942922374429224,
                "recall": 0.9942922374429224,
                "f1-score": 0.9942922374429224,
                "support": 876.0
            },
            "accuracy": 0.9944040290990487,
            "macro avg": {
                "precision": 0.9944018816193756,
                "recall": 0.9944018816193756,
                "f1-score": 0.9944018816193756,
                "support": 1787.0
            },
            "weighted avg": {
                "precision": 0.9944040290990487,
                "recall": 0.9944040290990487,
                "f1-score": 0.9944040290990487,
                "support": 1787.0
            },
            "cross-entropy": 0.07808717927176105,
            "roc-auc": 0.9999423584900932,
            "score": 0.9944040290990487
        },
        "val": {
            "0": {
                "precision": 0.8651685393258427,
                "recall": 0.7333333333333333,
                "f1-score": 0.7938144329896907,
                "support": 105.0
            },
            "1": {
                "precision": 0.8014184397163121,
                "recall": 0.904,
                "f1-score": 0.8496240601503761,
                "support": 125.0
            },
            "accuracy": 0.8260869565217391,
            "macro avg": {
                "precision": 0.8332934895210774,
                "recall": 0.8186666666666667,
                "f1-score": 0.8217192465700334,
                "support": 230.0
            },
            "weighted avg": {
                "precision": 0.8305217460597936,
                "recall": 0.8260869565217391,
                "f1-score": 0.8241457520987588,
                "support": 230.0
            },
            "cross-entropy": 0.4120035984137168,
            "roc-auc": 0.8976000000000001,
            "score": 0.8260869565217391
        },
        "test": {
            "0": {
                "precision": 0.805668016194332,
                "recall": 0.7624521072796935,
                "f1-score": 0.7834645669291338,
                "support": 261.0
            },
            "1": {
                "precision": 0.7862068965517242,
                "recall": 0.8260869565217391,
                "f1-score": 0.8056537102473499,
                "support": 276.0
            },
            "accuracy": 0.7951582867783985,
            "macro avg": {
                "precision": 0.7959374563730282,
                "recall": 0.7942695319007163,
                "f1-score": 0.7945591385882418,
                "support": 537.0
            },
            "weighted avg": {
                "precision": 0.7956656530260643,
                "recall": 0.7951582867783985,
                "f1-score": 0.7948690428245297,
                "support": 537.0
            },
            "cross-entropy": 0.41355907560414096,
            "roc-auc": 0.8930673552112832,
            "score": 0.7951582867783985
        }
    }
}