{
    "function": "bin.model.main",
    "gpus": [
        "NVIDIA A100-SXM4-80GB"
    ],
    "config": {
        "seed": 1,
        "batch_size": 1024,
        "patience": 16,
        "n_epochs": -1,
        "gradient_clipping_norm": 1.0,
        "amp": true,
        "data": {
            "cache": true,
            "path": "data/homesite-insurance",
            "num_policy": "noisy-quantile",
            "cat_policy": "ordinal"
        },
        "optimizer": {
            "type": "AdamW",
            "lr": 0.0009108773171865041,
            "weight_decay": 0.0006728460954957499
        },
        "model": {
            "arch_type": "plain",
            "backbone": {
                "type": "MLP",
                "n_blocks": 1,
                "d_block": 768,
                "dropout": 0.2085101756590199
            },
            "num_embeddings": {
                "type": "PeriodicEmbeddings",
                "n_frequencies": 68,
                "d_embedding": 32,
                "frequency_init_scale": 0.10023619501071311,
                "lite": true
            }
        }
    },
    "n_parameters": 6362898,
    "prediction_type": "probs",
    "epoch_size": 220,
    "best_step": 3740,
    "metrics": {
        "train": {
            "0": {
                "precision": 0.9488061351462491,
                "recall": 0.9763258980826616,
                "f1-score": 0.9623693191051406,
                "support": 181971.0
            },
            "1": {
                "precision": 0.8837905640527636,
                "recall": 0.7736428250962243,
                "f1-score": 0.8250566607907329,
                "support": 42349.0
            },
            "accuracy": 0.938061697574893,
            "macro avg": {
                "precision": 0.9162983495995063,
                "recall": 0.8749843615894429,
                "f1-score": 0.8937129899479368,
                "support": 224320.0
            },
            "weighted avg": {
                "precision": 0.9365319535296387,
                "recall": 0.938061697574893,
                "f1-score": 0.936446290543457,
                "support": 224320.0
            },
            "cross-entropy": 0.14853302564219126,
            "roc-auc": 0.9753252435366894,
            "score": 0.9753252435366894
        },
        "val": {
            "0": {
                "precision": 0.9323709934075927,
                "recall": 0.9799892479541246,
                "f1-score": 0.9555872673792118,
                "support": 16741.0
            },
            "1": {
                "precision": 0.8682140047206923,
                "recall": 0.6496909037385928,
                "f1-score": 0.7432227647752147,
                "support": 3397.0
            },
            "accuracy": 0.9242725196146588,
            "macro avg": {
                "precision": 0.9002924990641425,
                "recall": 0.8148400758463588,
                "f1-score": 0.8494050160772133,
                "support": 20138.0
            },
            "weighted avg": {
                "precision": 0.9215486033703794,
                "recall": 0.9242725196146588,
                "f1-score": 0.9197643348463993,
                "support": 20138.0
            },
            "cross-entropy": 0.1846737632674073,
            "roc-auc": 0.9531405826393443,
            "score": 0.9531405826393443
        },
        "test": {
            "0": {
                "precision": 0.9230274901820779,
                "recall": 0.9832661443675363,
                "f1-score": 0.9521950500883913,
                "support": 13147.0
            },
            "1": {
                "precision": 0.9039301310043668,
                "recall": 0.6575603557814486,
                "f1-score": 0.7613093048915043,
                "support": 3148.0
            },
            "accuracy": 0.9203436637005217,
            "macro avg": {
                "precision": 0.9134788105932223,
                "recall": 0.8204132500744925,
                "f1-score": 0.8567521774899478,
                "support": 16295.0
            },
            "weighted avg": {
                "precision": 0.9193381077524103,
                "recall": 0.9203436637005217,
                "f1-score": 0.9153181967051571,
                "support": 16295.0
            },
            "cross-entropy": 0.1888090753573653,
            "roc-auc": 0.9600499130688087,
            "score": 0.9600499130688087
        }
    },
    "time": "0:00:35.042941",
    "chunk_size": null,
    "eval_batch_size": 32768
}