{
    "function": "bin.model.main",
    "gpus": [
        "NVIDIA A100-SXM4-80GB"
    ],
    "config": {
        "seed": 10,
        "batch_size": 256,
        "patience": 16,
        "n_epochs": -1,
        "gradient_clipping_norm": 1.0,
        "amp": true,
        "data": {
            "cache": true,
            "path": "data/regression-num-medium-0-elevators",
            "num_policy": "noisy-quantile"
        },
        "optimizer": {
            "type": "AdamW",
            "lr": 0.0010527098390228236,
            "weight_decay": 0.021083269999705622
        },
        "model": {
            "arch_type": "tabm",
            "k": 32,
            "share_training_batches": false,
            "backbone": {
                "type": "MLP",
                "n_blocks": 4,
                "d_block": 912,
                "dropout": 0.0
            },
            "num_embeddings": {
                "type": "PiecewiseLinearEmbeddingsV2",
                "d_embedding": 8
            }
        },
        "bins": {
            "n_bins": 88
        }
    },
    "n_parameters": 2977824,
    "prediction_type": "labels",
    "epoch_size": 40,
    "best_step": 1280,
    "metrics": {
        "train": {
            "rmse": 0.0015550351354149615,
            "mae": 0.0011989017948508263,
            "r2": 0.9452530474105291,
            "score": -0.0015550351354149615
        },
        "val": {
            "rmse": 0.0018384236333321364,
            "mae": 0.0013684546574950218,
            "r2": 0.9256840902847208,
            "score": -0.0018384236333321364
        },
        "test": {
            "rmse": 0.0017987222940988828,
            "mae": 0.0013547141570597887,
            "r2": 0.931167111503708,
            "score": -0.0017987222940988828
        }
    },
    "time": "0:00:11.208392",
    "chunk_size": null,
    "eval_batch_size": 32768
}