{
    "function": "bin.model.main",
    "gpus": [
        "NVIDIA A100-SXM4-40GB"
    ],
    "config": {
        "seed": 6,
        "batch_size": 256,
        "patience": 16,
        "n_epochs": -1,
        "gradient_clipping_norm": 1.0,
        "amp": true,
        "data": {
            "cache": true,
            "path": "data/regression-cat-medium-0-house_sales",
            "num_policy": "noisy-quantile"
        },
        "optimizer": {
            "type": "AdamW",
            "lr": 9.26896183495068e-05,
            "weight_decay": 0.026761481538023095
        },
        "model": {
            "arch_type": "plain",
            "backbone": {
                "type": "MLP",
                "n_blocks": 1,
                "d_block": 800,
                "dropout": 0.30599462962196705
            },
            "num_embeddings": {
                "type": "PiecewiseLinearEmbeddings",
                "d_embedding": 24
            }
        },
        "bins": {
            "n_bins": 118
        }
    },
    "n_parameters": 336001,
    "prediction_type": "labels",
    "epoch_size": 40,
    "best_step": 3160,
    "metrics": {
        "train": {
            "rmse": 0.15264731508890084,
            "mae": 0.11050491034984589,
            "r2": 0.9162818459663931,
            "score": -0.15264731508890084
        },
        "val": {
            "rmse": 0.17002190462808017,
            "mae": 0.12028804421424866,
            "r2": 0.8969189103986037,
            "score": -0.17002190462808017
        },
        "test": {
            "rmse": 0.16929140638383383,
            "mae": 0.12035563588142395,
            "r2": 0.8957369975292631,
            "score": -0.16929140638383383
        }
    },
    "time": "0:00:20.365289",
    "chunk_size": null,
    "eval_batch_size": 32768
}