{
    "function": "bin.ensemble.main",
    "config": {
        "seeds": [
            10,
            11,
            12,
            13,
            14
        ],
        "data": {
            "path": "data/classif-num-medium-4-wine"
        }
    },
    "single_model_function": "bin.model.main",
    "prediction_type": "probs",
    "metrics": {
        "train": {
            "0": {
                "precision": 0.8915801614763552,
                "recall": 0.8598442714126807,
                "f1-score": 0.8754246885617214,
                "support": 899.0
            },
            "1": {
                "precision": 0.8630434782608696,
                "recall": 0.8941441441441441,
                "f1-score": 0.8783185840707964,
                "support": 888.0
            },
            "accuracy": 0.8768886401790711,
            "macro avg": {
                "precision": 0.8773118198686124,
                "recall": 0.8769942077784124,
                "f1-score": 0.876871636316259,
                "support": 1787.0
            },
            "weighted avg": {
                "precision": 0.8773996496154983,
                "recall": 0.8768886401790711,
                "f1-score": 0.8768627295309764,
                "support": 1787.0
            },
            "cross-entropy": 0.30319536343727577,
            "roc-auc": 0.9508062010842878,
            "score": 0.8768886401790711
        },
        "val": {
            "0": {
                "precision": 0.8660714285714286,
                "recall": 0.8016528925619835,
                "f1-score": 0.8326180257510729,
                "support": 121.0
            },
            "1": {
                "precision": 0.7966101694915254,
                "recall": 0.8623853211009175,
                "f1-score": 0.828193832599119,
                "support": 109.0
            },
            "accuracy": 0.8304347826086956,
            "macro avg": {
                "precision": 0.831340799031477,
                "recall": 0.8320191068314504,
                "f1-score": 0.830405929175096,
                "support": 230.0
            },
            "weighted avg": {
                "precision": 0.8331528318770396,
                "recall": 0.8304347826086956,
                "f1-score": 0.8305213429094949,
                "support": 230.0
            },
            "cross-entropy": 0.4551749921888046,
            "roc-auc": 0.8693608309955266,
            "score": 0.8304347826086956
        },
        "test": {
            "0": {
                "precision": 0.7966804979253111,
                "recall": 0.7470817120622568,
                "f1-score": 0.7710843373493976,
                "support": 257.0
            },
            "1": {
                "precision": 0.7804054054054054,
                "recall": 0.825,
                "f1-score": 0.8020833333333333,
                "support": 280.0
            },
            "accuracy": 0.7877094972067039,
            "macro avg": {
                "precision": 0.7885429516653583,
                "recall": 0.7860408560311284,
                "f1-score": 0.7865838353413654,
                "support": 537.0
            },
            "weighted avg": {
                "precision": 0.7881944161644664,
                "recall": 0.7877094972067039,
                "f1-score": 0.7872476872106676,
                "support": 537.0
            },
            "cross-entropy": 0.4502586754495999,
            "roc-auc": 0.8611589772095609,
            "score": 0.7877094972067039
        }
    }
}