{
    "function": "bin.model.main",
    "gpus": [
        "NVIDIA A100-SXM4-80GB"
    ],
    "config": {
        "seed": 2,
        "batch_size": 256,
        "patience": 16,
        "n_epochs": -1,
        "gradient_clipping_norm": 1.0,
        "amp": true,
        "data": {
            "cache": true,
            "path": "data/classif-num-medium-1-MagicTelescope",
            "num_policy": "noisy-quantile"
        },
        "optimizer": {
            "type": "AdamW",
            "lr": 0.0010260946493635126,
            "weight_decay": 0.0
        },
        "model": {
            "arch_type": "tabm",
            "k": 32,
            "backbone": {
                "type": "MLP",
                "n_blocks": 4,
                "d_block": 448,
                "dropout": 0.13939556503393177
            },
            "num_embeddings": {
                "type": "PiecewiseLinearEmbeddings",
                "d_embedding": 16
            }
        },
        "bins": {
            "n_bins": 35
        }
    },
    "n_parameters": 871264,
    "prediction_type": "probs",
    "epoch_size": 37,
    "best_step": 999,
    "metrics": {
        "train": {
            "0": {
                "precision": 0.8629113668483748,
                "recall": 0.914615878450674,
                "f1-score": 0.8880116351547891,
                "support": 4673.0
            },
            "1": {
                "precision": 0.9095238095238095,
                "recall": 0.8552238805970149,
                "f1-score": 0.8815384615384616,
                "support": 4690.0
            },
            "accuracy": 0.8848659617643918,
            "macro avg": {
                "precision": 0.8862175881860921,
                "recall": 0.8849198795238444,
                "f1-score": 0.8847750483466253,
                "support": 9363.0
            },
            "weighted avg": {
                "precision": 0.8862599042987421,
                "recall": 0.8848659617643918,
                "f1-score": 0.8847691718139179,
                "support": 9363.0
            },
            "cross-entropy": 0.2763993895819724,
            "roc-auc": 0.9533617337177644,
            "score": 0.8848659617643918
        },
        "val": {
            "0": {
                "precision": 0.8720379146919431,
                "recall": 0.8860353130016051,
                "f1-score": 0.8789808917197451,
                "support": 623.0
            },
            "1": {
                "precision": 0.875438596491228,
                "recall": 0.8603448275862069,
                "f1-score": 0.8678260869565216,
                "support": 580.0
            },
            "accuracy": 0.8736492103075644,
            "macro avg": {
                "precision": 0.8737382555915856,
                "recall": 0.8731900702939059,
                "f1-score": 0.8734034893381334,
                "support": 1203.0
            },
            "weighted avg": {
                "precision": 0.8736774786516981,
                "recall": 0.8736492103075644,
                "f1-score": 0.8736028478605017,
                "support": 1203.0
            },
            "cross-entropy": 0.3155724572805959,
            "roc-auc": 0.9366386229036365,
            "score": 0.8736492103075644
        },
        "test": {
            "0": {
                "precision": 0.8433490884537475,
                "recall": 0.8972701149425287,
                "f1-score": 0.8694744169857291,
                "support": 1392.0
            },
            "1": {
                "precision": 0.8924003009781791,
                "recall": 0.8363892806770099,
                "f1-score": 0.8634874408445578,
                "support": 1418.0
            },
            "accuracy": 0.8665480427046264,
            "macro avg": {
                "precision": 0.8678746947159632,
                "recall": 0.8668296978097694,
                "f1-score": 0.8664809289151434,
                "support": 2810.0
            },
            "weighted avg": {
                "precision": 0.8681016220336919,
                "recall": 0.8665480427046264,
                "f1-score": 0.8664532311607538,
                "support": 2810.0
            },
            "cross-entropy": 0.30284488413927974,
            "roc-auc": 0.9421862587747027,
            "score": 0.8665480427046264
        }
    },
    "time": "0:00:07.738685",
    "chunk_size": null,
    "eval_batch_size": 32768
}