{
    "function": "bin.model.main",
    "gpus": [
        "NVIDIA A100-SXM4-40GB"
    ],
    "config": {
        "seed": 2,
        "batch_size": 64,
        "patience": 16,
        "n_epochs": -1,
        "gradient_clipping_norm": 1.0,
        "amp": true,
        "data": {
            "cache": true,
            "path": "data/classif-cat-medium-0-KDDCup09_upselling",
            "num_policy": "noisy-quantile",
            "cat_policy": "ordinal"
        },
        "optimizer": {
            "type": "AdamW",
            "lr": 0.0008587530064185258,
            "weight_decay": 0.0
        },
        "model": {
            "arch_type": "plain",
            "backbone": {
                "type": "MLP",
                "n_blocks": 5,
                "d_block": 912,
                "dropout": 0.0
            }
        }
    },
    "n_parameters": 3425474,
    "prediction_type": "probs",
    "epoch_size": 57,
    "best_step": 1083,
    "metrics": {
        "train": {
            "0": {
                "precision": 0.9668094218415417,
                "recall": 1.0,
                "f1-score": 0.9831246597713663,
                "support": 1806.0
            },
            "1": {
                "precision": 1.0,
                "recall": 0.9652271452607964,
                "f1-score": 0.9823059360730594,
                "support": 1783.0
            },
            "accuracy": 0.9827249930342714,
            "macro avg": {
                "precision": 0.9834047109207709,
                "recall": 0.9826135726303982,
                "f1-score": 0.9827152979222129,
                "support": 3589.0
            },
            "weighted avg": {
                "precision": 0.9832983605031552,
                "recall": 0.9827249930342714,
                "f1-score": 0.9827179213054758,
                "support": 3589.0
            },
            "cross-entropy": 0.05098348963000038,
            "roc-auc": 0.9991689693916148,
            "score": 0.9827249930342714
        },
        "val": {
            "0": {
                "precision": 0.7608695652173914,
                "recall": 0.8413461538461539,
                "f1-score": 0.7990867579908676,
                "support": 208.0
            },
            "1": {
                "precision": 0.8558951965065502,
                "recall": 0.7808764940239044,
                "f1-score": 0.8166666666666667,
                "support": 251.0
            },
            "accuracy": 0.8082788671023965,
            "macro avg": {
                "precision": 0.8083823808619708,
                "recall": 0.8111113239350292,
                "f1-score": 0.8078767123287671,
                "support": 459.0
            },
            "weighted avg": {
                "precision": 0.8128334725236634,
                "recall": 0.8082788671023965,
                "f1-score": 0.8087001721033417,
                "support": 459.0
            },
            "cross-entropy": 1.4368955234744705,
            "roc-auc": 0.8787446368372664,
            "score": 0.8082788671023965
        },
        "test": {
            "0": {
                "precision": 0.7389885807504079,
                "recall": 0.8266423357664233,
                "f1-score": 0.7803617571059431,
                "support": 548.0
            },
            "1": {
                "precision": 0.7948164146868251,
                "recall": 0.696969696969697,
                "f1-score": 0.7426841574167509,
                "support": 528.0
            },
            "accuracy": 0.7630111524163569,
            "macro avg": {
                "precision": 0.7669024977186165,
                "recall": 0.7618060163680602,
                "f1-score": 0.761522957261347,
                "support": 1076.0
            },
            "weighted avg": {
                "precision": 0.7663836516783151,
                "recall": 0.7630111524163569,
                "f1-score": 0.7618731208272317,
                "support": 1076.0
            },
            "cross-entropy": 1.666658682384493,
            "roc-auc": 0.8475707116788321,
            "score": 0.7630111524163569
        }
    },
    "time": "0:00:15.748562",
    "chunk_size": null,
    "eval_batch_size": 32768
}