{
    "function": "bin.model.main",
    "gpus": [
        "NVIDIA A100-SXM4-40GB"
    ],
    "config": {
        "seed": 5,
        "batch_size": 512,
        "patience": 16,
        "n_epochs": -1,
        "gradient_clipping_norm": 1.0,
        "amp": true,
        "data": {
            "cache": true,
            "path": "data/classif-num-large-0-MiniBooNE",
            "num_policy": "noisy-quantile"
        },
        "optimizer": {
            "type": "AdamW",
            "lr": 0.002923351987423109,
            "weight_decay": 0.001979481227068239
        },
        "model": {
            "arch_type": "tabm",
            "k": 32,
            "backbone": {
                "type": "MLP",
                "n_blocks": 5,
                "d_block": 752,
                "dropout": 0.13773875705752625
            }
        }
    },
    "n_parameters": 2686304,
    "prediction_type": "probs",
    "epoch_size": 98,
    "best_step": 4410,
    "metrics": {
        "train": {
            "0": {
                "precision": 0.9945490786315747,
                "recall": 0.9733269636530116,
                "f1-score": 0.9838235885879844,
                "support": 25119.0
            },
            "1": {
                "precision": 0.973639689971279,
                "recall": 0.9946143643744223,
                "f1-score": 0.9840152689967793,
                "support": 24881.0
            },
            "accuracy": 0.98392,
            "macro avg": {
                "precision": 0.9840943843014269,
                "recall": 0.9839706640137169,
                "f1-score": 0.9839194287923818,
                "support": 50000.0
            },
            "weighted avg": {
                "precision": 0.9841441486464384,
                "recall": 0.98392,
                "f1-score": 0.983918972593009,
                "support": 50000.0
            },
            "cross-entropy": 0.05478323275148695,
            "roc-auc": 0.9986999873448332,
            "score": 0.98392
        },
        "val": {
            "0": {
                "precision": 0.9689058374889997,
                "recall": 0.9388857305287095,
                "f1-score": 0.9536595928973581,
                "support": 3518.0
            },
            "1": {
                "precision": 0.9383954154727794,
                "recall": 0.9686483288967761,
                "f1-score": 0.9532819094746033,
                "support": 3381.0
            },
            "accuracy": 0.953471517611248,
            "macro avg": {
                "precision": 0.9536506264808895,
                "recall": 0.9537670297127427,
                "f1-score": 0.9534707511859808,
                "support": 6899.0
            },
            "weighted avg": {
                "precision": 0.9539535637048512,
                "recall": 0.953471517611248,
                "f1-score": 0.953474501195324,
                "support": 6899.0
            },
            "cross-entropy": 0.1300327770510101,
            "roc-auc": 0.9879577359282442,
            "score": 0.953471517611248
        },
        "test": {
            "0": {
                "precision": 0.9598492723492723,
                "recall": 0.9395828033579242,
                "f1-score": 0.9496079187556241,
                "support": 7862.0
            },
            "1": {
                "precision": 0.9434725693204807,
                "recall": 0.9624863421148476,
                "f1-score": 0.9528846153846153,
                "support": 8237.0
            },
            "accuracy": 0.9513013230635443,
            "macro avg": {
                "precision": 0.9516609208348765,
                "recall": 0.9510345727363859,
                "f1-score": 0.9512462670701197,
                "support": 16099.0
            },
            "weighted avg": {
                "precision": 0.951470186514863,
                "recall": 0.9513013230635443,
                "f1-score": 0.9512844297272993,
                "support": 16099.0
            },
            "cross-entropy": 0.13930045409295258,
            "roc-auc": 0.9873763138924893,
            "score": 0.9513013230635443
        }
    },
    "time": "0:04:30.483289",
    "chunk_size": null,
    "eval_batch_size": 32768
}