{
    "function": "bin.model.main",
    "gpus": [
        "NVIDIA A100-SXM4-80GB"
    ],
    "config": {
        "seed": 14,
        "batch_size": 256,
        "patience": 16,
        "n_epochs": -1,
        "gradient_clipping_norm": 1.0,
        "amp": true,
        "data": {
            "cache": true,
            "path": "data/churn",
            "num_policy": "noisy-quantile",
            "cat_policy": "ordinal"
        },
        "optimizer": {
            "type": "AdamW",
            "lr": 0.0029873464577278084,
            "weight_decay": 0.0
        },
        "model": {
            "arch_type": "tabm-packed",
            "k": 32,
            "share_training_batches": false,
            "backbone": {
                "type": "MLP",
                "n_blocks": 1,
                "d_block": 80,
                "dropout": 0.0
            }
        }
    },
    "n_parameters": 48704,
    "prediction_type": "probs",
    "epoch_size": 25,
    "best_step": 1000,
    "metrics": {
        "train": {
            "0": {
                "precision": 0.8884462151394422,
                "recall": 0.9627158555729984,
                "f1-score": 0.9240911659446223,
                "support": 5096.0
            },
            "1": {
                "precision": 0.7835990888382688,
                "recall": 0.5276073619631901,
                "f1-score": 0.6306141154903757,
                "support": 1304.0
            },
            "accuracy": 0.8740625,
            "macro avg": {
                "precision": 0.8360226519888555,
                "recall": 0.7451616087680943,
                "f1-score": 0.777352640717499,
                "support": 6400.0
            },
            "weighted avg": {
                "precision": 0.8670836131555781,
                "recall": 0.8740625,
                "f1-score": 0.8642952169145696,
                "support": 6400.0
            },
            "cross-entropy": 0.29900447941335584,
            "roc-auc": 0.8979904845373731,
            "score": 0.8740625
        },
        "val": {
            "0": {
                "precision": 0.8820143884892087,
                "recall": 0.9623233908948194,
                "f1-score": 0.9204204204204204,
                "support": 1274.0
            },
            "1": {
                "precision": 0.7714285714285715,
                "recall": 0.49693251533742333,
                "f1-score": 0.6044776119402985,
                "support": 326.0
            },
            "accuracy": 0.8675,
            "macro avg": {
                "precision": 0.82672147995889,
                "recall": 0.7296279531161214,
                "f1-score": 0.7624490161803594,
                "support": 1600.0
            },
            "weighted avg": {
                "precision": 0.8594825282631038,
                "recall": 0.8675,
                "f1-score": 0.8560470731925954,
                "support": 1600.0
            },
            "cross-entropy": 0.33479144618574525,
            "roc-auc": 0.8654592559062321,
            "score": 0.8675
        },
        "test": {
            "0": {
                "precision": 0.8764367816091954,
                "recall": 0.9573132454488387,
                "f1-score": 0.9150915091509151,
                "support": 1593.0
            },
            "1": {
                "precision": 0.7384615384615385,
                "recall": 0.47174447174447176,
                "f1-score": 0.575712143928036,
                "support": 407.0
            },
            "accuracy": 0.8585,
            "macro avg": {
                "precision": 0.8074491600353669,
                "recall": 0.7145288585966552,
                "f1-score": 0.7454018265394755,
                "support": 2000.0
            },
            "weighted avg": {
                "precision": 0.8483588196286471,
                "recall": 0.8585,
                "f1-score": 0.8460278083280591,
                "support": 2000.0
            },
            "cross-entropy": 0.34332256752746854,
            "roc-auc": 0.8567288397796873,
            "score": 0.8585
        }
    },
    "time": "0:00:04.002682",
    "chunk_size": null,
    "eval_batch_size": 32768
}