{
    "function": "bin.model.main",
    "gpus": [
        "NVIDIA A100-SXM4-80GB"
    ],
    "config": {
        "seed": 8,
        "batch_size": 64,
        "patience": 16,
        "n_epochs": -1,
        "gradient_clipping_norm": 1.0,
        "amp": true,
        "data": {
            "cache": true,
            "path": "data/classif-num-medium-2-kdd_ipums_la_97-small",
            "num_policy": "noisy-quantile"
        },
        "optimizer": {
            "type": "AdamW",
            "lr": 0.00046566600316563664,
            "weight_decay": 0.0013977348943497619
        },
        "model": {
            "arch_type": "tabm",
            "k": 32,
            "share_training_batches": false,
            "backbone": {
                "type": "MLP",
                "n_blocks": 1,
                "d_block": 800,
                "dropout": 0.0
            },
            "num_embeddings": {
                "type": "PiecewiseLinearEmbeddings",
                "d_embedding": 12
            }
        },
        "bins": {
            "n_bins": 8
        }
    },
    "n_parameters": 304544,
    "prediction_type": "probs",
    "epoch_size": 57,
    "best_step": 114,
    "metrics": {
        "train": {
            "0": {
                "precision": 0.9016100178890877,
                "recall": 0.8395335924486397,
                "f1-score": 0.8694652098907418,
                "support": 1801.0
            },
            "1": {
                "precision": 0.8520982599795291,
                "recall": 0.9098360655737705,
                "f1-score": 0.8800211416490488,
                "support": 1830.0
            },
            "accuracy": 0.8749655742219774,
            "macro avg": {
                "precision": 0.8768541389343084,
                "recall": 0.874684829011205,
                "f1-score": 0.8747431757698954,
                "support": 3631.0
            },
            "weighted avg": {
                "precision": 0.8766564191629813,
                "recall": 0.8749655742219774,
                "f1-score": 0.8747853297248652,
                "support": 3631.0
            },
            "cross-entropy": 0.28887290501574336,
            "roc-auc": 0.9427335451161013,
            "score": 0.8749655742219774
        },
        "val": {
            "0": {
                "precision": 0.9468599033816425,
                "recall": 0.8596491228070176,
                "f1-score": 0.9011494252873563,
                "support": 228.0
            },
            "1": {
                "precision": 0.8769230769230769,
                "recall": 0.9539748953974896,
                "f1-score": 0.9138276553106213,
                "support": 239.0
            },
            "accuracy": 0.9079229122055674,
            "macro avg": {
                "precision": 0.9118914901523597,
                "recall": 0.9068120091022536,
                "f1-score": 0.9074885402989887,
                "support": 467.0
            },
            "weighted avg": {
                "precision": 0.9110678230313274,
                "recall": 0.9079229122055674,
                "f1-score": 0.9076378556418752,
                "support": 467.0
            },
            "cross-entropy": 0.25194289263893926,
            "roc-auc": 0.9619393672465684,
            "score": 0.9079229122055674
        },
        "test": {
            "0": {
                "precision": 0.9067961165048544,
                "recall": 0.8265486725663717,
                "f1-score": 0.8648148148148148,
                "support": 565.0
            },
            "1": {
                "precision": 0.8295652173913044,
                "recall": 0.9085714285714286,
                "f1-score": 0.8672727272727273,
                "support": 525.0
            },
            "accuracy": 0.8660550458715597,
            "macro avg": {
                "precision": 0.8681806669480794,
                "recall": 0.8675600505689001,
                "f1-score": 0.8660437710437711,
                "support": 1090.0
            },
            "weighted avg": {
                "precision": 0.8695977476657593,
                "recall": 0.8660550458715597,
                "f1-score": 0.8659986717326167,
                "support": 1090.0
            },
            "cross-entropy": 0.29988494658024023,
            "roc-auc": 0.9377496839443742,
            "score": 0.8660550458715597
        }
    },
    "time": "0:00:02.812153",
    "chunk_size": null,
    "eval_batch_size": 32768
}