{
    "function": "bin.ensemble.main",
    "config": {
        "seeds": [
            0,
            1,
            2,
            3,
            4
        ],
        "data": {
            "path": "data/regression-cat-medium-1-analcatdata_supreme"
        }
    },
    "single_model_function": "bin.model.main",
    "prediction_type": "labels",
    "metrics": {
        "train": {
            "rmse": 0.07745056507073461,
            "mae": 0.018702683970332146,
            "r2": 0.9802153495965007,
            "score": -0.07745056507073461
        },
        "val": {
            "rmse": 0.04620400381994041,
            "mae": 0.01552351750433445,
            "r2": 0.9929177279115274,
            "score": -0.04620400381994041
        },
        "test": {
            "rmse": 0.08614477444322384,
            "mae": 0.02180728316307068,
            "r2": 0.9750641401443587,
            "score": -0.08614477444322384
        }
    }
}