{
    "function": "bin.model.main",
    "gpus": [
        "NVIDIA A100-SXM4-40GB"
    ],
    "config": {
        "seed": 11,
        "batch_size": 64,
        "patience": 16,
        "n_epochs": -1,
        "gradient_clipping_norm": 1.0,
        "amp": true,
        "data": {
            "cache": true,
            "path": "data/classif-num-medium-0-kdd_ipums_la_97-small",
            "num_policy": "noisy-quantile"
        },
        "optimizer": {
            "type": "AdamW",
            "lr": 0.00041856920893351083,
            "weight_decay": 0.0
        },
        "model": {
            "arch_type": "plain",
            "backbone": {
                "type": "MLP",
                "n_blocks": 4,
                "d_block": 816,
                "dropout": 0.4858011127652326
            }
        }
    },
    "n_parameters": 2018786,
    "prediction_type": "probs",
    "epoch_size": 57,
    "best_step": 1881,
    "metrics": {
        "train": {
            "0": {
                "precision": 0.9824561403508771,
                "recall": 0.8568306010928962,
                "f1-score": 0.9153531815528312,
                "support": 1830.0
            },
            "1": {
                "precision": 0.8712530712530713,
                "recall": 0.9844530816213215,
                "f1-score": 0.9244004171011471,
                "support": 1801.0
            },
            "accuracy": 0.9201321949876067,
            "macro avg": {
                "precision": 0.9268546058019742,
                "recall": 0.9206418413571089,
                "f1-score": 0.9198767993269892,
                "support": 3631.0
            },
            "weighted avg": {
                "precision": 0.9272986830539484,
                "recall": 0.9201321949876067,
                "f1-score": 0.9198406701847555,
                "support": 3631.0
            },
            "cross-entropy": 0.20153682947746973,
            "roc-auc": 0.9670237846005407,
            "score": 0.9201321949876067
        },
        "val": {
            "0": {
                "precision": 0.9583333333333334,
                "recall": 0.8553719008264463,
                "f1-score": 0.9039301310043669,
                "support": 242.0
            },
            "1": {
                "precision": 0.8605577689243028,
                "recall": 0.96,
                "f1-score": 0.907563025210084,
                "support": 225.0
            },
            "accuracy": 0.9057815845824411,
            "macro avg": {
                "precision": 0.9094455511288181,
                "recall": 0.9076859504132231,
                "f1-score": 0.9057465781072255,
                "support": 467.0
            },
            "weighted avg": {
                "precision": 0.9112251920227726,
                "recall": 0.9057815845824411,
                "f1-score": 0.9056804547651514,
                "support": 467.0
            },
            "cross-entropy": 0.2675291961923961,
            "roc-auc": 0.9563360881542698,
            "score": 0.9057815845824411
        },
        "test": {
            "0": {
                "precision": 0.9190371991247265,
                "recall": 0.8045977011494253,
                "f1-score": 0.8580183861082737,
                "support": 522.0
            },
            "1": {
                "precision": 0.8388625592417062,
                "recall": 0.9348591549295775,
                "f1-score": 0.8842631140716071,
                "support": 568.0
            },
            "accuracy": 0.8724770642201835,
            "macro avg": {
                "precision": 0.8789498791832163,
                "recall": 0.8697284280395015,
                "f1-score": 0.8711407500899404,
                "support": 1090.0
            },
            "weighted avg": {
                "precision": 0.8772581207269691,
                "recall": 0.8724770642201835,
                "f1-score": 0.8716945379276989,
                "support": 1090.0
            },
            "cross-entropy": 0.3331274084106398,
            "roc-auc": 0.9391155361286492,
            "score": 0.8724770642201835
        }
    },
    "time": "0:00:17.643673",
    "chunk_size": null,
    "eval_batch_size": 32768
}