{
    "function": "bin.ensemble.main",
    "config": {
        "seeds": [
            10,
            11,
            12,
            13,
            14
        ],
        "data": {
            "path": "data/regression-num-medium-0-wine_quality"
        }
    },
    "single_model_function": "bin.model.main",
    "prediction_type": "labels",
    "metrics": {
        "train": {
            "rmse": 0.11754196124117122,
            "mae": 0.07910116016864777,
            "r2": 0.9816332813842947,
            "score": -0.11754196124117122
        },
        "val": {
            "rmse": 0.6427844333780348,
            "mae": 0.4366903603076935,
            "r2": 0.5168268519570989,
            "score": -0.6427844333780348
        },
        "test": {
            "rmse": 0.6259658265048657,
            "mae": 0.4283982813358307,
            "r2": 0.4818292985879914,
            "score": -0.6259658265048657
        }
    }
}