{
    "function": "bin.ensemble.main",
    "config": {
        "seeds": [
            0,
            1,
            2,
            3,
            4
        ],
        "data": {
            "path": "data/classif-num-medium-0-MagicTelescope"
        }
    },
    "single_model_function": "bin.model.main",
    "prediction_type": "probs",
    "metrics": {
        "train": {
            "0": {
                "precision": 0.890507994333131,
                "recall": 0.9333899024183284,
                "f1-score": 0.9114448472294149,
                "support": 4714.0
            },
            "1": {
                "precision": 0.9289914066033469,
                "recall": 0.8836308883630888,
                "f1-score": 0.9057435784367766,
                "support": 4649.0
            },
            "accuracy": 0.9086831143864146,
            "macro avg": {
                "precision": 0.9097497004682389,
                "recall": 0.9085103953907085,
                "f1-score": 0.9085942128330957,
                "support": 9363.0
            },
            "weighted avg": {
                "precision": 0.9096161203231163,
                "recall": 0.9086831143864146,
                "f1-score": 0.9086140025624305,
                "support": 9363.0
            },
            "cross-entropy": 0.22110693520154465,
            "roc-auc": 0.970421191759981,
            "score": 0.9086831143864146
        },
        "val": {
            "0": {
                "precision": 0.8576104746317512,
                "recall": 0.9018932874354562,
                "f1-score": 0.8791946308724833,
                "support": 581.0
            },
            "1": {
                "precision": 0.9037162162162162,
                "recall": 0.860128617363344,
                "f1-score": 0.8813838550247116,
                "support": 622.0
            },
            "accuracy": 0.8802992518703242,
            "macro avg": {
                "precision": 0.8806633454239837,
                "recall": 0.8810109523994001,
                "f1-score": 0.8802892429485975,
                "support": 1203.0
            },
            "weighted avg": {
                "precision": 0.8814490209871436,
                "recall": 0.8802992518703242,
                "f1-score": 0.880326548929579,
                "support": 1203.0
            },
            "cross-entropy": 0.301652390151284,
            "roc-auc": 0.9422079682994727,
            "score": 0.8802992518703242
        },
        "test": {
            "0": {
                "precision": 0.8348002708192281,
                "recall": 0.8851399856424982,
                "f1-score": 0.8592334494773519,
                "support": 1393.0
            },
            "1": {
                "precision": 0.8799699924981246,
                "recall": 0.8278052223006351,
                "f1-score": 0.8530909090909091,
                "support": 1417.0
            },
            "accuracy": 0.8562277580071175,
            "macro avg": {
                "precision": 0.8573851316586764,
                "recall": 0.8564726039715667,
                "f1-score": 0.8561621792841305,
                "support": 2810.0
            },
            "weighted avg": {
                "precision": 0.8575780272672696,
                "recall": 0.8562277580071175,
                "f1-score": 0.8561359477949357,
                "support": 2810.0
            },
            "cross-entropy": 0.33139401544494335,
            "roc-auc": 0.9312906907761916,
            "score": 0.8562277580071175
        }
    }
}