{
    "function": "bin.ensemble.main",
    "config": {
        "seeds": [
            0,
            1,
            2,
            3,
            4
        ],
        "data": {
            "path": "data/regression-num-medium-2-wine_quality"
        }
    },
    "single_model_function": "bin.model.main",
    "prediction_type": "labels",
    "metrics": {
        "train": {
            "rmse": 0.02428272324473504,
            "mae": 0.017388150095939636,
            "r2": 0.9992346941557626,
            "score": -0.02428272324473504
        },
        "val": {
            "rmse": 0.5858915692447006,
            "mae": 0.3957270085811615,
            "r2": 0.5403332024984555,
            "score": -0.5858915692447006
        },
        "test": {
            "rmse": 0.6424958196645031,
            "mae": 0.4222137928009033,
            "r2": 0.4423831946746436,
            "score": -0.6424958196645031
        }
    }
}