{
    "function": "bin.model.main",
    "gpus": [
        "NVIDIA A100-SXM4-80GB"
    ],
    "config": {
        "seed": 11,
        "batch_size": 1024,
        "patience": 16,
        "n_epochs": -1,
        "gradient_clipping_norm": 1.0,
        "amp": true,
        "data": {
            "cache": true,
            "path": "data/ecom-offers",
            "num_policy": "noisy-quantile"
        },
        "optimizer": {
            "type": "AdamW",
            "lr": 0.0009244814404120551,
            "weight_decay": 0.00012845522837199054
        },
        "model": {
            "arch_type": "plain",
            "backbone": {
                "type": "MLP",
                "n_blocks": 1,
                "d_block": 208,
                "dropout": 0.0
            }
        }
    },
    "n_parameters": 24754,
    "prediction_type": "probs",
    "epoch_size": 107,
    "best_step": 642,
    "metrics": {
        "train": {
            "0": {
                "precision": 0.7869746489672689,
                "recall": 0.9754095439480155,
                "f1-score": 0.871118325429411,
                "support": 84179.0
            },
            "1": {
                "precision": 0.5864962045545346,
                "recall": 0.1166838884031476,
                "f1-score": 0.19464333068151685,
                "support": 25162.0
            },
            "accuracy": 0.777796069178076,
            "macro avg": {
                "precision": 0.6867354267609017,
                "recall": 0.5460467161755815,
                "f1-score": 0.532880828055464,
                "support": 109341.0
            },
            "weighted avg": {
                "precision": 0.7408397259437625,
                "recall": 0.777796069178076,
                "f1-score": 0.7154451212530589,
                "support": 109341.0
            },
            "cross-entropy": 0.49151207909022904,
            "roc-auc": 0.7017610505976655,
            "score": 0.7017610505976655
        },
        "val": {
            "0": {
                "precision": 0.6912032162343257,
                "recall": 0.930661167676247,
                "f1-score": 0.7932549708887181,
                "support": 15518.0
            },
            "1": {
                "precision": 0.6804276804276804,
                "recall": 0.26203820199016353,
                "f1-score": 0.3783649876135425,
                "support": 8743.0
            },
            "accuracy": 0.689707761427806,
            "macro avg": {
                "precision": 0.685815448331003,
                "recall": 0.5963496848332053,
                "f1-score": 0.5858099792511303,
                "support": 24261.0
            },
            "weighted avg": {
                "precision": 0.6873200082232174,
                "recall": 0.689707761427806,
                "f1-score": 0.6437399828925572,
                "support": 24261.0
            },
            "cross-entropy": 0.6880673443859072,
            "roc-auc": 0.6438530346675293,
            "score": 0.6438530346675293
        },
        "test": {
            "0": {
                "precision": 0.6669936243256498,
                "recall": 0.9644250088642005,
                "f1-score": 0.7885962792945156,
                "support": 16922.0
            },
            "1": {
                "precision": 0.6970306995470559,
                "recall": 0.14528480016783804,
                "f1-score": 0.2404513888888889,
                "support": 9533.0
            },
            "accuracy": 0.6692496692496692,
            "macro avg": {
                "precision": 0.6820121619363528,
                "recall": 0.5548549045160193,
                "f1-score": 0.5145238340917022,
                "support": 26455.0
            },
            "weighted avg": {
                "precision": 0.6778174171090807,
                "recall": 0.6692496692496692,
                "f1-score": 0.5910734956907794,
                "support": 26455.0
            },
            "cross-entropy": 0.762915629757499,
            "roc-auc": 0.600812499946534,
            "score": 0.600812499946534
        }
    },
    "time": "0:00:05.758604",
    "chunk_size": null,
    "eval_batch_size": 32768
}