{
    "function": "bin.model.main",
    "gpus": [
        "NVIDIA A100-SXM4-40GB"
    ],
    "config": {
        "seed": 5,
        "batch_size": 256,
        "patience": 16,
        "n_epochs": -1,
        "gradient_clipping_norm": 1.0,
        "amp": true,
        "data": {
            "cache": true,
            "path": "data/regression-cat-medium-0-house_sales",
            "num_policy": "noisy-quantile"
        },
        "optimizer": {
            "type": "AdamW",
            "lr": 0.0008070149817867732,
            "weight_decay": 0.0
        },
        "model": {
            "arch_type": "tabm-mini",
            "k": 32,
            "backbone": {
                "type": "MLP",
                "n_blocks": 3,
                "d_block": 272,
                "dropout": 0.10853480592679782
            },
            "num_embeddings": {
                "type": "PiecewiseLinearEmbeddingsV2",
                "d_embedding": 32
            }
        },
        "bins": {
            "n_bins": 119
        }
    },
    "n_parameters": 362736,
    "prediction_type": "labels",
    "epoch_size": 40,
    "best_step": 3320,
    "metrics": {
        "train": {
            "rmse": 0.13694950113109897,
            "mae": 0.09886879473924637,
            "r2": 0.9326151491132617,
            "score": -0.13694950113109897
        },
        "val": {
            "rmse": 0.16623288692149313,
            "mae": 0.11682179570198059,
            "r2": 0.9014621336242145,
            "score": -0.16623288692149313
        },
        "test": {
            "rmse": 0.16527406901106145,
            "mae": 0.11670860648155212,
            "r2": 0.9006266700796006,
            "score": -0.16527406901106145
        }
    },
    "time": "0:00:13.366933",
    "chunk_size": null,
    "eval_batch_size": 32768
}