{
    "function": "bin.model.main",
    "gpus": [
        "NVIDIA A100-SXM4-80GB"
    ],
    "config": {
        "seed": 5,
        "batch_size": 256,
        "patience": 16,
        "n_epochs": -1,
        "gradient_clipping_norm": 1.0,
        "amp": true,
        "data": {
            "cache": true,
            "path": "data/regression-cat-medium-0-house_sales",
            "num_policy": "noisy-quantile"
        },
        "optimizer": {
            "type": "AdamW",
            "lr": 0.0017233238087993531,
            "weight_decay": 0.031127917927086454
        },
        "model": {
            "arch_type": "tabm-mini",
            "k": 32,
            "share_training_batches": false,
            "backbone": {
                "type": "MLP",
                "n_blocks": 3,
                "d_block": 368,
                "dropout": 0.13051668468460778
            },
            "num_embeddings": {
                "type": "PiecewiseLinearEmbeddingsV2",
                "d_embedding": 12
            }
        },
        "bins": {
            "n_bins": 43
        }
    },
    "n_parameters": 365460,
    "prediction_type": "labels",
    "epoch_size": 40,
    "best_step": 2080,
    "metrics": {
        "train": {
            "rmse": 0.12995310007305852,
            "mae": 0.09427201747894287,
            "r2": 0.9393243306316936,
            "score": -0.12995310007305852
        },
        "val": {
            "rmse": 0.16552220114312238,
            "mae": 0.11673739552497864,
            "r2": 0.9023028875965834,
            "score": -0.16552220114312238
        },
        "test": {
            "rmse": 0.1650759525941455,
            "mae": 0.11678218841552734,
            "r2": 0.9008647666348167,
            "score": -0.1650759525941455
        }
    },
    "time": "0:00:08.479639",
    "chunk_size": null,
    "eval_batch_size": 32768
}