{
    "function": "bin.model.main",
    "gpus": [
        "NVIDIA A100-SXM4-80GB"
    ],
    "config": {
        "seed": 12,
        "batch_size": 256,
        "patience": 16,
        "n_epochs": -1,
        "gradient_clipping_norm": 1.0,
        "amp": true,
        "data": {
            "cache": true,
            "path": "data/classif-num-medium-0-bank-marketing",
            "num_policy": "noisy-quantile"
        },
        "optimizer": {
            "type": "AdamW",
            "lr": 0.001702443667498743,
            "weight_decay": 0.0005946225617605244
        },
        "model": {
            "arch_type": "tabm",
            "k": 32,
            "share_training_batches": false,
            "backbone": {
                "type": "MLP",
                "n_blocks": 5,
                "d_block": 384,
                "dropout": 0.0
            }
        }
    },
    "n_parameters": 789408,
    "prediction_type": "probs",
    "epoch_size": 29,
    "best_step": 522,
    "metrics": {
        "train": {
            "0": {
                "precision": 0.8250470303681806,
                "recall": 0.822615219721329,
                "f1-score": 0.8238293304709513,
                "support": 3732.0
            },
            "1": {
                "precision": 0.82025522671735,
                "recall": 0.8227124183006536,
                "f1-score": 0.8214819850441876,
                "support": 3672.0
            },
            "accuracy": 0.8226634251755808,
            "macro avg": {
                "precision": 0.8226511285427653,
                "recall": 0.8226638190109913,
                "f1-score": 0.8226556577575694,
                "support": 7404.0
            },
            "weighted avg": {
                "precision": 0.8226705442787897,
                "recall": 0.8226634251755808,
                "f1-score": 0.8226651688816649,
                "support": 7404.0
            },
            "cross-entropy": 0.4004187899014577,
            "roc-auc": 0.8996288211009067,
            "score": 0.8226634251755808
        },
        "val": {
            "0": {
                "precision": 0.8276643990929705,
                "recall": 0.8004385964912281,
                "f1-score": 0.8138238573021181,
                "support": 456.0
            },
            "1": {
                "precision": 0.821917808219178,
                "recall": 0.8467741935483871,
                "f1-score": 0.8341608738828202,
                "support": 496.0
            },
            "accuracy": 0.8245798319327731,
            "macro avg": {
                "precision": 0.8247911036560742,
                "recall": 0.8236063950198076,
                "f1-score": 0.8239923655924692,
                "support": 952.0
            },
            "weighted avg": {
                "precision": 0.8246703769570449,
                "recall": 0.8245798319327731,
                "f1-score": 0.8244196138399629,
                "support": 952.0
            },
            "cross-entropy": 0.414228303533409,
            "roc-auc": 0.89070016270515,
            "score": 0.8245798319327731
        },
        "test": {
            "0": {
                "precision": 0.7889667250437828,
                "recall": 0.818346957311535,
                "f1-score": 0.8033883192153365,
                "support": 1101.0
            },
            "1": {
                "precision": 0.8148148148148148,
                "recall": 0.7850133809099019,
                "f1-score": 0.7996365288505225,
                "support": 1121.0
            },
            "accuracy": 0.8015301530153015,
            "macro avg": {
                "precision": 0.8018907699292988,
                "recall": 0.8016801691107185,
                "f1-score": 0.8015124240329294,
                "support": 2222.0
            },
            "weighted avg": {
                "precision": 0.8020070979660722,
                "recall": 0.8015301530153015,
                "f1-score": 0.8014955392878134,
                "support": 2222.0
            },
            "cross-entropy": 0.4434328005982118,
            "roc-auc": 0.8756973021849409,
            "score": 0.8015301530153015
        }
    },
    "time": "0:00:05.059856",
    "chunk_size": null,
    "eval_batch_size": 32768
}