{
    "function": "bin.model.main",
    "gpus": [
        "NVIDIA A100-SXM4-40GB"
    ],
    "config": {
        "seed": 7,
        "batch_size": 64,
        "patience": 16,
        "n_epochs": -1,
        "gradient_clipping_norm": 1.0,
        "amp": true,
        "data": {
            "cache": true,
            "path": "data/regression-cat-medium-1-analcatdata_supreme",
            "num_policy": "noisy-quantile"
        },
        "optimizer": {
            "type": "AdamW",
            "lr": 0.000287307153609529,
            "weight_decay": 0.00549421285712217
        },
        "model": {
            "arch_type": "plain",
            "backbone": {
                "type": "MLP",
                "n_blocks": 5,
                "d_block": 288,
                "dropout": 0.2888679534418054
            },
            "num_embeddings": {
                "type": "PeriodicEmbeddings",
                "n_frequencies": 40,
                "d_embedding": 20,
                "frequency_init_scale": 2.1350859140730143,
                "lite": false
            }
        }
    },
    "n_parameters": 351225,
    "prediction_type": "labels",
    "epoch_size": 45,
    "best_step": 1440,
    "metrics": {
        "train": {
            "rmse": 0.05407653920194278,
            "mae": 0.021670343354344368,
            "r2": 0.9903551167218647,
            "score": -0.05407653920194278
        },
        "val": {
            "rmse": 0.04760962261101759,
            "mae": 0.02078590728342533,
            "r2": 0.9924802592384615,
            "score": -0.04760962261101759
        },
        "test": {
            "rmse": 0.08557453503077705,
            "mae": 0.02644391357898712,
            "r2": 0.9753931768570534,
            "score": -0.08557453503077705
        }
    },
    "time": "0:00:07.918485",
    "chunk_size": null,
    "eval_batch_size": 32768
}