{
    "function": "bin.model.main",
    "gpus": [
        "NVIDIA A100-SXM4-40GB"
    ],
    "config": {
        "seed": 3,
        "batch_size": 512,
        "patience": 16,
        "n_epochs": -1,
        "gradient_clipping_norm": 1.0,
        "amp": true,
        "data": {
            "cache": true,
            "path": "data/otto"
        },
        "optimizer": {
            "type": "AdamW",
            "lr": 0.0028473915318600837,
            "weight_decay": 0.0
        },
        "model": {
            "arch_type": "tabm-mini",
            "k": 32,
            "backbone": {
                "type": "MLP",
                "n_blocks": 3,
                "d_block": 1024,
                "dropout": 0.0289541233735775
            }
        }
    },
    "n_parameters": 2493632,
    "prediction_type": "probs",
    "epoch_size": 78,
    "best_step": 3432,
    "metrics": {
        "train": {
            "0": {
                "precision": 0.9966044142614601,
                "recall": 0.9506072874493927,
                "f1-score": 0.9730625777041028,
                "support": 1235.0
            },
            "1": {
                "precision": 0.958007253292613,
                "recall": 0.9728629579375848,
                "f1-score": 0.9653779572994807,
                "support": 10318.0
            },
            "2": {
                "precision": 0.9375,
                "recall": 0.9254197579070675,
                "f1-score": 0.9314207113381803,
                "support": 5122.0
            },
            "3": {
                "precision": 0.9909801563439568,
                "recall": 0.9570267131242741,
                "f1-score": 0.9737075332348597,
                "support": 1722.0
            },
            "4": {
                "precision": 1.0,
                "recall": 0.9988590986879635,
                "f1-score": 0.9994292237442922,
                "support": 1753.0
            },
            "5": {
                "precision": 0.9959061739322859,
                "recall": 0.9950254256024762,
                "f1-score": 0.995465604954656,
                "support": 9046.0
            },
            "6": {
                "precision": 0.9819178082191781,
                "recall": 0.9862410566868465,
                "f1-score": 0.984074684239429,
                "support": 1817.0
            },
            "7": {
                "precision": 0.9948253557567918,
                "recall": 0.9937234631714972,
                "f1-score": 0.9942741041743628,
                "support": 5417.0
            },
            "8": {
                "precision": 0.9809434551702593,
                "recall": 0.9902239041311889,
                "f1-score": 0.9855618330194602,
                "support": 3171.0
            },
            "accuracy": 0.9764147370015909,
            "macro avg": {
                "precision": 0.9818538463307271,
                "recall": 0.974443296077588,
                "f1-score": 0.9780415810787582,
                "support": 39601.0
            },
            "weighted avg": {
                "precision": 0.9764783888213812,
                "recall": 0.9764147370015909,
                "f1-score": 0.9763947296863472,
                "support": 39601.0
            },
            "cross-entropy": 0.10952081103644569,
            "score": 0.9764147370015909
        },
        "val": {
            "0": {
                "precision": 0.7063829787234043,
                "recall": 0.538961038961039,
                "f1-score": 0.6114180478821363,
                "support": 308.0
            },
            "1": {
                "precision": 0.7642956764295676,
                "recall": 0.8496124031007752,
                "f1-score": 0.8046989720998532,
                "support": 2580.0
            },
            "2": {
                "precision": 0.6431718061674009,
                "recall": 0.5698672911787666,
                "f1-score": 0.6043046357615894,
                "support": 1281.0
            },
            "3": {
                "precision": 0.7784431137724551,
                "recall": 0.6032482598607889,
                "f1-score": 0.6797385620915034,
                "support": 431.0
            },
            "4": {
                "precision": 0.9792147806004619,
                "recall": 0.9680365296803652,
                "f1-score": 0.9735935706084959,
                "support": 438.0
            },
            "5": {
                "precision": 0.9503577817531306,
                "recall": 0.9394341290893015,
                "f1-score": 0.9448643841707426,
                "support": 2262.0
            },
            "6": {
                "precision": 0.7676537585421412,
                "recall": 0.7422907488986784,
                "f1-score": 0.7547592385218365,
                "support": 454.0
            },
            "7": {
                "precision": 0.9118065433854907,
                "recall": 0.946824224519941,
                "f1-score": 0.9289855072463769,
                "support": 1354.0
            },
            "8": {
                "precision": 0.8552147239263803,
                "recall": 0.8789407313997478,
                "f1-score": 0.866915422885572,
                "support": 793.0
            },
            "accuracy": 0.8295121704878295,
            "macro avg": {
                "precision": 0.817393462588937,
                "recall": 0.7819128174099338,
                "f1-score": 0.7965864823631228,
                "support": 9901.0
            },
            "weighted avg": {
                "precision": 0.8270631640032069,
                "recall": 0.8295121704878295,
                "f1-score": 0.8265033721651206,
                "support": 9901.0
            },
            "cross-entropy": 0.4645455149319167,
            "score": 0.8295121704878295
        },
        "test": {
            "0": {
                "precision": 0.7254237288135593,
                "recall": 0.5544041450777202,
                "f1-score": 0.6284875183553598,
                "support": 386.0
            },
            "1": {
                "precision": 0.7640924464487034,
                "recall": 0.8408808933002482,
                "f1-score": 0.8006497341996456,
                "support": 3224.0
            },
            "2": {
                "precision": 0.6342857142857142,
                "recall": 0.5546533416614616,
                "f1-score": 0.5918027324225259,
                "support": 1601.0
            },
            "3": {
                "precision": 0.7225950782997763,
                "recall": 0.6003717472118959,
                "f1-score": 0.6558375634517767,
                "support": 538.0
            },
            "4": {
                "precision": 0.9762340036563071,
                "recall": 0.9744525547445255,
                "f1-score": 0.9753424657534246,
                "support": 548.0
            },
            "5": {
                "precision": 0.9542366821594566,
                "recall": 0.9441103643438273,
                "f1-score": 0.9491465149359887,
                "support": 2827.0
            },
            "6": {
                "precision": 0.7389770723104057,
                "recall": 0.7376760563380281,
                "f1-score": 0.7383259911894273,
                "support": 568.0
            },
            "7": {
                "precision": 0.9089347079037801,
                "recall": 0.9373892498523332,
                "f1-score": 0.9229427159057866,
                "support": 1693.0
            },
            "8": {
                "precision": 0.8658892128279884,
                "recall": 0.8990918264379415,
                "f1-score": 0.8821782178217822,
                "support": 991.0
            },
            "accuracy": 0.8270846800258564,
            "macro avg": {
                "precision": 0.8100742940784101,
                "recall": 0.7825589087742201,
                "f1-score": 0.793857050448413,