{
    "function": "bin.model.main",
    "gpus": [
        "NVIDIA A100-SXM4-80GB"
    ],
    "config": {
        "seed": 4,
        "batch_size": 64,
        "patience": 16,
        "n_epochs": -1,
        "gradient_clipping_norm": 1.0,
        "amp": true,
        "data": {
            "cache": true,
            "path": "data/regression-cat-medium-3-Mercedes_Benz_Greener_Manufacturing",
            "cat_policy": "ordinal"
        },
        "optimizer": {
            "type": "AdamW",
            "lr": 0.0012225502764498441,
            "weight_decay": 0.0
        },
        "model": {
            "arch_type": "tabm-mini",
            "k": 32,
            "backbone": {
                "type": "MLP",
                "n_blocks": 3,
                "d_block": 288,
                "dropout": 0.13566931300767598
            }
        }
    },
    "n_parameters": 406720,
    "prediction_type": "labels",
    "epoch_size": 47,
    "best_step": 611,
    "metrics": {
        "train": {
            "rmse": 7.797613258040736,
            "mae": 5.30969762802124,
            "r2": 0.6115309538576381,
            "score": -7.797613258040736
        },
        "val": {
            "rmse": 12.296821022157578,
            "mae": 6.426016807556152,
            "r2": 0.34240206080263147,
            "score": -12.296821022157578
        },
        "test": {
            "rmse": 7.562765321727459,
            "mae": 5.354787826538086,
            "r2": 0.6052390326580853,
            "score": -7.562765321727459
        }
    },
    "time": "0:00:16.929464",
    "chunk_size": null,
    "eval_batch_size": 32768
}