{
    "function": "bin.model.main",
    "gpus": [
        "NVIDIA A100-SXM4-40GB"
    ],
    "config": {
        "seed": 9,
        "batch_size": 256,
        "patience": 16,
        "n_epochs": -1,
        "gradient_clipping_norm": 1.0,
        "amp": true,
        "data": {
            "cache": true,
            "path": "data/classif-num-medium-1-credit",
            "num_policy": "noisy-quantile"
        },
        "optimizer": {
            "type": "AdamW",
            "lr": 0.0002598602645370558,
            "weight_decay": 0.0
        },
        "model": {
            "arch_type": "tabm",
            "k": 32,
            "backbone": {
                "type": "MLP",
                "n_blocks": 5,
                "d_block": 880,
                "dropout": 0.0
            }
        }
    },
    "n_parameters": 3557344,
    "prediction_type": "probs",
    "epoch_size": 40,
    "best_step": 720,
    "metrics": {
        "train": {
            "0": {
                "precision": 0.7899291896144768,
                "recall": 0.796509321697739,
                "f1-score": 0.793205609322536,
                "support": 5042.0
            },
            "1": {
                "precision": 0.791293734743694,
                "recall": 0.7845905607099637,
                "f1-score": 0.7879278914320437,
                "support": 4958.0
            },
            "accuracy": 0.7906,
            "macro avg": {
                "precision": 0.7906114621790854,
                "recall": 0.7905499412038514,
                "f1-score": 0.7905667503772899,
                "support": 10000.0
            },
            "weighted avg": {
                "precision": 0.7906057310895427,
                "recall": 0.7906,
                "f1-score": 0.7905889167924299,
                "support": 10000.0
            },
            "cross-entropy": 0.45170001461131076,
            "roc-auc": 0.8703351908510664,
            "score": 0.7906
        },
        "val": {
            "0": {
                "precision": 0.7669616519174042,
                "recall": 0.769990128331688,
                "f1-score": 0.768472906403941,
                "support": 1013.0
            },
            "1": {
                "precision": 0.7662988966900702,
                "recall": 0.7632367632367633,
                "f1-score": 0.7647647647647647,
                "support": 1001.0
            },
            "accuracy": 0.7666335650446872,
            "macro avg": {
                "precision": 0.7666302743037372,
                "recall": 0.7666134457842256,
                "f1-score": 0.7666188355843528,
                "support": 2014.0
            },
            "weighted avg": {
                "precision": 0.7666322487483072,
                "recall": 0.7666335650446872,
                "f1-score": 0.7666298826796035,
                "support": 2014.0
            },
            "cross-entropy": 0.48738347769364987,
            "roc-auc": 0.8453047446137278,
            "score": 0.7666335650446872
        },
        "test": {
            "0": {
                "precision": 0.7726879861711322,
                "recall": 0.7767158992180713,
                "f1-score": 0.7746967071057193,
                "support": 2302.0
            },
            "1": {
                "precision": 0.7845766974015088,
                "recall": 0.780650542118432,
                "f1-score": 0.7826086956521738,
                "support": 2398.0
            },
            "accuracy": 0.7787234042553192,
            "macro avg": {
                "precision": 0.7786323417863206,
                "recall": 0.7786832206682517,
                "f1-score": 0.7786527013789466,
                "support": 4700.0
            },
            "weighted avg": {
                "precision": 0.7787537584116521,
                "recall": 0.7787234042553192,
                "f1-score": 0.7787335046662295,
                "support": 4700.0
            },
            "cross-entropy": 0.4798331296150093,
            "roc-auc": 0.8519228302763163,
            "score": 0.7787234042553192
        }
    },
    "time": "0:00:21.484434",
    "chunk_size": null,
    "eval_batch_size": 32768
}