{
    "function": "bin.ensemble.main",
    "config": {
        "seeds": [
            10,
            11,
            12,
            13,
            14
        ],
        "data": {
            "path": "data/california"
        }
    },
    "single_model_function": "bin.model.main",
    "prediction_type": "labels",
    "metrics": {
        "train": {
            "rmse": 0.36375963850458737,
            "mae": 0.24775853753089905,
            "r2": 0.9017639011910744,
            "score": -0.36375963850458737
        },
        "val": {
            "rmse": 0.4509042218433885,
            "mae": 0.2875540554523468,
            "r2": 0.8440683077738593,
            "score": -0.4509042218433885
        },
        "test": {
            "rmse": 0.4492141225825268,
            "mae": 0.29591694474220276,
            "r2": 0.8452451541856876,
            "score": -0.4492141225825268
        }
    }
}