{
    "function": "bin.model.main",
    "gpus": [
        "NVIDIA A100-SXM4-40GB"
    ],
    "config": {
        "seed": 14,
        "batch_size": 128,
        "patience": 16,
        "n_epochs": -1,
        "gradient_clipping_norm": 1.0,
        "amp": true,
        "data": {
            "cache": true,
            "path": "data/regression-num-medium-1-cpu_act",
            "num_policy": "noisy-quantile"
        },
        "optimizer": {
            "type": "AdamW",
            "lr": 0.00012556727239462805,
            "weight_decay": 0.0
        },
        "model": {
            "arch_type": "plain",
            "backbone": {
                "type": "MLP",
                "n_blocks": 1,
                "d_block": 480,
                "dropout": 0.0
            },
            "num_embeddings": {
                "type": "PeriodicEmbeddings",
                "n_frequencies": 44,
                "d_embedding": 24,
                "frequency_init_scale": 0.023207790711528148,
                "lite": false
            }
        }
    },
    "n_parameters": 288661,
    "prediction_type": "labels",
    "epoch_size": 45,
    "best_step": 6885,
    "metrics": {
        "train": {
            "rmse": 1.9530262426204144,
            "mae": 1.4380980730056763,
            "r2": 0.988090440126698,
            "score": -1.9530262426204144
        },
        "val": {
            "rmse": 2.0957108610353488,
            "mae": 1.5193235874176025,
            "r2": 0.9902040903814862,
            "score": -2.0957108610353488
        },
        "test": {
            "rmse": 2.2715120846869614,
            "mae": 1.608202576637268,
            "r2": 0.9853324738794248,
            "score": -2.2715120846869614
        }
    },
    "time": "0:00:17.161007",
    "chunk_size": null,
    "eval_batch_size": 32768
}