{
    "function": "bin.ensemble.main",
    "config": {
        "seeds": [
            10,
            11,
            12,
            13,
            14
        ],
        "data": {
            "path": "data/delivery-eta"
        }
    },
    "single_model_function": "bin.model.main",
    "prediction_type": "labels",
    "metrics": {
        "train": {
            "rmse": 0.5168714485369335,
            "mae": 0.40606656670570374,
            "r2": 0.4992611872896502,
            "score": -0.5168714485369335
        },
        "val": {
            "rmse": 0.5567339634857537,
            "mae": 0.4423358142375946,
            "r2": 0.4155150625499946,
            "score": -0.5567339634857537
        },
        "test": {
            "rmse": 0.5511194638125392,
            "mae": 0.4444712698459625,
            "r2": 0.4340207307467292,
            "score": -0.5511194638125392
        }
    }
}