{
    "function": "bin.model.main",
    "gpus": [
        "NVIDIA A100-SXM4-80GB"
    ],
    "config": {
        "seed": 7,
        "batch_size": 256,
        "patience": 16,
        "n_epochs": -1,
        "gradient_clipping_norm": 1.0,
        "amp": true,
        "data": {
            "cache": true,
            "path": "data/sberbank-housing",
            "num_policy": "noisy-quantile",
            "cat_policy": "ordinal"
        },
        "optimizer": {
            "type": "AdamW",
            "lr": 0.00039591240286492485,
            "weight_decay": 0.02343014691794936
        },
        "model": {
            "arch_type": "plain",
            "backbone": {
                "type": "MLP",
                "n_blocks": 2,
                "d_block": 736,
                "dropout": 0.49883776735433605
            }
        }
    },
    "n_parameters": 956065,
    "prediction_type": "labels",
    "epoch_size": 74,
    "best_step": 370,
    "metrics": {
        "train": {
            "rmse": 0.25842450933776107,
            "mae": 0.13252657651901245,
            "r2": 0.5733407184191075,
            "score": -0.25842450933776107
        },
        "val": {
            "rmse": 0.24660072633482788,
            "mae": 0.1409481316804886,
            "r2": 0.5937999311321863,
            "score": -0.24660072633482788
        },
        "test": {
            "rmse": 0.25007750382684407,
            "mae": 0.15583430230617523,
            "r2": 0.5726449147337418,
            "score": -0.25007750382684407
        }
    },
    "time": "0:00:03.975787",
    "chunk_size": null,
    "eval_batch_size": 32768
}