{
    "function": "bin.ensemble.main",
    "config": {
        "seeds": [
            10,
            11,
            12,
            13,
            14
        ],
        "data": {
            "path": "data/classif-cat-medium-1-KDDCup09_upselling"
        }
    },
    "single_model_function": "bin.model.main",
    "prediction_type": "probs",
    "metrics": {
        "train": {
            "0": {
                "precision": 0.757162346521146,
                "recall": 0.9317291550083939,
                "f1-score": 0.8354239839438033,
                "support": 1787.0
            },
            "1": {
                "precision": 0.9122302158273381,
                "recall": 0.7036625971143174,
                "f1-score": 0.7944862155388472,
                "support": 1802.0
            },
            "accuracy": 0.8172192811368069,
            "macro avg": {
                "precision": 0.834696281174242,
                "recall": 0.8176958760613557,
                "f1-score": 0.8149550997413253,
                "support": 3589.0
            },
            "weighted avg": {
                "precision": 0.8350203293825998,
                "recall": 0.8172192811368069,
                "f1-score": 0.8148695513258789,
                "support": 3589.0
            },
            "cross-entropy": 0.3585078881841001,
            "roc-auc": 0.9161088810728861,
            "score": 0.8172192811368069
        },
        "val": {
            "0": {
                "precision": 0.7804878048780488,
                "recall": 0.9491525423728814,
                "f1-score": 0.8565965583173997,
                "support": 236.0
            },
            "1": {
                "precision": 0.9310344827586207,
                "recall": 0.72,
                "f1-score": 0.8120300751879699,
                "support": 225.0
            },
            "accuracy": 0.8373101952277657,
            "macro avg": {
                "precision": 0.8557611438183348,
                "recall": 0.8345762711864406,
                "f1-score": 0.8343133167526848,
                "support": 461.0
            },
            "weighted avg": {
                "precision": 0.8539650337785448,
                "recall": 0.8373101952277657,
                "f1-score": 0.8348450209982637,
                "support": 461.0
            },
            "cross-entropy": 0.3282617133466432,
            "roc-auc": 0.9267796610169491,
            "score": 0.8373101952277657
        },
        "test": {
            "0": {
                "precision": 0.74884437596302,
                "recall": 0.8983364140480592,
                "f1-score": 0.8168067226890756,
                "support": 541.0
            },
            "1": {
                "precision": 0.8717948717948718,
                "recall": 0.6964618249534451,
                "f1-score": 0.7743271221532092,
                "support": 537.0
            },
            "accuracy": 0.7977736549165121,
            "macro avg": {
                "precision": 0.8103196238789458,
                "recall": 0.7973991195007522,
                "f1-score": 0.7955669224211424,
                "support": 1078.0
            },
            "weighted avg": {
                "precision": 0.8100915153523561,
                "recall": 0.7977736549165121,
                "f1-score": 0.7956457342959771,
                "support": 1078.0
            },
            "cross-entropy": 0.3669559584401068,
            "roc-auc": 0.9038644898577364,
            "score": 0.7977736549165121
        }
    }
}