{
    "function": "bin.model.main",
    "gpus": [
        "NVIDIA A100-SXM4-40GB"
    ],
    "config": {
        "seed": 1,
        "batch_size": 256,
        "patience": 16,
        "n_epochs": -1,
        "gradient_clipping_norm": 1.0,
        "amp": true,
        "data": {
            "cache": true,
            "path": "data/regression-num-medium-1-MiamiHousing2016",
            "num_policy": "noisy-quantile"
        },
        "optimizer": {
            "type": "AdamW",
            "lr": 6.726655178947341e-05,
            "weight_decay": 0.0005828285867256661
        },
        "model": {
            "arch_type": "plain",
            "backbone": {
                "type": "MLP",
                "n_blocks": 4,
                "d_block": 448,
                "dropout": 0.1658828562512299
            },
            "num_embeddings": {
                "type": "PiecewiseLinearEmbeddings",
                "d_embedding": 28
            }
        },
        "bins": {
            "n_bins": 51
        }
    },
    "n_parameters": 786717,
    "prediction_type": "labels",
    "epoch_size": 39,
    "best_step": 4290,
    "metrics": {
        "train": {
            "rmse": 0.11236130075285787,
            "mae": 0.07938715070486069,
            "r2": 0.9612380619439861,
            "score": -0.11236130075285787
        },
        "val": {
            "rmse": 0.13759470030165985,
            "mae": 0.09484793990850449,
            "r2": 0.9362686228595123,
            "score": -0.13759470030165985
        },
        "test": {
            "rmse": 0.14733161055070446,
            "mae": 0.09959953278303146,
            "r2": 0.9325838967456505,
            "score": -0.14733161055070446
        }
    },
    "time": "0:00:39.783486",
    "chunk_size": null,
    "eval_batch_size": 32768
}