{
    "function": "bin.model.main",
    "gpus": [
        "NVIDIA A100-SXM4-80GB"
    ],
    "config": {
        "seed": 5,
        "batch_size": 32,
        "patience": 16,
        "n_epochs": -1,
        "gradient_clipping_norm": 1.0,
        "amp": true,
        "data": {
            "cache": true,
            "path": "data/classif-num-medium-0-wine",
            "num_policy": "noisy-quantile"
        },
        "optimizer": {
            "type": "AdamW",
            "lr": 0.00299601027530377,
            "weight_decay": 0.00012536723112106937
        },
        "model": {
            "arch_type": "tabm",
            "k": 32,
            "share_training_batches": false,
            "backbone": {
                "type": "MLP",
                "n_blocks": 4,
                "d_block": 480,
                "dropout": 0.0
            }
        }
    },
    "n_parameters": 896576,
    "prediction_type": "probs",
    "epoch_size": 56,
    "best_step": 1120,
    "metrics": {
        "train": {
            "0": {
                "precision": 0.994413407821229,
                "recall": 0.9933035714285714,
                "f1-score": 0.993858179787828,
                "support": 896.0
            },
            "1": {
                "precision": 0.9932735426008968,
                "recall": 0.9943883277216611,
                "f1-score": 0.9938306225462703,
                "support": 891.0
            },
            "accuracy": 0.9938444320089536,
            "macro avg": {
                "precision": 0.993843475211063,
                "recall": 0.9938459495751162,
                "f1-score": 0.9938444011670491,
                "support": 1787.0
            },
            "weighted avg": {
                "precision": 0.993845069874214,
                "recall": 0.9938444320089536,
                "f1-score": 0.9938444397194296,
                "support": 1787.0
            },
            "cross-entropy": 0.06723995619558754,
            "roc-auc": 0.9998371612954947,
            "score": 0.9938444320089536
        },
        "val": {
            "0": {
                "precision": 0.831858407079646,
                "recall": 0.8623853211009175,
                "f1-score": 0.8468468468468467,
                "support": 109.0
            },
            "1": {
                "precision": 0.8717948717948718,
                "recall": 0.8429752066115702,
                "f1-score": 0.8571428571428571,
                "support": 121.0
            },
            "accuracy": 0.8521739130434782,
            "macro avg": {
                "precision": 0.8518266394372589,
                "recall": 0.8526802638562438,
                "f1-score": 0.8519948519948519,
                "support": 230.0
            },
            "weighted avg": {
                "precision": 0.852868460255917,
                "recall": 0.8521739130434782,
                "f1-score": 0.8522634435677914,
                "support": 230.0
            },
            "cross-entropy": 0.41022499622990166,
            "roc-auc": 0.9216771552050952,
            "score": 0.8521739130434782
        },
        "test": {
            "0": {
                "precision": 0.8306451612903226,
                "recall": 0.7573529411764706,
                "f1-score": 0.7923076923076924,
                "support": 272.0
            },
            "1": {
                "precision": 0.7716262975778547,
                "recall": 0.8415094339622642,
                "f1-score": 0.8050541516245489,
                "support": 265.0
            },
            "accuracy": 0.7988826815642458,
            "macro avg": {
                "precision": 0.8011357294340886,
                "recall": 0.7994311875693674,
                "f1-score": 0.7986809219661206,
                "support": 537.0
            },
            "weighted avg": {
                "precision": 0.801520396143574,
                "recall": 0.7988826815642458,
                "f1-score": 0.7985978444845396,
                "support": 537.0
            },
            "cross-entropy": 0.5077841890109501,
            "roc-auc": 0.8854883462819091,
            "score": 0.7988826815642458
        }
    },
    "time": "0:00:07.417046",
    "chunk_size": null,
    "eval_batch_size": 32768
}