{
    "function": "bin.model.main",
    "gpus": [
        "NVIDIA A100-SXM4-40GB"
    ],
    "config": {
        "seed": 14,
        "batch_size": 1024,
        "patience": 16,
        "n_epochs": -1,
        "gradient_clipping_norm": 1.0,
        "amp": true,
        "data": {
            "cache": true,
            "path": "data/weather",
            "num_policy": "noisy-quantile"
        },
        "optimizer": {
            "type": "AdamW",
            "lr": 0.0004124540430146118,
            "weight_decay": 0.06504224720368718
        },
        "model": {
            "arch_type": "plain",
            "backbone": {
                "type": "MLP",
                "n_blocks": 1,
                "d_block": 720,
                "dropout": 0.3778704212409068
            },
            "num_embeddings": {
                "type": "PeriodicEmbeddings",
                "n_frequencies": 52,
                "d_embedding": 16,
                "frequency_init_scale": 0.025118092040244396,
                "lite": true
            }
        }
    },
    "n_parameters": 1164641,
    "prediction_type": "labels",
    "epoch_size": 333,
    "best_step": 13986,
    "metrics": {
        "train": {
            "rmse": 1.3385530711280669,
            "mae": 0.9868946671485901,
            "r2": 0.8813119591144197,
            "score": -1.3385530711280669
        },
        "val": {
            "rmse": 1.585642068340261,
            "mae": 1.1654132604599,
            "r2": 0.8416835408063247,
            "score": -1.585642068340261
        },
        "test": {
            "rmse": 1.5156646408717422,
            "mae": 1.1138325929641724,
            "r2": 0.8451561393521382,
            "score": -1.5156646408717422
        }
    },
    "time": "0:00:47.102206",
    "chunk_size": null,
    "eval_batch_size": 32768
}