{
    "function": "bin.model.main",
    "gpus": [
        "NVIDIA A100-SXM4-40GB"
    ],
    "config": {
        "seed": 10,
        "batch_size": 32,
        "patience": 16,
        "n_epochs": -1,
        "gradient_clipping_norm": 1.0,
        "amp": true,
        "data": {
            "cache": true,
            "path": "data/classif-num-medium-2-wine",
            "num_policy": "noisy-quantile"
        },
        "optimizer": {
            "type": "AdamW",
            "lr": 0.0002453035965027505,
            "weight_decay": 0.009767500221118225
        },
        "model": {
            "arch_type": "plain",
            "backbone": {
                "type": "MLP",
                "n_blocks": 5,
                "d_block": 704,
                "dropout": 0.4521235408324911
            },
            "num_embeddings": {
                "type": "PeriodicEmbeddings",
                "n_frequencies": 16,
                "d_embedding": 24,
                "frequency_init_scale": 0.027821092487618347,
                "lite": true
            }
        }
    },
    "n_parameters": 2174218,
    "prediction_type": "probs",
    "epoch_size": 56,
    "best_step": 1848,
    "metrics": {
        "train": {
            "0": {
                "precision": 0.887816646562123,
                "recall": 0.8079034028540066,
                "f1-score": 0.845977011494253,
                "support": 911.0
            },
            "1": {
                "precision": 0.8173277661795407,
                "recall": 0.8938356164383562,
                "f1-score": 0.8538713195201745,
                "support": 876.0
            },
            "accuracy": 0.8500279798545047,
            "macro avg": {
                "precision": 0.8525722063708319,
                "recall": 0.8508695096461814,
                "f1-score": 0.8499241655072137,
                "support": 1787.0
            },
            "weighted avg": {
                "precision": 0.8532625003868897,
                "recall": 0.8500279798545047,
                "f1-score": 0.8498468569507204,
                "support": 1787.0
            },
            "cross-entropy": 0.32879241886073224,
            "roc-auc": 0.9285126234906697,
            "score": 0.8500279798545047
        },
        "val": {
            "0": {
                "precision": 0.8426966292134831,
                "recall": 0.7142857142857143,
                "f1-score": 0.7731958762886597,
                "support": 105.0
            },
            "1": {
                "precision": 0.7872340425531915,
                "recall": 0.888,
                "f1-score": 0.8345864661654135,
                "support": 125.0
            },
            "accuracy": 0.808695652173913,
            "macro avg": {
                "precision": 0.8149653358833373,
                "recall": 0.8011428571428572,
                "f1-score": 0.8038911712270367,
                "support": 230.0
            },
            "weighted avg": {
                "precision": 0.8125539190720203,
                "recall": 0.808695652173913,
                "f1-score": 0.8065603273086346,
                "support": 230.0
            },
            "cross-entropy": 0.5027920853026279,
            "roc-auc": 0.8453333333333334,
            "score": 0.808695652173913
        },
        "test": {
            "0": {
                "precision": 0.8034188034188035,
                "recall": 0.7203065134099617,
                "f1-score": 0.7595959595959595,
                "support": 261.0
            },
            "1": {
                "precision": 0.759075907590759,
                "recall": 0.8333333333333334,
                "f1-score": 0.7944732297063903,
                "support": 276.0
            },
            "accuracy": 0.7783985102420856,
            "macro avg": {
                "precision": 0.7812473555047812,
                "recall": 0.7768199233716475,
                "f1-score": 0.777034594651175,
                "support": 537.0
            },
            "weighted avg": {
                "precision": 0.7806280413172387,
                "recall": 0.7783985102420856,
                "f1-score": 0.7775217073622145,
                "support": 537.0
            },
            "cross-entropy": 0.5031292378555325,
            "roc-auc": 0.8601324337831083,
            "score": 0.7783985102420856
        }
    },
    "time": "0:00:09.901319",
    "chunk_size": null,
    "eval_batch_size": 32768
}