{
    "function": "bin.model.main",
    "gpus": [
        "NVIDIA A100-SXM4-40GB"
    ],
    "config": {
        "seed": 3,
        "batch_size": 512,
        "patience": 16,
        "n_epochs": -1,
        "gradient_clipping_norm": 1.0,
        "amp": true,
        "data": {
            "cache": true,
            "path": "data/otto"
        },
        "optimizer": {
            "type": "AdamW",
            "lr": 0.0007171547587744347,
            "weight_decay": 0.030886441861303657
        },
        "model": {
            "arch_type": "plain",
            "backbone": {
                "type": "MLP",
                "n_blocks": 2,
                "d_block": 864,
                "dropout": 0.43537394590755374
            },
            "num_embeddings": {
                "type": "PiecewiseLinearEmbeddingsV2",
                "d_embedding": 20
            }
        },
        "bins": {
            "n_bins": 63
        }
    },
    "n_parameters": 2392809,
    "prediction_type": "probs",
    "epoch_size": 78,
    "best_step": 3744,
    "metrics": {
        "train": {
            "0": {
                "precision": 0.9926350245499181,
                "recall": 0.9821862348178138,
                "f1-score": 0.9873829873829874,
                "support": 1235.0
            },
            "1": {
                "precision": 0.9611753371868978,
                "recall": 0.9669509594882729,
                "f1-score": 0.9640544980191322,
                "support": 10318.0
            },
            "2": {
                "precision": 0.9259330883774899,
                "recall": 0.9347910972276454,
                "f1-score": 0.9303410084523462,
                "support": 5122.0
            },
            "3": {
                "precision": 0.9939172749391727,
                "recall": 0.9488966318234611,
                "f1-score": 0.9708853238265003,
                "support": 1722.0
            },
            "4": {
                "precision": 0.9988597491448119,
                "recall": 0.9994295493439818,
                "f1-score": 0.9991445680068435,
                "support": 1753.0
            },
            "5": {
                "precision": 0.9983416252072969,
                "recall": 0.998231262436436,
                "f1-score": 0.9982864407716544,
                "support": 9046.0
            },
            "6": {
                "precision": 0.993912562257886,
                "recall": 0.988442487616951,
                "f1-score": 0.9911699779249449,
                "support": 1817.0
            },
            "7": {
                "precision": 0.995017530909762,
                "recall": 0.9953848993908068,
                "f1-score": 0.9952011812476929,
                "support": 5417.0
            },
            "8": {
                "precision": 0.9936688825577714,
                "recall": 0.989908546199937,
                "f1-score": 0.991785150078989,
                "support": 3171.0
            },
            "accuracy": 0.9777783389308351,
            "macro avg": {
                "precision": 0.9837178972367787,
                "recall": 0.9782468520383671,
                "f1-score": 0.9809167928567878,
                "support": 39601.0
            },
            "weighted avg": {
                "precision": 0.9779131539495425,
                "recall": 0.9777783389308351,
                "f1-score": 0.9778165804764218,
                "support": 39601.0
            },
            "cross-entropy": 0.07441135650630432,
            "score": 0.9777783389308351
        },
        "val": {
            "0": {
                "precision": 0.6814516129032258,
                "recall": 0.5487012987012987,
                "f1-score": 0.6079136690647482,
                "support": 308.0
            },
            "1": {
                "precision": 0.7802973977695167,
                "recall": 0.8135658914728682,
                "f1-score": 0.7965844402277039,
                "support": 2580.0
            },
            "2": {
                "precision": 0.6081081081081081,
                "recall": 0.6323185011709602,
                "f1-score": 0.6199770378874857,
                "support": 1281.0
            },
            "3": {
                "precision": 0.7626582278481012,
                "recall": 0.5591647331786543,
                "f1-score": 0.6452476572958501,
                "support": 431.0
            },
            "4": {
                "precision": 0.9745958429561201,
                "recall": 0.9634703196347032,
                "f1-score": 0.9690011481056258,
                "support": 438.0
            },
            "5": {
                "precision": 0.9414354909731396,
                "recall": 0.9451812555260831,
                "f1-score": 0.943304654754026,
                "support": 2262.0
            },
            "6": {
                "precision": 0.7354260089686099,
                "recall": 0.7224669603524229,
                "f1-score": 0.7288888888888888,
                "support": 454.0
            },
            "7": {
                "precision": 0.9236417033773862,
                "recall": 0.9290989660265879,
                "f1-score": 0.926362297496318,
                "support": 1354.0
            },
            "8": {
                "precision": 0.8605230386052304,
                "recall": 0.8713745271122321,
                "f1-score": 0.8659147869674186,
                "support": 793.0
            },
            "accuracy": 0.8237551762448238,
            "macro avg": {
                "precision": 0.8075708257232709,
                "recall": 0.7761491614639789,
                "f1-score": 0.7892438422986738,
                "support": 9901.0
            },
            "weighted avg": {
                "precision": 0.8235567790691105,
                "recall": 0.8237551762448238,
                "f1-score": 0.822621528738754,
                "support": 9901.0
            },
            "cross-entropy": 0.681971158662749,
            "score": 0.8237551762448238
        },
        "test": {
            "0": {
                "precision": 0.7138157894736842,
                "recall": 0.5621761658031088,
                "f1-score": 0.6289855072463767,
                "support": 386.0
            },
            "1": {
                "precision": 0.7761904761904762,
                "recall": 0.8089330024813896,
                "f1-score": 0.7922235722964762,
                "support": 3224.0
            },
            "2": {
                "precision": 0.590625,
                "recall": 0.5902560899437851,
                "f1-score": 0.5904404873477037,
                "support": 1601.0
            },
            "3": {
                "precision": 0.7022222222222222,
                "recall": 0.587360594795539,
                "f1-score": 0.6396761133603238,
                "support": 538.0
            },
            "4": {
                "precision": 0.9814471243042672,
                "recall": 0.9653284671532847,
                "f1-score": 0.9733210671573136,
                "support": 548.0
            },
            "5": {
                "precision": 0.9419831223628692,
                "recall": 0.9476476830562434,
                "f1-score": 0.9448069123611356,
                "support": 2827.0
            },
            "6": {
                "precision": 0.7395437262357415,
                "recall": 0.6848591549295775,
                "f1-score": 0.7111517367458866,
                "support": 568.0
            },
            "7": {
                "precision": 0.9109195402298851,
                "recall": 0.9362079149438866,
                "f1-score": 0.9233906204485873,
                "support": 1693.0
            },
            "8": {
                "precision": 0.859822309970385,
                "recall": 0.8789101917255298,
                "f1-score": 0.8692614770459082,
                "support": 991.0
            },
            "accuracy": 0.8192469295410472,