{
    "function": "bin.model.main",
    "gpus": [
        "NVIDIA A100-SXM4-80GB"
    ],
    "config": {
        "seed": 11,
        "batch_size": 512,
        "patience": 16,
        "n_epochs": -1,
        "gradient_clipping_norm": 1.0,
        "amp": true,
        "data": {
            "cache": true,
            "path": "data/regression-cat-large-0-particulate-matter-ukair-2017",
            "num_policy": "noisy-quantile",
            "cat_policy": "ordinal"
        },
        "optimizer": {
            "type": "AdamW",
            "lr": 0.0009022678940099565,
            "weight_decay": 0.0
        },
        "model": {
            "arch_type": "tabm",
            "k": 32,
            "backbone": {
                "type": "MLP",
                "n_blocks": 2,
                "d_block": 256,
                "dropout": 0.07670727624731788
            }
        }
    },
    "n_parameters": 122208,
    "prediction_type": "labels",
    "epoch_size": 98,
    "best_step": 19208,
    "metrics": {
        "train": {
            "rmse": 0.35118594666528025,
            "mae": 0.24275527894496918,
            "r2": 0.7349645706436825,
            "score": -0.35118594666528025
        },
        "val": {
            "rmse": 0.37250735429250104,
            "mae": 0.256801575422287,
            "r2": 0.6985990258709076,
            "score": -0.37250735429250104
        },
        "test": {
            "rmse": 0.36776460787910475,
            "mae": 0.25374364852905273,
            "r2": 0.7071522667680172,
            "score": -0.36776460787910475
        }
    },
    "time": "0:01:00.647598",
    "chunk_size": null,
    "eval_batch_size": 32768
}