{
    "function": "bin.model.main",
    "gpus": [
        "NVIDIA A100-SXM4-80GB"
    ],
    "config": {
        "seed": 11,
        "batch_size": 64,
        "patience": 16,
        "n_epochs": -1,
        "gradient_clipping_norm": 1.0,
        "amp": true,
        "data": {
            "cache": true,
            "path": "data/classif-cat-medium-0-KDDCup09_upselling",
            "num_policy": "noisy-quantile",
            "cat_policy": "ordinal"
        },
        "optimizer": {
            "type": "AdamW",
            "lr": 0.0002357026967319758,
            "weight_decay": 0.004682436272155899
        },
        "model": {
            "arch_type": "tabm-packed",
            "k": 32,
            "share_training_batches": false,
            "backbone": {
                "type": "MLP",
                "n_blocks": 5,
                "d_block": 960,
                "dropout": 0.0
            }
        }
    },
    "n_parameters": 121282624,
    "prediction_type": "probs",
    "epoch_size": 57,
    "best_step": 741,
    "metrics": {
        "train": {
            "0": {
                "precision": 0.9950027762354248,
                "recall": 0.9922480620155039,
                "f1-score": 0.993623509841974,
                "support": 1806.0
            },
            "1": {
                "precision": 0.9921700223713646,
                "recall": 0.9949523275378576,
                "f1-score": 0.9935592271072529,
                "support": 1783.0
            },
            "accuracy": 0.9935915296740039,
            "macro avg": {
                "precision": 0.9935863993033947,
                "recall": 0.9936001947766807,
                "f1-score": 0.9935913684746134,
                "support": 3589.0
            },
            "weighted avg": {
                "precision": 0.9935954761129341,
                "recall": 0.9935915296740039,
                "f1-score": 0.9935915744516124,
                "support": 3589.0
            },
            "cross-entropy": 0.07751866823377011,
            "roc-auc": 0.999763671788871,
            "score": 0.9935915296740039
        },
        "val": {
            "0": {
                "precision": 0.7837837837837838,
                "recall": 0.8365384615384616,
                "f1-score": 0.8093023255813953,
                "support": 208.0
            },
            "1": {
                "precision": 0.8565400843881856,
                "recall": 0.8087649402390438,
                "f1-score": 0.8319672131147541,
                "support": 251.0
            },
            "accuracy": 0.8213507625272332,
            "macro avg": {
                "precision": 0.8201619340859847,
                "recall": 0.8226517008887526,
                "f1-score": 0.8206347693480747,
                "support": 459.0
            },
            "weighted avg": {
                "precision": 0.8235699089508969,
                "recall": 0.8213507625272332,
                "f1-score": 0.8216964144068268,
                "support": 459.0
            },
            "cross-entropy": 0.49012533210776843,
            "roc-auc": 0.8915874961691695,
            "score": 0.8213507625272332
        },
        "test": {
            "0": {
                "precision": 0.7609841827768014,
                "recall": 0.7901459854014599,
                "f1-score": 0.7752909579230081,
                "support": 548.0
            },
            "1": {
                "precision": 0.7731755424063116,
                "recall": 0.7424242424242424,
                "f1-score": 0.757487922705314,
                "support": 528.0
            },
            "accuracy": 0.766728624535316,
            "macro avg": {
                "precision": 0.7670798625915565,
                "recall": 0.7662851139128511,
                "f1-score": 0.766389440314161,
                "support": 1076.0
            },
            "weighted avg": {
                "precision": 0.7669665599927692,
                "recall": 0.766728624535316,
                "f1-score": 0.7665548960317975,
                "support": 1076.0
            },
            "cross-entropy": 0.5408215531872268,
            "roc-auc": 0.8664807288210572,
            "score": 0.766728624535316
        }
    },
    "time": "0:00:18.971611",
    "chunk_size": null,
    "eval_batch_size": 32768
}