{
    "function": "bin.model.main",
    "gpus": [
        "NVIDIA A100-SXM4-80GB"
    ],
    "config": {
        "seed": 13,
        "batch_size": 256,
        "patience": 16,
        "n_epochs": -1,
        "gradient_clipping_norm": 1.0,
        "amp": true,
        "data": {
            "cache": true,
            "path": "data/regression-num-medium-0-MiamiHousing2016",
            "num_policy": "noisy-quantile"
        },
        "optimizer": {
            "type": "AdamW",
            "lr": 0.000824861080784164,
            "weight_decay": 0.00010125807263386871
        },
        "model": {
            "arch_type": "tabm",
            "k": 32,
            "backbone": {
                "type": "MLP",
                "n_blocks": 4,
                "d_block": 736,
                "dropout": 0.22920626410719297
            },
            "num_embeddings": {
                "type": "PiecewiseLinearEmbeddingsV2",
                "d_embedding": 32
            }
        },
        "bins": {
            "n_bins": 68
        }
    },
    "n_parameters": 2256352,
    "prediction_type": "labels",
    "epoch_size": 39,
    "best_step": 2028,
    "metrics": {
        "train": {
            "rmse": 0.11816074823823118,
            "mae": 0.08343979716300964,
            "r2": 0.9566944329152737,
            "score": -0.11816074823823118
        },
        "val": {
            "rmse": 0.13774019551433817,
            "mae": 0.0945725291967392,
            "r2": 0.9409394587645352,
            "score": -0.13774019551433817
        },
        "test": {
            "rmse": 0.14045208658158523,
            "mae": 0.09727420657873154,
            "r2": 0.938866002535297,
            "score": -0.14045208658158523
        }
    },
    "time": "0:00:15.367103",
    "chunk_size": null,
    "eval_batch_size": 32768
}