{
    "function": "bin.model.main",
    "gpus": [
        "NVIDIA A100-SXM4-80GB"
    ],
    "config": {
        "seed": 11,
        "batch_size": 32,
        "patience": 16,
        "n_epochs": -1,
        "gradient_clipping_norm": 1.0,
        "amp": true,
        "data": {
            "cache": true,
            "path": "data/classif-num-medium-1-wine",
            "num_policy": "noisy-quantile"
        },
        "optimizer": {
            "type": "AdamW",
            "lr": 0.00024076258508105803,
            "weight_decay": 0.0039744698791994255
        },
        "model": {
            "arch_type": "plain",
            "backbone": {
                "type": "MLP",
                "n_blocks": 4,
                "d_block": 624,
                "dropout": 0.0
            },
            "num_embeddings": {
                "type": "PiecewiseLinearEmbeddingsV2",
                "d_embedding": 12
            }
        },
        "bins": {
            "n_bins": 5
        }
    },
    "n_parameters": 1255166,
    "prediction_type": "probs",
    "epoch_size": 56,
    "best_step": 560,
    "metrics": {
        "train": {
            "0": {
                "precision": 0.9065420560747663,
                "recall": 0.7569676700111483,
                "f1-score": 0.8250303766707169,
                "support": 897.0
            },
            "1": {
                "precision": 0.789980732177264,
                "recall": 0.9213483146067416,
                "f1-score": 0.850622406639004,
                "support": 890.0
            },
            "accuracy": 0.8388360380526021,
            "macro avg": {
                "precision": 0.8482613941260151,
                "recall": 0.8391579923089449,
                "f1-score": 0.8378263916548605,
                "support": 1787.0
            },
            "weighted avg": {
                "precision": 0.8484896899478624,
                "recall": 0.8388360380526021,
                "f1-score": 0.8377762673656108,
                "support": 1787.0
            },
            "cross-entropy": 0.363714302904718,
            "roc-auc": 0.9182631242719177,
            "score": 0.8388360380526021
        },
        "val": {
            "0": {
                "precision": 0.8157894736842105,
                "recall": 0.768595041322314,
                "f1-score": 0.7914893617021277,
                "support": 121.0
            },
            "1": {
                "precision": 0.7586206896551724,
                "recall": 0.8073394495412844,
                "f1-score": 0.7822222222222223,
                "support": 109.0
            },
            "accuracy": 0.7869565217391304,
            "macro avg": {
                "precision": 0.7872050816696914,
                "recall": 0.7879672454317992,
                "f1-score": 0.786855791962175,
                "support": 230.0
            },
            "weighted avg": {
                "precision": 0.7886964412530576,
                "recall": 0.7869565217391304,
                "f1-score": 0.7870975434268681,
                "support": 230.0
            },
            "cross-entropy": 0.4710224063796074,
            "roc-auc": 0.8595799529911291,
            "score": 0.7869565217391304
        },
        "test": {
            "0": {
                "precision": 0.824390243902439,
                "recall": 0.6525096525096525,
                "f1-score": 0.728448275862069,
                "support": 259.0
            },
            "1": {
                "precision": 0.7289156626506024,
                "recall": 0.8705035971223022,
                "f1-score": 0.7934426229508196,
                "support": 278.0
            },
            "accuracy": 0.7653631284916201,
            "macro avg": {
                "precision": 0.7766529532765207,
                "recall": 0.7615066248159774,
                "f1-score": 0.7609454494064443,
                "support": 537.0
            },
            "weighted avg": {
                "precision": 0.7749639243716929,
                "recall": 0.7653631284916201,
                "f1-score": 0.762095256291627,
                "support": 537.0
            },
            "cross-entropy": 0.47847562422545614,
            "roc-auc": 0.8446640371100803,
            "score": 0.7653631284916201
        }
    },
    "time": "0:00:04.412594",
    "chunk_size": null,
    "eval_batch_size": 32768
}