{
    "function": "bin.ensemble.main",
    "config": {
        "seeds": [
            5,
            6,
            7,
            8,
            9
        ],
        "data": {
            "path": "data/regression-num-medium-2-MiamiHousing2016"
        }
    },
    "single_model_function": "bin.model.main",
    "prediction_type": "labels",
    "metrics": {
        "train": {
            "rmse": 0.08672015655081404,
            "mae": 0.06208055093884468,
            "r2": 0.9768539255139159,
            "score": -0.08672015655081404
        },
        "val": {
            "rmse": 0.13190826974880054,
            "mae": 0.09017753601074219,
            "r2": 0.9441478900114644,
            "score": -0.13190826974880054
        },
        "test": {
            "rmse": 0.13942439106491383,
            "mae": 0.09468983113765717,
            "r2": 0.9389865831263797,
            "score": -0.13942439106491383
        }
    }
}