{
    "function": "bin.ensemble.main",
    "config": {
        "seeds": [
            0,
            1,
            2,
            3,
            4
        ],
        "data": {
            "path": "data/classif-num-medium-2-kdd_ipums_la_97-small"
        }
    },
    "single_model_function": "bin.model.main",
    "prediction_type": "probs",
    "metrics": {
        "train": {
            "0": {
                "precision": 0.8927113702623907,
                "recall": 0.8500832870627429,
                "f1-score": 0.8708759954493743,
                "support": 1801.0
            },
            "1": {
                "precision": 0.8590814196242171,
                "recall": 0.8994535519125683,
                "f1-score": 0.8788040576615057,
                "support": 1830.0
            },
            "accuracy": 0.8749655742219774,
            "macro avg": {
                "precision": 0.8758963949433038,
                "recall": 0.8747684194876556,
                "f1-score": 0.87484002655544,
                "support": 3631.0
            },
            "weighted avg": {
                "precision": 0.8757620974262967,
                "recall": 0.8749655742219774,
                "f1-score": 0.8748716864017843,
                "support": 3631.0
            },
            "cross-entropy": 0.29102721757970956,
            "roc-auc": 0.9428395882069159,
            "score": 0.8749655742219774
        },
        "val": {
            "0": {
                "precision": 0.9339622641509434,
                "recall": 0.868421052631579,
                "f1-score": 0.9,
                "support": 228.0
            },
            "1": {
                "precision": 0.8823529411764706,
                "recall": 0.9414225941422594,
                "f1-score": 0.9109311740890688,
                "support": 239.0
            },
            "accuracy": 0.9057815845824411,
            "macro avg": {
                "precision": 0.908157602663707,
                "recall": 0.9049218233869192,
                "f1-score": 0.9054655870445344,
                "support": 467.0
            },
            "weighted avg": {
                "precision": 0.9075497840847785,
                "recall": 0.9057815845824411,
                "f1-score": 0.9055943267822002,
                "support": 467.0
            },
            "cross-entropy": 0.24970545718031975,
            "roc-auc": 0.962232988328562,
            "score": 0.9057815845824411
        },
        "test": {
            "0": {
                "precision": 0.8975332068311196,
                "recall": 0.8371681415929203,
                "f1-score": 0.8663003663003662,
                "support": 565.0
            },
            "1": {
                "precision": 0.8365896980461812,
                "recall": 0.8971428571428571,
                "f1-score": 0.8658088235294118,
                "support": 525.0
            },
            "accuracy": 0.8660550458715597,
            "macro avg": {
                "precision": 0.8670614524386504,
                "recall": 0.8671554993678887,
                "f1-score": 0.866054594914889,
                "support": 1090.0
            },
            "weighted avg": {
                "precision": 0.8681796819576401,
                "recall": 0.8660550458715597,
                "f1-score": 0.866063614048301,
                "support": 1090.0
            },
            "cross-entropy": 0.30452110590757786,
            "roc-auc": 0.9381542351453857,
            "score": 0.8660550458715597
        }
    }
}