{
    "function": "bin.ensemble.main",
    "config": {
        "seeds": [
            0,
            1,
            2,
            3,
            4
        ],
        "data": {
            "path": "data/adult"
        }
    },
    "single_model_function": "bin.model.main",
    "prediction_type": "probs",
    "metrics": {
        "train": {
            "0": {
                "precision": 0.9052682455292412,
                "recall": 0.9471554993678888,
                "f1-score": 0.9257382923514147,
                "support": 19775.0
            },
            "1": {
                "precision": 0.8049645390070922,
                "recall": 0.6875498166746373,
                "f1-score": 0.7416387240993896,
                "support": 6273.0
            },
            "accuracy": 0.8846360565110565,
            "macro avg": {
                "precision": 0.8551163922681667,
                "recall": 0.8173526580212631,
                "f1-score": 0.8336885082254022,
                "support": 26048.0
            },
            "weighted avg": {
                "precision": 0.8811126423730128,
                "recall": 0.8846360565110565,
                "f1-score": 0.8814025816770844,
                "support": 26048.0
            },
            "cross-entropy": 0.2566371406903594,
            "roc-auc": 0.9423381405227751,
            "score": 0.8846360565110565
        },
        "val": {
            "0": {
                "precision": 0.8880510440835266,
                "recall": 0.9288169868554095,
                "f1-score": 0.9079766729267569,
                "support": 4945.0
            },
            "1": {
                "precision": 0.7375093214019388,
                "recall": 0.6307397959183674,
                "f1-score": 0.6799587487108971,
                "support": 1568.0
            },
            "accuracy": 0.8570551205281745,
            "macro avg": {
                "precision": 0.8127801827427328,
                "recall": 0.7797783913868884,
                "f1-score": 0.793967710818827,
                "support": 6513.0
            },
            "weighted avg": {
                "precision": 0.85180823413961,
                "recall": 0.8570551205281745,
                "f1-score": 0.85308152396768,
                "support": 6513.0
            },
            "cross-entropy": 0.3067359447713007,
            "roc-auc": 0.914601432079404,
            "score": 0.8570551205281745
        },
        "test": {
            "0": {
                "precision": 0.8889144964277483,
                "recall": 0.930518697225573,
                "f1-score": 0.9092409240924092,
                "support": 12435.0
            },
            "1": {
                "precision": 0.7352941176470589,
                "recall": 0.62402496099844,
                "f1-score": 0.6751054852320676,
                "support": 3846.0
            },
            "accuracy": 0.8581168232909526,
            "macro avg": {
                "precision": 0.8121043070374037,
                "recall": 0.7772718291120064,
                "f1-score": 0.7921732046622384,
                "support": 16281.0
            },
            "weighted avg": {
                "precision": 0.8526253264264873,
                "recall": 0.8581168232909526,
                "f1-score": 0.8539319812844199,
                "support": 16281.0
            },
            "cross-entropy": 0.3096331043444171,
            "roc-auc": 0.9106563072333911,
            "score": 0.8581168232909526
        }
    }
}