{
    "function": "bin.model.main",
    "gpus": [
        "NVIDIA A100-SXM4-80GB"
    ],
    "config": {
        "seed": 3,
        "batch_size": 128,
        "patience": 16,
        "n_epochs": -1,
        "gradient_clipping_norm": 1.0,
        "amp": true,
        "data": {
            "cache": true,
            "path": "data/regression-num-medium-1-isolet",
            "num_policy": "noisy-quantile"
        },
        "optimizer": {
            "type": "AdamW",
            "lr": 0.004480598967867462,
            "weight_decay": 0.05506240436215274
        },
        "model": {
            "arch_type": "tabm-mini",
            "k": 32,
            "backbone": {
                "type": "MLP",
                "n_blocks": 2,
                "d_block": 896,
                "dropout": 0.11182462317483902
            }
        }
    },
    "n_parameters": 1402176,
    "prediction_type": "labels",
    "epoch_size": 43,
    "best_step": 12298,
    "metrics": {
        "train": {
            "rmse": 0.17131377838921458,
            "mae": 0.1135028526186943,
            "r2": 0.9994809559121932,
            "score": -0.17131377838921458
        },
        "val": {
            "rmse": 2.165236832701451,
            "mae": 0.7998645901679993,
            "r2": 0.9149702270888745,
            "score": -2.165236832701451
        },
        "test": {
            "rmse": 1.9360804741307063,
            "mae": 0.7276774048805237,
            "r2": 0.9327728140905465,
            "score": -1.9360804741307063
        }
    },
    "time": "0:00:30.070738",
    "chunk_size": null,
    "eval_batch_size": 32768
}