{
    "function": "bin.model.main",
    "gpus": [
        "NVIDIA A100-SXM4-80GB"
    ],
    "config": {
        "seed": 12,
        "batch_size": 256,
        "patience": 16,
        "n_epochs": -1,
        "gradient_clipping_norm": 1.0,
        "amp": true,
        "data": {
            "cache": true,
            "path": "data/classif-num-medium-1-credit",
            "num_policy": "noisy-quantile"
        },
        "optimizer": {
            "type": "AdamW",
            "lr": 7.872820970451978e-05,
            "weight_decay": 0.0
        },
        "model": {
            "arch_type": "plain",
            "backbone": {
                "type": "MLP",
                "n_blocks": 3,
                "d_block": 640,
                "dropout": 0.0
            },
            "num_embeddings": {
                "type": "PeriodicEmbeddings",
                "n_frequencies": 16,
                "d_embedding": 28,
                "frequency_init_scale": 0.08830928436286362,
                "lite": true
            }
        }
    },
    "n_parameters": 1002686,
    "prediction_type": "probs",
    "epoch_size": 40,
    "best_step": 1160,
    "metrics": {
        "train": {
            "0": {
                "precision": 0.7569664902998237,
                "recall": 0.8512495041650139,
                "f1-score": 0.8013442867811801,
                "support": 5042.0
            },
            "1": {
                "precision": 0.8267898383371824,
                "recall": 0.7220653489310206,
                "f1-score": 0.7708871662360035,
                "support": 4958.0
            },
            "accuracy": 0.7872,
            "macro avg": {
                "precision": 0.7918781643185031,
                "recall": 0.7866574265480173,
                "f1-score": 0.7861157265085918,
                "support": 10000.0
            },
            "weighted avg": {
                "precision": 0.7915849062567462,
                "recall": 0.7872,
                "f1-score": 0.7862436464148815,
                "support": 10000.0
            },
            "cross-entropy": 0.4537825568188428,
            "roc-auc": 0.872095275042607,
            "score": 0.7872
        },
        "val": {
            "0": {
                "precision": 0.7409050576752441,
                "recall": 0.824284304047384,
                "f1-score": 0.7803738317757009,
                "support": 1013.0
            },
            "1": {
                "precision": 0.7993235625704622,
                "recall": 0.7082917082917083,
                "f1-score": 0.7510593220338984,
                "support": 1001.0
            },
            "accuracy": 0.7666335650446872,
            "macro avg": {
                "precision": 0.7701143101228531,
                "recall": 0.7662880061695461,
                "f1-score": 0.7657165769047996,
                "support": 2014.0
            },
            "weighted avg": {
                "precision": 0.769940272868945,
                "recall": 0.7666335650446872,
                "f1-score": 0.7658039091085984,
                "support": 2014.0
            },
            "cross-entropy": 0.49118127671285466,
            "roc-auc": 0.8471765154884603,
            "score": 0.7666335650446872
        },
        "test": {
            "0": {
                "precision": 0.7415384615384616,
                "recall": 0.8375325803649001,
                "f1-score": 0.7866177070583437,
                "support": 2302.0
            },
            "1": {
                "precision": 0.8219047619047619,
                "recall": 0.7197664720600501,
                "f1-score": 0.7674522009782127,
                "support": 2398.0
            },
            "accuracy": 0.7774468085106383,
            "macro avg": {
                "precision": 0.7817216117216117,
                "recall": 0.7786495262124751,
                "f1-score": 0.7770349540182782,
                "support": 4700.0
            },
            "weighted avg": {
                "precision": 0.7825423739381187,
                "recall": 0.7774468085106383,
                "f1-score": 0.7768392211902257,
                "support": 4700.0
            },
            "cross-entropy": 0.4858430592099639,
            "roc-auc": 0.8535947817794874,
            "score": 0.7774468085106383
        }
    },
    "time": "0:00:05.797392",
    "chunk_size": null,
    "eval_batch_size": 32768
}