{
    "function": "bin.model.main",
    "gpus": [
        "NVIDIA A100-SXM4-80GB"
    ],
    "config": {
        "seed": 5,
        "batch_size": 256,
        "patience": 16,
        "n_epochs": -1,
        "gradient_clipping_norm": 1.0,
        "amp": true,
        "data": {
            "cache": true,
            "path": "data/regression-cat-medium-0-Brazilian_houses",
            "num_policy": "noisy-quantile",
            "cat_policy": "ordinal"
        },
        "optimizer": {
            "type": "AdamW",
            "lr": 0.0023767981426400884,
            "weight_decay": 0.0
        },
        "model": {
            "arch_type": "tabm-mini",
            "k": 32,
            "share_training_batches": false,
            "backbone": {
                "type": "MLP",
                "n_blocks": 1,
                "d_block": 608,
                "dropout": 0.0
            },
            "num_embeddings": {
                "type": "PiecewiseLinearEmbeddings",
                "d_embedding": 24
            }
        },
        "bins": {
            "n_bins": 20
        }
    },
    "n_parameters": 152960,
    "prediction_type": "labels",
    "epoch_size": 30,
    "best_step": 2670,
    "metrics": {
        "train": {
            "rmse": 0.024495580003254365,
            "mae": 0.01064375601708889,
            "r2": 0.9990679545095466,
            "score": -0.024495580003254365
        },
        "val": {
            "rmse": 0.0687102204079914,
            "mae": 0.013243488036096096,
            "r2": 0.9926841293702396,
            "score": -0.0687102204079914
        },
        "test": {
            "rmse": 0.0209709511798006,
            "mae": 0.011069322936236858,
            "r2": 0.9992804715597041,
            "score": -0.0209709511798006
        }
    },
    "time": "0:00:08.450251",
    "chunk_size": null,
    "eval_batch_size": 32768
}