{
    "function": "bin.model.main",
    "gpus": [
        "NVIDIA A100-SXM4-80GB"
    ],
    "config": {
        "seed": 5,
        "batch_size": 128,
        "patience": 16,
        "n_epochs": -1,
        "gradient_clipping_norm": 1.0,
        "amp": true,
        "data": {
            "cache": true,
            "path": "data/regression-num-medium-0-wine_quality",
            "num_policy": "noisy-quantile"
        },
        "optimizer": {
            "type": "AdamW",
            "lr": 0.00040539998532373165,
            "weight_decay": 0.00021322089313920568
        },
        "model": {
            "arch_type": "plain",
            "backbone": {
                "type": "MLP",
                "n_blocks": 3,
                "d_block": 944,
                "dropout": 0.03546683330765095
            },
            "num_embeddings": {
                "type": "PiecewiseLinearEmbeddingsV2",
                "d_embedding": 28
            }
        },
        "bins": {
            "n_bins": 80
        }
    },
    "n_parameters": 2102057,
    "prediction_type": "labels",
    "epoch_size": 36,
    "best_step": 1512,
    "metrics": {
        "train": {
            "rmse": 0.1597669335570528,
            "mae": 0.11639166623353958,
            "r2": 0.9660672183763241,
            "score": -0.1597669335570528
        },
        "val": {
            "rmse": 0.6786524027001182,
            "mae": 0.4757705628871918,
            "r2": 0.461399349504508,
            "score": -0.6786524027001182
        },
        "test": {
            "rmse": 0.6872533225627581,
            "mae": 0.48566532135009766,
            "r2": 0.3753952060787372,
            "score": -0.6872533225627581
        }
    },
    "time": "0:00:06.120665",
    "chunk_size": null,
    "eval_batch_size": 32768
}