{
    "function": "bin.model.main",
    "gpus": [
        "NVIDIA A100-SXM4-80GB"
    ],
    "config": {
        "seed": 3,
        "batch_size": 512,
        "patience": 16,
        "n_epochs": -1,
        "gradient_clipping_norm": 1.0,
        "amp": true,
        "data": {
            "cache": true,
            "path": "data/diamond",
            "num_policy": "noisy-quantile",
            "cat_policy": "ordinal"
        },
        "optimizer": {
            "type": "AdamW",
            "lr": 0.002170810958387239,
            "weight_decay": 0.040882091073906904
        },
        "model": {
            "arch_type": "tabm",
            "k": 32,
            "share_training_batches": false,
            "backbone": {
                "type": "MLP",
                "n_blocks": 4,
                "d_block": 112,
                "dropout": 0.0
            },
            "num_embeddings": {
                "type": "PiecewiseLinearEmbeddings",
                "d_embedding": 16
            }
        },
        "bins": {
            "n_bins": 114
        }
    },
    "n_parameters": 108512,
    "prediction_type": "labels",
    "epoch_size": 68,
    "best_step": 8772,
    "metrics": {
        "train": {
            "rmse": 0.11529288180614711,
            "mae": 0.061814673244953156,
            "r2": 0.9866447932096818,
            "score": -0.11529288180614711
        },
        "val": {
            "rmse": 0.12617226119321884,
            "mae": 0.06599288433790207,
            "r2": 0.9844494760252901,
            "score": -0.12617226119321884
        },
        "test": {
            "rmse": 0.13032002109439894,
            "mae": 0.06615234166383743,
            "r2": 0.9829484937927989,
            "score": -0.13032002109439894
        }
    },
    "time": "0:00:41.170535",
    "chunk_size": null,
    "eval_batch_size": 32768
}