{
    "function": "bin.model.main",
    "gpus": [
        "NVIDIA A100-SXM4-80GB"
    ],
    "config": {
        "seed": 9,
        "batch_size": 512,
        "patience": 16,
        "n_epochs": -1,
        "gradient_clipping_norm": 1.0,
        "amp": true,
        "data": {
            "cache": true,
            "path": "data/higgs-small",
            "num_policy": "noisy-quantile"
        },
        "optimizer": {
            "type": "AdamW",
            "lr": 0.004332937470196354,
            "weight_decay": 0.0
        },
        "model": {
            "arch_type": "tabm",
            "k": 32,
            "backbone": {
                "type": "MLP",
                "n_blocks": 2,
                "d_block": 608,
                "dropout": 0.16335729295117962
            }
        }
    },
    "n_parameters": 523840,
    "prediction_type": "probs",
    "epoch_size": 123,
    "best_step": 11193,
    "metrics": {
        "train": {
            "0": {
                "precision": 0.7808827016224639,
                "recall": 0.7793252653640728,
                "f1-score": 0.7801032061585313,
                "support": 29582.0
            },
            "1": {
                "precision": 0.803539183820874,
                "recall": 0.8049684946787663,
                "f1-score": 0.8042532042110335,
                "support": 33169.0
            },
            "accuracy": 0.7928797947443068,
            "macro avg": {
                "precision": 0.7922109427216689,
                "recall": 0.7921468800214195,
                "f1-score": 0.7921782051847824,
                "support": 62751.0
            },
            "weighted avg": {
                "precision": 0.7928584925746249,
                "recall": 0.7928797947443068,
                "f1-score": 0.7928684415396957,
                "support": 62751.0
            },
            "cross-entropy": 0.4491921706476493,
            "roc-auc": 0.8796486642299807,
            "score": 0.7928797947443068
        },
        "val": {
            "0": {
                "precision": 0.7322616407982262,
                "recall": 0.7144402379664684,
                "f1-score": 0.7232411716397482,
                "support": 7396.0
            },
            "1": {
                "precision": 0.7507082152974505,
                "recall": 0.7670043415340086,
                "f1-score": 0.7587687902648533,
                "support": 8292.0
            },
            "accuracy": 0.7422233554309026,
            "macro avg": {
                "precision": 0.7414849280478384,
                "recall": 0.7407222897502386,
                "f1-score": 0.7410049809523007,
                "support": 15688.0
            },
            "weighted avg": {
                "precision": 0.7420117042701517,
                "recall": 0.7422233554309026,
                "f1-score": 0.7420195381389433,
                "support": 15688.0
            },
            "cross-entropy": 0.5097033549972323,
            "roc-auc": 0.8241133213817876,
            "score": 0.7422233554309026
        },
        "test": {
            "0": {
                "precision": 0.7248832410122733,
                "recall": 0.7219037317468903,
                "f1-score": 0.7233904183828311,
                "support": 9245.0
            },
            "1": {
                "precision": 0.752859751994617,
                "recall": 0.7556198745779065,
                "f1-score": 0.7542372881355932,
                "support": 10365.0
            },
            "accuracy": 0.739724630290668,
            "macro avg": {
                "precision": 0.7388714965034451,
                "recall": 0.7387618031623984,
                "f1-score": 0.7388138532592121,
                "support": 19610.0
            },
            "weighted avg": {
                "precision": 0.7396704177757609,
                "recall": 0.7397246302906682,
                "f1-score": 0.7396947429614837,
                "support": 19610.0
            },
            "cross-entropy": 0.5158765027816131,
            "roc-auc": 0.8204519307055587,
            "score": 0.739724630290668
        }
    },
    "time": "0:01:04.070619",
    "chunk_size": null,
    "eval_batch_size": 32768
}