{
    "function": "bin.model.main",
    "gpus": [
        "NVIDIA A100-SXM4-40GB"
    ],
    "config": {
        "seed": 10,
        "batch_size": 256,
        "patience": 16,
        "n_epochs": -1,
        "gradient_clipping_norm": 1.0,
        "amp": true,
        "data": {
            "cache": true,
            "path": "data/regression-num-medium-0-superconduct",
            "num_policy": "noisy-quantile"
        },
        "optimizer": {
            "type": "AdamW",
            "lr": 0.0028399502077213925,
            "weight_decay": 0.005832918089013584
        },
        "model": {
            "arch_type": "tabm-mini",
            "k": 32,
            "backbone": {
                "type": "MLP",
                "n_blocks": 4,
                "d_block": 576,
                "dropout": 0.0
            },
            "num_embeddings": {
                "type": "PiecewiseLinearEmbeddings",
                "d_embedding": 16
            }
        },
        "bins": {
            "n_bins": 70
        }
    },
    "n_parameters": 1875616,
    "prediction_type": "labels",
    "epoch_size": 40,
    "best_step": 2480,
    "metrics": {
        "train": {
            "rmse": 5.433904226223582,
            "mae": 3.070120334625244,
            "r2": 0.9750209815209208,
            "score": -5.433904226223582
        },
        "val": {
            "rmse": 9.416244722438535,
            "mae": 5.492319107055664,
            "r2": 0.923844477541082,
            "score": -9.416244722438535
        },
        "test": {
            "rmse": 10.201489164065743,
            "mae": 5.703272342681885,
            "r2": 0.9107463329976396,
            "score": -10.201489164065743
        }
    },
    "time": "0:00:12.596368",
    "chunk_size": null,
    "eval_batch_size": 32768
}