{
    "function": "bin.model.main",
    "gpus": [
        "NVIDIA A100-SXM4-80GB"
    ],
    "config": {
        "seed": 14,
        "batch_size": 64,
        "patience": 16,
        "n_epochs": -1,
        "gradient_clipping_norm": 1.0,
        "amp": true,
        "data": {
            "cache": true,
            "path": "data/classif-num-medium-0-kdd_ipums_la_97-small",
            "num_policy": "noisy-quantile"
        },
        "optimizer": {
            "type": "AdamW",
            "lr": 0.0012339414252944864,
            "weight_decay": 0.0
        },
        "model": {
            "arch_type": "tabm",
            "k": 32,
            "share_training_batches": false,
            "backbone": {
                "type": "MLP",
                "n_blocks": 5,
                "d_block": 400,
                "dropout": 0.0
            }
        }
    },
    "n_parameters": 853504,
    "prediction_type": "probs",
    "epoch_size": 57,
    "best_step": 798,
    "metrics": {
        "train": {
            "0": {
                "precision": 0.9752014879107254,
                "recall": 0.8595628415300547,
                "f1-score": 0.9137380191693292,
                "support": 1830.0
            },
            "1": {
                "precision": 0.8726461843409317,
                "recall": 0.9777901166018879,
                "f1-score": 0.9222309505106049,
                "support": 1801.0
            },
            "accuracy": 0.918204351418342,
            "macro avg": {
                "precision": 0.9239238361258285,
                "recall": 0.9186764790659713,
                "f1-score": 0.917984484839967,
                "support": 3631.0
            },
            "weighted avg": {
                "precision": 0.9243333794752534,
                "recall": 0.918204351418342,
                "f1-score": 0.9179505692507497,
                "support": 3631.0
            },
            "cross-entropy": 0.20109256422602717,
            "roc-auc": 0.9701855071408416,
            "score": 0.918204351418342
        },
        "val": {
            "0": {
                "precision": 0.9504504504504504,
                "recall": 0.871900826446281,
                "f1-score": 0.9094827586206896,
                "support": 242.0
            },
            "1": {
                "precision": 0.8734693877551021,
                "recall": 0.9511111111111111,
                "f1-score": 0.9106382978723404,
                "support": 225.0
            },
            "accuracy": 0.9100642398286938,
            "macro avg": {
                "precision": 0.9119599191027763,
                "recall": 0.911505968778696,
                "f1-score": 0.9100605282465151,
                "support": 467.0
            },
            "weighted avg": {
                "precision": 0.9133610733488371,
                "recall": 0.9100642398286938,
                "f1-score": 0.9100394959475021,
                "support": 467.0
            },
            "cross-entropy": 0.24966491912577687,
            "roc-auc": 0.9561248852157944,
            "score": 0.9100642398286938
        },
        "test": {
            "0": {
                "precision": 0.910828025477707,
                "recall": 0.8218390804597702,
                "f1-score": 0.8640483383685802,
                "support": 522.0
            },
            "1": {
                "precision": 0.8497576736672051,
                "recall": 0.926056338028169,
                "f1-score": 0.8862679022746419,
                "support": 568.0
            },
            "accuracy": 0.8761467889908257,
            "macro avg": {
                "precision": 0.880292849572456,
                "recall": 0.8739477092439696,
                "f1-score": 0.875158120321611,
                "support": 1090.0
            },
            "weighted avg": {
                "precision": 0.8790042091214088,
                "recall": 0.8761467889908257,
                "f1-score": 0.87562697350495,
                "support": 1090.0
            },
            "cross-entropy": 0.3009981950485564,
            "roc-auc": 0.9401138632561653,
            "score": 0.8761467889908257
        }
    },
    "time": "0:00:07.104380",
    "chunk_size": null,
    "eval_batch_size": 32768
}