{
    "function": "bin.model.main",
    "gpus": [
        "NVIDIA A100-SXM4-80GB"
    ],
    "config": {
        "seed": 13,
        "batch_size": 128,
        "patience": 16,
        "n_epochs": -1,
        "gradient_clipping_norm": 1.0,
        "amp": true,
        "data": {
            "cache": true,
            "path": "data/regression-num-medium-0-isolet",
            "num_policy": "noisy-quantile"
        },
        "optimizer": {
            "type": "AdamW",
            "lr": 0.0013053462169648597,
            "weight_decay": 0.029738451133307205
        },
        "model": {
            "arch_type": "tabm-mini",
            "k": 32,
            "share_training_batches": false,
            "backbone": {
                "type": "MLP",
                "n_blocks": 3,
                "d_block": 512,
                "dropout": 0.08454032739606485
            }
        }
    },
    "n_parameters": 875712,
    "prediction_type": "labels",
    "epoch_size": 43,
    "best_step": 7654,
    "metrics": {
        "train": {
            "rmse": 0.1401777572885879,
            "mae": 0.09888637065887451,
            "r2": 0.9996497068198814,
            "score": -0.1401777572885879
        },
        "val": {
            "rmse": 2.267805641713784,
            "mae": 0.8531104922294617,
            "r2": 0.9092520794668775,
            "score": -2.267805641713784
        },
        "test": {
            "rmse": 1.785681182009532,
            "mae": 0.7127068638801575,
            "r2": 0.9436678764945974,
            "score": -1.785681182009532
        }
    },
    "time": "0:00:20.192705",
    "chunk_size": null,
    "eval_batch_size": 32768
}