{
    "function": "bin.model.main",
    "gpus": [
        "NVIDIA A100-SXM4-40GB"
    ],
    "config": {
        "seed": 5,
        "batch_size": 32,
        "patience": 16,
        "n_epochs": -1,
        "gradient_clipping_norm": 1.0,
        "amp": true,
        "data": {
            "cache": true,
            "path": "data/classif-num-medium-1-phoneme",
            "num_policy": "noisy-quantile"
        },
        "optimizer": {
            "type": "AdamW",
            "lr": 0.00019674869321382966,
            "weight_decay": 0.0
        },
        "model": {
            "arch_type": "plain",
            "backbone": {
                "type": "MLP",
                "n_blocks": 3,
                "d_block": 496,
                "dropout": 0.0
            },
            "num_embeddings": {
                "type": "PeriodicEmbeddings",
                "n_frequencies": 92,
                "d_embedding": 28,
                "frequency_init_scale": 0.48391840837630795,
                "lite": false
            }
        }
    },
    "n_parameters": 590314,
    "prediction_type": "probs",
    "epoch_size": 70,
    "best_step": 2100,
    "metrics": {
        "train": {
            "0": {
                "precision": 0.9963336388634281,
                "recall": 0.9899817850637522,
                "f1-score": 0.9931475559616263,
                "support": 1098.0
            },
            "1": {
                "precision": 0.9902568644818424,
                "recall": 0.9964349376114082,
                "f1-score": 0.993336294980009,
                "support": 1122.0
            },
            "accuracy": 0.9932432432432432,
            "macro avg": {
                "precision": 0.9932952516726352,
                "recall": 0.9932083613375802,
                "f1-score": 0.9932419254708176,
                "support": 2220.0
            },
            "weighted avg": {
                "precision": 0.9932624042435455,
                "recall": 0.9932432432432432,
                "f1-score": 0.9932429456817279,
                "support": 2220.0
            },
            "cross-entropy": 0.015429351825321706,
            "roc-auc": 0.9999034056411105,
            "score": 0.9932432432432432
        },
        "val": {
            "0": {
                "precision": 0.9013157894736842,
                "recall": 0.9072847682119205,
                "f1-score": 0.9042904290429044,
                "support": 151.0
            },
            "1": {
                "precision": 0.8947368421052632,
                "recall": 0.8880597014925373,
                "f1-score": 0.8913857677902622,
                "support": 134.0
            },
            "accuracy": 0.8982456140350877,
            "macro avg": {
                "precision": 0.8980263157894737,
                "recall": 0.8976722348522289,
                "f1-score": 0.8978380984165832,
                "support": 285.0
            },
            "weighted avg": {
                "precision": 0.8982225300092336,
                "recall": 0.8982456140350877,
                "f1-score": 0.8982229742785042,
                "support": 285.0
            },
            "cross-entropy": 0.6601903471843373,
            "roc-auc": 0.943807452802214,
            "score": 0.8982456140350877
        },
        "test": {
            "0": {
                "precision": 0.9193548387096774,
                "recall": 0.8456973293768546,
                "f1-score": 0.8809891808346212,
                "support": 337.0
            },
            "1": {
                "precision": 0.8543417366946778,
                "recall": 0.9242424242424242,
                "f1-score": 0.8879184861717613,
                "support": 330.0
            },
            "accuracy": 0.8845577211394303,
            "macro avg": {
                "precision": 0.8868482877021776,
                "recall": 0.8849698768096395,
                "f1-score": 0.8844538335031913,
                "support": 667.0
            },
            "weighted avg": {
                "precision": 0.8871894359136506,
                "recall": 0.8845577211394303,
                "f1-score": 0.8844174728305075,
                "support": 667.0
            },
            "cross-entropy": 0.643380635013458,
            "roc-auc": 0.9527740311123101,
            "score": 0.8845577211394303
        }
    },
    "time": "0:00:09.384809",
    "chunk_size": null,
    "eval_batch_size": 32768
}