{
    "function": "bin.model.main",
    "gpus": [
        "NVIDIA A100-SXM4-40GB"
    ],
    "config": {
        "seed": 12,
        "batch_size": 512,
        "patience": 16,
        "n_epochs": -1,
        "gradient_clipping_norm": 1.0,
        "amp": true,
        "data": {
            "cache": true,
            "path": "data/classif-num-large-0-MiniBooNE",
            "num_policy": "noisy-quantile"
        },
        "optimizer": {
            "type": "AdamW",
            "lr": 0.00040147988616801066,
            "weight_decay": 0.0001069410853081519
        },
        "model": {
            "arch_type": "plain",
            "backbone": {
                "type": "MLP",
                "n_blocks": 3,
                "d_block": 592,
                "dropout": 0.47088033849731764
            }
        }
    },
    "n_parameters": 733490,
    "prediction_type": "probs",
    "epoch_size": 98,
    "best_step": 6272,
    "metrics": {
        "train": {
            "0": {
                "precision": 0.9895538100251032,
                "recall": 0.9729686691349178,
                "f1-score": 0.9811911596442981,
                "support": 25119.0
            },
            "1": {
                "precision": 0.9731641767449214,
                "recall": 0.9896306418552309,
                "f1-score": 0.9813283382818883,
                "support": 24881.0
            },
            "accuracy": 0.98126,
            "macro avg": {
                "precision": 0.9813589933850123,
                "recall": 0.9812996554950744,
                "f1-score": 0.9812597489630932,
                "support": 50000.0
            },
            "weighted avg": {
                "precision": 0.9813980007122192,
                "recall": 0.98126,
                "f1-score": 0.9812594224779357,
                "support": 50000.0
            },
            "cross-entropy": 0.0622642639257795,
            "roc-auc": 0.9980873358636211,
            "score": 0.98126
        },
        "val": {
            "0": {
                "precision": 0.9621542940320232,
                "recall": 0.9394542353610006,
                "f1-score": 0.9506687760678844,
                "support": 3518.0
            },
            "1": {
                "precision": 0.9385103926096998,
                "recall": 0.9615498373262349,
                "f1-score": 0.9498904309715122,
                "support": 3381.0
            },
            "accuracy": 0.9502826496593709,
            "macro avg": {
                "precision": 0.9503323433208615,
                "recall": 0.9505020363436177,
                "f1-score": 0.9502796035196983,
                "support": 6899.0
            },
            "weighted avg": {
                "precision": 0.9505671030320413,
                "recall": 0.9502826496593709,
                "f1-score": 0.950287331688868,
                "support": 6899.0
            },
            "cross-entropy": 0.14133847687852702,
            "roc-auc": 0.9861056393291676,
            "score": 0.9502826496593709
        },
        "test": {
            "0": {
                "precision": 0.9527183715537233,
                "recall": 0.9406003561434749,
                "f1-score": 0.9466205837173578,
                "support": 7862.0
            },
            "1": {
                "precision": 0.9439846467554276,
                "recall": 0.955444943547408,
                "f1-score": 0.949680222034512,
                "support": 8237.0
            },
            "accuracy": 0.9481955400956581,
            "macro avg": {
                "precision": 0.9483515091545754,
                "recall": 0.9480226498454415,
                "f1-score": 0.9481504028759349,
                "support": 16099.0
            },
            "weighted avg": {
                "precision": 0.9482497902031076,
                "recall": 0.9481955400956581,
                "f1-score": 0.9481860375230848,
                "support": 16099.0
            },
            "cross-entropy": 0.15094466288695077,
            "roc-auc": 0.985833508314652,
            "score": 0.9481955400956581
        }
    },
    "time": "0:00:45.397990",
    "chunk_size": null,
    "eval_batch_size": 32768
}