{
    "function": "bin.model.main",
    "gpus": [
        "NVIDIA A100-SXM4-80GB"
    ],
    "config": {
        "seed": 14,
        "batch_size": 256,
        "patience": 16,
        "n_epochs": -1,
        "gradient_clipping_norm": 1.0,
        "amp": true,
        "data": {
            "cache": true,
            "path": "data/regression-num-medium-1-Ailerons",
            "num_policy": "noisy-quantile"
        },
        "optimizer": {
            "type": "AdamW",
            "lr": 0.002395150906396785,
            "weight_decay": 0.000319905845683667
        },
        "model": {
            "arch_type": "tabm",
            "k": 32,
            "share_training_batches": false,
            "backbone": {
                "type": "MLP",
                "n_blocks": 2,
                "d_block": 80,
                "dropout": 0.0
            }
        }
    },
    "n_parameters": 25488,
    "prediction_type": "labels",
    "epoch_size": 38,
    "best_step": 3382,
    "metrics": {
        "train": {
            "rmse": 0.00014272465675874434,
            "mae": 0.00010454843868501484,
            "r2": 0.877119636434312,
            "score": -0.00014272465675874434
        },
        "val": {
            "rmse": 0.0001457046605353153,
            "mae": 0.00010845640645129606,
            "r2": 0.8696715404316228,
            "score": -0.0001457046605353153
        },
        "test": {
            "rmse": 0.00015857231839220797,
            "mae": 0.00011265649663982913,
            "r2": 0.851601763651205,
            "score": -0.00015857231839220797
        }
    },
    "time": "0:00:09.267761",
    "chunk_size": null,
    "eval_batch_size": 32768
}