{
    "function": "bin.model.main",
    "gpus": [
        "NVIDIA A100-SXM4-80GB"
    ],
    "config": {
        "seed": 1,
        "batch_size": 64,
        "patience": 16,
        "n_epochs": -1,
        "gradient_clipping_norm": 1.0,
        "amp": true,
        "data": {
            "cache": true,
            "path": "data/regression-cat-medium-2-analcatdata_supreme",
            "num_policy": "noisy-quantile"
        },
        "optimizer": {
            "type": "AdamW",
            "lr": 0.0010054631923436892,
            "weight_decay": 0.0005948571267693014
        },
        "model": {
            "arch_type": "tabm-mini",
            "k": 32,
            "share_training_batches": false,
            "backbone": {
                "type": "MLP",
                "n_blocks": 4,
                "d_block": 976,
                "dropout": 0.04724032121308054
            },
            "num_embeddings": {
                "type": "PiecewiseLinearEmbeddingsV2",
                "d_embedding": 28
            }
        },
        "bins": {
            "n_bins": 95
        }
    },
    "n_parameters": 2961496,
    "prediction_type": "labels",
    "epoch_size": 45,
    "best_step": 3555,
    "metrics": {
        "train": {
            "rmse": 0.04802805359413939,
            "mae": 0.012560353614389896,
            "r2": 0.9922657172997096,
            "score": -0.04802805359413939
        },
        "val": {
            "rmse": 0.08799607256180701,
            "mae": 0.021899890154600143,
            "r2": 0.9796509291779948,
            "score": -0.08799607256180701
        },
        "test": {
            "rmse": 0.07514191254805451,
            "mae": 0.01754986122250557,
            "r2": 0.9796602028819229,
            "score": -0.07514191254805451
        }
    },
    "time": "0:00:18.066664",
    "chunk_size": null,
    "eval_batch_size": 32768
}