{
    "function": "bin.ensemble.main",
    "config": {
        "seeds": [
            5,
            6,
            7,
            8,
            9
        ],
        "data": {
            "path": "data/homecredit-default"
        }
    },
    "single_model_function": "bin.model.main",
    "prediction_type": "probs",
    "metrics": {
        "train": {
            "0": {
                "precision": 0.9693293026975117,
                "recall": 0.9999807257896643,
                "f1-score": 0.9844164764501518,
                "support": 259414.0
            },
            "1": {
                "precision": 0.8214285714285714,
                "recall": 0.0027943141781071558,
                "f1-score": 0.005569681559510837,
                "support": 8231.0
            },
            "accuracy": 0.9693138298866035,
            "macro avg": {
                "precision": 0.8953789370630416,
                "recall": 0.5013875199838858,
                "f1-score": 0.49499307900483136,
                "support": 267645.0
            },
            "weighted avg": {
                "precision": 0.9647808488908849,
                "recall": 0.9693138298866035,
                "f1-score": 0.9543135865446992,
                "support": 267645.0
            },
            "cross-entropy": 0.10501905318764444,
            "roc-auc": 0.8696638337088403,
            "score": 0.8696638337088403
        },
        "val": {
            "0": {
                "precision": 0.9554754968713909,
                "recall": 0.9999819595533186,
                "f1-score": 0.9772222418109375,
                "support": 55431.0
            },
            "1": {
                "precision": 0.8,
                "recall": 0.0015461925009663702,
                "f1-score": 0.0030864197530864196,
                "support": 2587.0
            },
            "accuracy": 0.9554620979695957,
            "macro avg": {
                "precision": 0.8777377484356954,
                "recall": 0.5007640760271425,
                "f1-score": 0.490154330782012,
                "support": 58018.0
            },
            "weighted avg": {
                "precision": 0.9485429050825273,
                "recall": 0.9554620979695957,
                "f1-score": 0.9337859053004811,
                "support": 58018.0
            },
            "cross-entropy": 0.1479271001281038,
            "roc-auc": 0.8417299513611566,
            "score": 0.8417299513611566
        },
        "test": {
            "0": {
                "precision": 0.9781929238627637,
                "recall": 0.9999634849923319,
                "f1-score": 0.988958406688154,
                "support": 54772.0
            },
            "1": {
                "precision": 0.8,
                "recall": 0.006509357200976403,
                "f1-score": 0.0129136400322841,
                "support": 1229.0
            },
            "accuracy": 0.9781611042659952,
            "macro avg": {
                "precision": 0.8890964619313819,
                "recall": 0.5032364210966541,
                "f1-score": 0.500936023360219,
                "support": 56001.0
            },
            "weighted avg": {
                "precision": 0.9742822954199263,
                "recall": 0.9781611042659952,
                "f1-score": 0.9675380924398358,
                "support": 56001.0
            },
            "cross-entropy": 0.08433989874793939,
            "roc-auc": 0.8608649187159292,
            "score": 0.8608649187159292
        }
    }
}