{
    "function": "bin.model.main",
    "gpus": [
        "NVIDIA A100-SXM4-40GB"
    ],
    "config": {
        "seed": 1,
        "batch_size": 64,
        "patience": 16,
        "n_epochs": -1,
        "gradient_clipping_norm": 1.0,
        "amp": true,
        "data": {
            "cache": true,
            "path": "data/classif-cat-medium-0-KDDCup09_upselling",
            "num_policy": "noisy-quantile",
            "cat_policy": "ordinal"
        },
        "optimizer": {
            "type": "AdamW",
            "lr": 0.0010037181644619194,
            "weight_decay": 0.0
        },
        "model": {
            "arch_type": "tabm-mini",
            "k": 32,
            "backbone": {
                "type": "MLP",
                "n_blocks": 3,
                "d_block": 656,
                "dropout": 0.44957086116318207
            },
            "num_embeddings": {
                "type": "PiecewiseLinearEmbeddings",
                "d_embedding": 20
            }
        },
        "bins": {
            "n_bins": 82
        }
    },
    "n_parameters": 1475744,
    "prediction_type": "probs",
    "epoch_size": 57,
    "best_step": 570,
    "metrics": {
        "train": {
            "0": {
                "precision": 0.8210639441160666,
                "recall": 0.8460686600221484,
                "f1-score": 0.8333787837469321,
                "support": 1806.0
            },
            "1": {
                "precision": 0.8391203703703703,
                "recall": 0.8132361189007291,
                "f1-score": 0.8259755055539733,
                "support": 1783.0
            },
            "accuracy": 0.8297575926441906,
            "macro avg": {
                "precision": 0.8300921572432185,
                "recall": 0.8296523894614387,
                "f1-score": 0.8296771446504527,
                "support": 3589.0
            },
            "weighted avg": {
                "precision": 0.8300343002072964,
                "recall": 0.8297575926441906,
                "f1-score": 0.82970086649476,
                "support": 3589.0
            },
            "cross-entropy": 0.33348682688453685,
            "roc-auc": 0.9275469255904633,
            "score": 0.8297575926441906
        },
        "val": {
            "0": {
                "precision": 0.812807881773399,
                "recall": 0.7932692307692307,
                "f1-score": 0.802919708029197,
                "support": 208.0
            },
            "1": {
                "precision": 0.83203125,
                "recall": 0.848605577689243,
                "f1-score": 0.8402366863905325,
                "support": 251.0
            },
            "accuracy": 0.8235294117647058,
            "macro avg": {
                "precision": 0.8224195658866995,
                "recall": 0.8209374042292369,
                "f1-score": 0.8215781972098648,
                "support": 459.0
            },
            "weighted avg": {
                "precision": 0.8233200068820631,
                "recall": 0.8235294117647058,
                "f1-score": 0.8233261602485765,
                "support": 459.0
            },
            "cross-entropy": 0.3149617082282134,
            "roc-auc": 0.9262373582592706,
            "score": 0.8235294117647058
        },
        "test": {
            "0": {
                "precision": 0.8083182640144665,
                "recall": 0.8156934306569343,
                "f1-score": 0.8119891008174387,
                "support": 548.0
            },
            "1": {
                "precision": 0.8068833652007649,
                "recall": 0.7992424242424242,
                "f1-score": 0.8030447193149381,
                "support": 528.0
            },
            "accuracy": 0.8076208178438662,
            "macro avg": {
                "precision": 0.8076008146076157,
                "recall": 0.8074679274496792,
                "f1-score": 0.8075169100661884,
                "support": 1076.0
            },
            "weighted avg": {
                "precision": 0.8076141500984493,
                "recall": 0.8076208178438662,
                "f1-score": 0.8076000362883307,
                "support": 1076.0
            },
            "cross-entropy": 0.38899685140692064,
            "roc-auc": 0.9053963448352134,
            "score": 0.8076208178438662
        }
    },
    "time": "0:00:06.433876",
    "chunk_size": null,
    "eval_batch_size": 32768
}