{
    "function": "bin.model.main",
    "gpus": [
        "NVIDIA A100-SXM4-80GB"
    ],
    "config": {
        "seed": 6,
        "batch_size": 256,
        "patience": 16,
        "n_epochs": -1,
        "gradient_clipping_norm": 1.0,
        "amp": true,
        "data": {
            "cache": true,
            "path": "data/regression-num-medium-0-superconduct",
            "num_policy": "noisy-quantile"
        },
        "optimizer": {
            "type": "AdamW",
            "lr": 0.0018064522479940726,
            "weight_decay": 0.00019335846352571767
        },
        "model": {
            "arch_type": "tabm",
            "k": 32,
            "share_training_batches": false,
            "backbone": {
                "type": "MLP",
                "n_blocks": 5,
                "d_block": 848,
                "dropout": 0.0
            }
        }
    },
    "n_parameters": 3353008,
    "prediction_type": "labels",
    "epoch_size": 40,
    "best_step": 4000,
    "metrics": {
        "train": {
            "rmse": 5.857633530270665,
            "mae": 3.259424924850464,
            "r2": 0.9709734215541004,
            "score": -5.857633530270665
        },
        "val": {
            "rmse": 9.591864285613763,
            "mae": 5.496074199676514,
            "r2": 0.9209772844211259,
            "score": -9.591864285613763
        },
        "test": {
            "rmse": 10.264267458635436,
            "mae": 5.696347713470459,
            "r2": 0.9096444429486793,
            "score": -10.264267458635436
        }
    },
    "time": "0:00:31.107515",
    "chunk_size": null,
    "eval_batch_size": 32768
}