{
    "function": "bin.model.main",
    "gpus": [
        "NVIDIA A100-SXM4-40GB"
    ],
    "config": {
        "seed": 1,
        "batch_size": 256,
        "patience": 16,
        "n_epochs": -1,
        "gradient_clipping_norm": 1.0,
        "amp": true,
        "data": {
            "cache": true,
            "path": "data/regression-cat-medium-0-OnlineNewsPopularity",
            "num_policy": "noisy-quantile"
        },
        "optimizer": {
            "type": "AdamW",
            "lr": 0.0023797300220446886,
            "weight_decay": 0.0267514697542703
        },
        "model": {
            "arch_type": "tabm",
            "k": 32,
            "backbone": {
                "type": "MLP",
                "n_blocks": 3,
                "d_block": 960,
                "dropout": 0.2973213186657744
            },
            "num_embeddings": {
                "type": "PiecewiseLinearEmbeddingsV2",
                "d_embedding": 20
            }
        },
        "bins": {
            "n_bins": 34
        }
    },
    "n_parameters": 3072688,
    "prediction_type": "labels",
    "epoch_size": 40,
    "best_step": 640,
    "metrics": {
        "train": {
            "rmse": 0.7263080602604882,
            "mae": 0.5356468558311462,
            "r2": 0.39068114340482496,
            "score": -0.7263080602604882
        },
        "val": {
            "rmse": 0.8374344444239087,
            "mae": 0.6147493124008179,
            "r2": 0.16829875427376506,
            "score": -0.8374344444239087
        },
        "test": {
            "rmse": 0.857316655891381,
            "mae": 0.6251316666603088,
            "r2": 0.15767589448482822,
            "score": -0.857316655891381
        }
    },
    "time": "0:00:12.557091",
    "chunk_size": null,
    "eval_batch_size": 32768
}