{
    "function": "bin.ensemble.main",
    "config": {
        "seeds": [
            5,
            6,
            7,
            8,
            9
        ],
        "data": {
            "path": "data/adult"
        }
    },
    "single_model_function": "bin.model.main",
    "prediction_type": "probs",
    "metrics": {
        "train": {
            "0": {
                "precision": 0.9116128080271506,
                "recall": 0.93724399494311,
                "f1-score": 0.9242507355507903,
                "support": 19775.0
            },
            "1": {
                "precision": 0.7829281091481546,
                "recall": 0.713534194165471,
                "f1-score": 0.7466221851542953,
                "support": 6273.0
            },
            "accuracy": 0.8833691646191646,
            "macro avg": {
                "precision": 0.8472704585876526,
                "recall": 0.8253890945542905,
                "f1-score": 0.8354364603525428,
                "support": 26048.0
            },
            "weighted avg": {
                "precision": 0.8806223628464096,
                "recall": 0.8833691646191646,
                "f1-score": 0.8814734053666221,
                "support": 26048.0
            },
            "cross-entropy": 0.26009929864833253,
            "roc-auc": 0.9407142403691457,
            "score": 0.8833691646191646
        },
        "val": {
            "0": {
                "precision": 0.8965449160908193,
                "recall": 0.9183013144590495,
                "f1-score": 0.9072927072927073,
                "support": 4945.0
            },
            "1": {
                "precision": 0.7209944751381215,
                "recall": 0.6658163265306123,
                "f1-score": 0.6923076923076924,
                "support": 1568.0
            },
            "accuracy": 0.8575157377552587,
            "macro avg": {
                "precision": 0.8087696956144704,
                "recall": 0.7920588204948309,
                "f1-score": 0.7998001998001998,
                "support": 6513.0
            },
            "weighted avg": {
                "precision": 0.8542812754622564,
                "recall": 0.8575157377552587,
                "f1-score": 0.8555352217259173,
                "support": 6513.0
            },
            "cross-entropy": 0.31087887594955765,
            "roc-auc": 0.9130504426239656,
            "score": 0.8575157377552587
        },
        "test": {
            "0": {
                "precision": 0.8941434387723144,
                "recall": 0.9183755528749498,
                "f1-score": 0.9060975125957075,
                "support": 12435.0
            },
            "1": {
                "precision": 0.7107438016528925,
                "recall": 0.6484659386375455,
                "f1-score": 0.6781781101291638,
                "support": 3846.0
            },
            "accuracy": 0.8546158098396904,
            "macro avg": {
                "precision": 0.8024436202126035,
                "recall": 0.7834207457562476,
                "f1-score": 0.7921378113624357,
                "support": 16281.0
            },
            "weighted avg": {
                "precision": 0.8508196254708404,
                "recall": 0.8546158098396904,
                "f1-score": 0.852256960916675,
                "support": 16281.0
            },
            "cross-entropy": 0.3133644477703576,
            "roc-auc": 0.9092001026241291,
            "score": 0.8546158098396904
        }
    }
}