{
    "function": "bin.model.main",
    "gpus": [
        "NVIDIA A100-SXM4-40GB"
    ],
    "config": {
        "seed": 7,
        "batch_size": 64,
        "patience": 16,
        "n_epochs": -1,
        "gradient_clipping_norm": 1.0,
        "amp": true,
        "data": {
            "cache": true,
            "path": "data/classif-num-medium-1-kdd_ipums_la_97-small",
            "num_policy": "noisy-quantile"
        },
        "optimizer": {
            "type": "AdamW",
            "lr": 0.00041042232081406403,
            "weight_decay": 0.0
        },
        "model": {
            "arch_type": "plain",
            "backbone": {
                "type": "MLP",
                "n_blocks": 3,
                "d_block": 96,
                "dropout": 0.0
            },
            "num_embeddings": {
                "type": "PeriodicEmbeddings",
                "n_frequencies": 48,
                "d_embedding": 28,
                "frequency_init_scale": 0.012978559659448809,
                "lite": false
            }
        }
    },
    "n_parameters": 127954,
    "prediction_type": "probs",
    "epoch_size": 57,
    "best_step": 1368,
    "metrics": {
        "train": {
            "0": {
                "precision": 0.9719626168224299,
                "recall": 0.8097886540600667,
                "f1-score": 0.8834951456310679,
                "support": 1798.0
            },
            "1": {
                "precision": 0.8396624472573839,
                "recall": 0.9770867430441899,
                "f1-score": 0.903177004538578,
                "support": 1833.0
            },
            "accuracy": 0.894244009914624,
            "macro avg": {
                "precision": 0.9058125320399069,
                "recall": 0.8934376985521283,
                "f1-score": 0.8933360750848229,
                "support": 3631.0
            },
            "weighted avg": {
                "precision": 0.9051748969621354,
                "recall": 0.894244009914624,
                "f1-score": 0.893430933947638,
                "support": 3631.0
            },
            "cross-entropy": 0.2536746286573031,
            "roc-auc": 0.9548302441883962,
            "score": 0.894244009914624
        },
        "val": {
            "0": {
                "precision": 0.9711538461538461,
                "recall": 0.8744588744588745,
                "f1-score": 0.9202733485193622,
                "support": 231.0
            },
            "1": {
                "precision": 0.888030888030888,
                "recall": 0.9745762711864406,
                "f1-score": 0.9292929292929293,
                "support": 236.0
            },
            "accuracy": 0.9250535331905781,
            "macro avg": {
                "precision": 0.9295923670923671,
                "recall": 0.9245175728226576,
                "f1-score": 0.9247831389061457,
                "support": 467.0
            },
            "weighted avg": {
                "precision": 0.9291473833765055,
                "recall": 0.9250535331905781,
                "f1-score": 0.9248314235997944,
                "support": 467.0
            },
            "cross-entropy": 0.23086070217995133,
            "roc-auc": 0.9572969403477878,
            "score": 0.9250535331905781
        },
        "test": {
            "0": {
                "precision": 0.9566115702479339,
                "recall": 0.8194690265486726,
                "f1-score": 0.882745471877979,
                "support": 565.0
            },
            "1": {
                "precision": 0.8316831683168316,
                "recall": 0.96,
                "f1-score": 0.8912466843501327,
                "support": 525.0
            },
            "accuracy": 0.8871559633027523,
            "macro avg": {
                "precision": 0.8941473692823827,
                "recall": 0.8897345132743363,
                "f1-score": 0.8869960781140558,
                "support": 1090.0
            },
            "weighted avg": {
                "precision": 0.8964396335379993,
                "recall": 0.8871559633027523,
                "f1-score": 0.886840092564108,
                "support": 1090.0
            },
            "cross-entropy": 0.272017250482693,
            "roc-auc": 0.9481297935103244,
            "score": 0.8871559633027523
        }
    },
    "time": "0:00:06.749253",
    "chunk_size": null,
    "eval_batch_size": 32768
}