{
    "function": "bin.model.main",
    "gpus": [
        "NVIDIA A100-SXM4-80GB"
    ],
    "config": {
        "seed": 14,
        "batch_size": 256,
        "patience": 16,
        "n_epochs": -1,
        "gradient_clipping_norm": 1.0,
        "amp": true,
        "data": {
            "cache": true,
            "path": "data/regression-num-medium-1-fifa",
            "num_policy": "noisy-quantile"
        },
        "optimizer": {
            "type": "AdamW",
            "lr": 0.002712711501757526,
            "weight_decay": 0.00021781220355475065
        },
        "model": {
            "arch_type": "tabm-mini",
            "k": 32,
            "share_training_batches": false,
            "backbone": {
                "type": "MLP",
                "n_blocks": 2,
                "d_block": 96,
                "dropout": 0.0
            }
        }
    },
    "n_parameters": 13152,
    "prediction_type": "labels",
    "epoch_size": 40,
    "best_step": 5480,
    "metrics": {
        "train": {
            "rmse": 0.7623280362563863,
            "mae": 0.5621851682662964,
            "r2": 0.6913209613955029,
            "score": -0.7623280362563863
        },
        "val": {
            "rmse": 0.7646739268530571,
            "mae": 0.5658325552940369,
            "r2": 0.6849546730808516,
            "score": -0.7646739268530571
        },
        "test": {
            "rmse": 0.7837104581139229,
            "mae": 0.5759138464927673,
            "r2": 0.6569526742928282,
            "score": -0.7837104581139229
        }
    },
    "time": "0:00:12.399355",
    "chunk_size": null,
    "eval_batch_size": 32768
}