{
    "function": "bin.model.main",
    "gpus": [
        "NVIDIA A100-SXM4-80GB"
    ],
    "config": {
        "seed": 8,
        "batch_size": 1024,
        "patience": 16,
        "n_epochs": -1,
        "gradient_clipping_norm": 1.0,
        "amp": true,
        "data": {
            "cache": true,
            "path": "data/homesite-insurance",
            "num_policy": "noisy-quantile",
            "cat_policy": "ordinal"
        },
        "optimizer": {
            "type": "AdamW",
            "lr": 0.0011446785908778689,
            "weight_decay": 0.0
        },
        "model": {
            "arch_type": "tabm",
            "k": 32,
            "share_training_batches": false,
            "backbone": {
                "type": "MLP",
                "n_blocks": 2,
                "d_block": 1024,
                "dropout": 0.3779904316542978
            }
        }
    },
    "n_parameters": 1744768,
    "prediction_type": "probs",
    "epoch_size": 220,
    "best_step": 9460,
    "metrics": {
        "train": {
            "0": {
                "precision": 0.946345027702724,
                "recall": 0.989316979079084,
                "f1-score": 0.9673540119020433,
                "support": 181971.0
            },
            "1": {
                "precision": 0.94296778736138,
                "recall": 0.7589789605421615,
                "f1-score": 0.8410283247203506,
                "support": 42349.0
            },
            "accuracy": 0.945831847360913,
            "macro avg": {
                "precision": 0.944656407532052,
                "recall": 0.8741479698106227,
                "f1-score": 0.904191168311197,
                "support": 224320.0
            },
            "weighted avg": {
                "precision": 0.9457074441113564,
                "recall": 0.945831847360913,
                "f1-score": 0.9435051953611306,
                "support": 224320.0
            },
            "cross-entropy": 0.13343067799134084,
            "roc-auc": 0.9844613817569581,
            "score": 0.9844613817569581
        },
        "val": {
            "0": {
                "precision": 0.931733483907397,
                "recall": 0.9856639388328057,
                "f1-score": 0.9579402629822066,
                "support": 16741.0
            },
            "1": {
                "precision": 0.9011532125205931,
                "recall": 0.644097733294083,
                "f1-score": 0.7512446351931331,
                "support": 3397.0
            },
            "accuracy": 0.9280464792928791,
            "macro avg": {
                "precision": 0.9164433482139951,
                "recall": 0.8148808360634443,
                "f1-score": 0.8545924490876698,
                "support": 20138.0
            },
            "weighted avg": {
                "precision": 0.926575018225553,
                "recall": 0.9280464792928791,
                "f1-score": 0.9230735906413841,
                "support": 20138.0
            },
            "cross-entropy": 0.1739157482620793,
            "roc-auc": 0.9589998990138366,
            "score": 0.9589998990138366
        },
        "test": {
            "0": {
                "precision": 0.9257216531767065,
                "recall": 0.9830379554270936,
                "f1-score": 0.953519256308101,
                "support": 13147.0
            },
            "1": {
                "precision": 0.9044558697514996,
                "recall": 0.670584498094028,
                "f1-score": 0.7701568770521707,
                "support": 3148.0
            },
            "accuracy": 0.9226756673826327,
            "macro avg": {
                "precision": 0.915088761464103,
                "recall": 0.8268112267605607,
                "f1-score": 0.8618380666801359,
                "support": 16295.0
            },
            "weighted avg": {
                "precision": 0.9216133569985813,
                "recall": 0.9226756673826327,
                "f1-score": 0.918095827655283,
                "support": 16295.0
            },
            "cross-entropy": 0.17655032219395805,
            "roc-auc": 0.9638859590734775,
            "score": 0.9638859590734775
        }
    },
    "time": "0:02:34.350949",
    "chunk_size": null,
    "eval_batch_size": 32768
}