{
    "function": "bin.model.main",
    "gpus": [
        "NVIDIA A100-SXM4-80GB"
    ],
    "config": {
        "seed": 9,
        "batch_size": 256,
        "patience": 16,
        "n_epochs": -1,
        "gradient_clipping_norm": 1.0,
        "amp": true,
        "data": {
            "cache": true,
            "path": "data/regression-cat-medium-0-OnlineNewsPopularity",
            "num_policy": "noisy-quantile"
        },
        "optimizer": {
            "type": "AdamW",
            "lr": 0.0007196705257380342,
            "weight_decay": 0.00017770901809990592
        },
        "model": {
            "arch_type": "tabm-mini",
            "k": 32,
            "share_training_batches": false,
            "backbone": {
                "type": "MLP",
                "n_blocks": 3,
                "d_block": 816,
                "dropout": 0.4158016185758534
            },
            "num_embeddings": {
                "type": "PiecewiseLinearEmbeddings",
                "d_embedding": 20
            }
        },
        "bins": {
            "n_bins": 12
        }
    },
    "n_parameters": 2159848,
    "prediction_type": "labels",
    "epoch_size": 40,
    "best_step": 960,
    "metrics": {
        "train": {
            "rmse": 0.7669190739384512,
            "mae": 0.5682516694068909,
            "r2": 0.32063691345983814,
            "score": -0.7669190739384512
        },
        "val": {
            "rmse": 0.8383383455057138,
            "mae": 0.621492326259613,
            "r2": 0.16650236439596755,
            "score": -0.8383383455057138
        },
        "test": {
            "rmse": 0.8564106184958133,
            "mae": 0.6302622556686401,
            "r2": 0.15945538994854824,
            "score": -0.8564106184958133
        }
    },
    "time": "0:00:07.480378",
    "chunk_size": null,
    "eval_batch_size": 32768
}