{
    "function": "bin.model.main",
    "gpus": [
        "NVIDIA A100-SXM4-80GB"
    ],
    "config": {
        "seed": 0,
        "batch_size": 256,
        "patience": 16,
        "n_epochs": -1,
        "gradient_clipping_norm": 1.0,
        "amp": true,
        "data": {
            "cache": true,
            "path": "data/regression-cat-medium-2-Brazilian_houses",
            "num_policy": "noisy-quantile",
            "cat_policy": "ordinal"
        },
        "optimizer": {
            "type": "AdamW",
            "lr": 0.0005469582021936329,
            "weight_decay": 0.005293346771387199
        },
        "model": {
            "arch_type": "tabm-packed",
            "k": 32,
            "share_training_batches": false,
            "backbone": {
                "type": "MLP",
                "n_blocks": 3,
                "d_block": 576,
                "dropout": 0.0
            }
        }
    },
    "n_parameters": 21620768,
    "prediction_type": "labels",
    "epoch_size": 30,
    "best_step": 7560,
    "metrics": {
        "train": {
            "rmse": 0.006280280128194276,
            "mae": 0.00368451327085495,
            "r2": 0.999937932646929,
            "score": -0.006280280128194276
        },
        "val": {
            "rmse": 0.024683446049569055,
            "mae": 0.009126916527748108,
            "r2": 0.999035039339681,
            "score": -0.024683446049569055
        },
        "test": {
            "rmse": 0.0696305108922076,
            "mae": 0.010343553498387337,
            "r2": 0.9924848970739968,
            "score": -0.0696305108922076
        }
    },
    "time": "0:00:28.828252",
    "chunk_size": null,
    "eval_batch_size": 32768
}