{
    "function": "bin.ensemble.main",
    "config": {
        "seeds": [
            10,
            11,
            12,
            13,
            14
        ],
        "data": {
            "path": "data/classif-cat-large-0-road-safety"
        }
    },
    "single_model_function": "bin.model.main",
    "prediction_type": "probs",
    "metrics": {
        "train": {
            "0": {
                "precision": 0.8446189495365602,
                "recall": 0.7833094555873925,
                "f1-score": 0.8128097125867194,
                "support": 25128.0
            },
            "1": {
                "precision": 0.7960368594545999,
                "recall": 0.8544146027661628,
                "f1-score": 0.8241932981694075,
                "support": 24872.0
            },
            "accuracy": 0.81868,
            "macro avg": {
                "precision": 0.82032790449558,
                "recall": 0.8188620291767776,
                "f1-score": 0.8185015053780634,
                "support": 50000.0
            },
            "weighted avg": {
                "precision": 0.8204522746461899,
                "recall": 0.81868,
                "f1-score": 0.8184723633989718,
                "support": 50000.0
            },
            "cross-entropy": 0.3595779805508206,
            "roc-auc": 0.914471356317923,
            "score": 0.81868
        },
        "val": {
            "0": {
                "precision": 0.8154466858789625,
                "recall": 0.7572254335260116,
                "f1-score": 0.7852583670977409,
                "support": 9342.0
            },
            "1": {
                "precision": 0.7698162996041815,
                "recall": 0.8257130415850207,
                "f1-score": 0.7967855454593205,
                "support": 9186.0
            },
            "accuracy": 0.7911809153713298,
            "macro avg": {
                "precision": 0.7926314927415721,
                "recall": 0.7914692375555161,
                "f1-score": 0.7910219562785307,
                "support": 18528.0
            },
            "weighted avg": {
                "precision": 0.7928235895749827,
                "recall": 0.7911809153713298,
                "f1-score": 0.7909734286494178,
                "support": 18528.0
            },
            "cross-entropy": 0.4061576303909655,
            "roc-auc": 0.8884000850567842,
            "score": 0.7911809153713298
        },
        "test": {
            "0": {
                "precision": 0.805143570536829,
                "recall": 0.7530241464667694,
                "f1-score": 0.7782121826431123,
                "support": 21411.0
            },
            "1": {
                "precision": 0.772157352751088,
                "recall": 0.8211978188150116,
                "f1-score": 0.7959228992716291,
                "support": 21823.0
            },
            "accuracy": 0.7874358144053292,
            "macro avg": {
                "precision": 0.7886504616439585,
                "recall": 0.7871109826408905,
                "f1-score": 0.7870675409573706,
                "support": 43234.0
            },
            "weighted avg": {
                "precision": 0.7884932899535328,
                "recall": 0.7874358144053292,
                "f1-score": 0.7871519284215303,
                "support": 43234.0
            },
            "cross-entropy": 0.4110520840317825,
            "roc-auc": 0.8848947818770603,
            "score": 0.7874358144053292
        }
    }
}