{
    "function": "bin.model.main",
    "gpus": [
        "NVIDIA A100-SXM4-40GB"
    ],
    "config": {
        "seed": 6,
        "batch_size": 64,
        "patience": 16,
        "n_epochs": -1,
        "gradient_clipping_norm": 1.0,
        "amp": true,
        "data": {
            "cache": true,
            "path": "data/classif-cat-medium-1-KDDCup09_upselling",
            "num_policy": "noisy-quantile",
            "cat_policy": "ordinal"
        },
        "optimizer": {
            "type": "AdamW",
            "lr": 0.0002865120072746809,
            "weight_decay": 0.0
        },
        "model": {
            "arch_type": "plain",
            "backbone": {
                "type": "MLP",
                "n_blocks": 5,
                "d_block": 752,
                "dropout": 0.40222970045126344
            },
            "num_embeddings": {
                "type": "PiecewiseLinearEmbeddings",
                "d_embedding": 28
            }
        },
        "bins": {
            "n_bins": 9
        }
    },
    "n_parameters": 3046298,
    "prediction_type": "probs",
    "epoch_size": 57,
    "best_step": 342,
    "metrics": {
        "train": {
            "0": {
                "precision": 0.7684563758389261,
                "recall": 0.8970341354224958,
                "f1-score": 0.8277820810741028,
                "support": 1787.0
            },
            "1": {
                "precision": 0.8775781769793746,
                "recall": 0.7319644839067703,
                "f1-score": 0.7981845688350985,
                "support": 1802.0
            },
            "accuracy": 0.8141543605461131,
            "macro avg": {
                "precision": 0.8230172764091503,
                "recall": 0.814499309664633,
                "f1-score": 0.8129833249546006,
                "support": 3589.0
            },
            "weighted avg": {
                "precision": 0.8232453102649746,
                "recall": 0.8141543605461131,
                "f1-score": 0.8129214744832178,
                "support": 3589.0
            },
            "cross-entropy": 0.3674177174402556,
            "roc-auc": 0.9099424441039521,
            "score": 0.8141543605461131
        },
        "val": {
            "0": {
                "precision": 0.7904411764705882,
                "recall": 0.9110169491525424,
                "f1-score": 0.8464566929133857,
                "support": 236.0
            },
            "1": {
                "precision": 0.8888888888888888,
                "recall": 0.7466666666666667,
                "f1-score": 0.8115942028985508,
                "support": 225.0
            },
            "accuracy": 0.8308026030368764,
            "macro avg": {
                "precision": 0.8396650326797386,
                "recall": 0.8288418079096045,
                "f1-score": 0.8290254479059682,
                "support": 461.0
            },
            "weighted avg": {
                "precision": 0.8384904938114074,
                "recall": 0.8308026030368764,
                "f1-score": 0.8294413778302234,
                "support": 461.0
            },
            "cross-entropy": 0.3544189542799504,
            "roc-auc": 0.9117608286252354,
            "score": 0.8308026030368764
        },
        "test": {
            "0": {
                "precision": 0.7504,
                "recall": 0.866913123844732,
                "f1-score": 0.804459691252144,
                "support": 541.0
            },
            "1": {
                "precision": 0.8410596026490066,
                "recall": 0.7094972067039106,
                "f1-score": 0.7696969696969698,
                "support": 537.0
            },
            "accuracy": 0.7884972170686456,
            "macro avg": {
                "precision": 0.7957298013245033,
                "recall": 0.7882051652743213,
                "f1-score": 0.7870783304745569,
                "support": 1078.0
            },
            "weighted avg": {
                "precision": 0.7955616016906462,
                "recall": 0.7884972170686456,
                "f1-score": 0.7871428253197428,
                "support": 1078.0
            },
            "cross-entropy": 0.3874468900965812,
            "roc-auc": 0.8926155784343086,
            "score": 0.7884972170686456
        }
    },
    "time": "0:00:05.341866",
    "chunk_size": null,
    "eval_batch_size": 32768
}