{
    "function": "bin.ensemble.main",
    "config": {
        "seeds": [
            0,
            1,
            2,
            3,
            4
        ],
        "data": {
            "path": "data/classif-cat-medium-2-KDDCup09_upselling"
        }
    },
    "single_model_function": "bin.model.main",
    "prediction_type": "probs",
    "metrics": {
        "train": {
            "0": {
                "precision": 0.7760919540229885,
                "recall": 0.9461883408071748,
                "f1-score": 0.852740591058348,
                "support": 1784.0
            },
            "1": {
                "precision": 0.9321074964639321,
                "recall": 0.7301939058171745,
                "f1-score": 0.8188878533706121,
                "support": 1805.0
            },
            "accuracy": 0.8375592086932293,
            "macro avg": {
                "precision": 0.8540997252434603,
                "recall": 0.8381911233121746,
                "f1-score": 0.83581422221448,
                "support": 3589.0
            },
            "weighted avg": {
                "precision": 0.8545561652533878,
                "recall": 0.8375592086932293,
                "f1-score": 0.8357151824413618,
                "support": 3589.0
            },
            "cross-entropy": 0.3120821180969417,
            "roc-auc": 0.9374880439238289,
            "score": 0.8375592086932293
        },
        "val": {
            "0": {
                "precision": 0.7864406779661017,
                "recall": 0.9392712550607287,
                "f1-score": 0.8560885608856088,
                "support": 247.0
            },
            "1": {
                "precision": 0.9090909090909091,
                "recall": 0.704225352112676,
                "f1-score": 0.7936507936507936,
                "support": 213.0
            },
            "accuracy": 0.8304347826086956,
            "macro avg": {
                "precision": 0.8477657935285055,
                "recall": 0.8217483035867024,
                "f1-score": 0.8248696772682012,
                "support": 460.0
            },
            "weighted avg": {
                "precision": 0.8432330675956321,
                "recall": 0.8304347826086956,
                "f1-score": 0.8271771599703573,
                "support": 460.0
            },
            "cross-entropy": 0.36850950674791855,
            "roc-auc": 0.911672463933398,
            "score": 0.8304347826086956
        },
        "test": {
            "0": {
                "precision": 0.7581395348837209,
                "recall": 0.9209039548022598,
                "f1-score": 0.8316326530612244,
                "support": 531.0
            },
            "1": {
                "precision": 0.9027777777777778,
                "recall": 0.7142857142857143,
                "f1-score": 0.7975460122699387,
                "support": 546.0
            },
            "accuracy": 0.8161559888579387,
            "macro avg": {
                "precision": 0.8304586563307493,
                "recall": 0.8175948345439871,
                "f1-score": 0.8145893326655815,
                "support": 1077.0
            },
            "weighted avg": {
                "precision": 0.8314658864344684,
                "recall": 0.8161559888579387,
                "f1-score": 0.8143519605152244,
                "support": 1077.0
            },
            "cross-entropy": 0.355584668899824,
            "roc-auc": 0.9115739878451743,
            "score": 0.8161559888579387
        }
    }
}