{
    "function": "bin.model.main",
    "gpus": [
        "NVIDIA A100-SXM4-80GB"
    ],
    "config": {
        "seed": 1,
        "batch_size": 512,
        "patience": 16,
        "n_epochs": -1,
        "gradient_clipping_norm": 1.0,
        "amp": true,
        "data": {
            "cache": true,
            "path": "data/regression-cat-large-0-particulate-matter-ukair-2017",
            "num_policy": "noisy-quantile",
            "cat_policy": "ordinal"
        },
        "optimizer": {
            "type": "AdamW",
            "lr": 0.0032578731276902756,
            "weight_decay": 0.0001031230998148069
        },
        "model": {
            "arch_type": "tabm-mini",
            "k": 32,
            "backbone": {
                "type": "MLP",
                "n_blocks": 3,
                "d_block": 448,
                "dropout": 0.15244120651105802
            }
        }
    },
    "n_parameters": 429600,
    "prediction_type": "labels",
    "epoch_size": 98,
    "best_step": 7350,
    "metrics": {
        "train": {
            "rmse": 0.3427230928406218,
            "mae": 0.23792392015457153,
            "r2": 0.7475842568837434,
            "score": -0.3427230928406218
        },
        "val": {
            "rmse": 0.37297410904382683,
            "mae": 0.2577872574329376,
            "r2": 0.6978432780834063,
            "score": -0.37297410904382683
        },
        "test": {
            "rmse": 0.3691823421096658,
            "mae": 0.2552504539489746,
            "r2": 0.7048900364993305,
            "score": -0.3691823421096658
        }
    },
    "time": "0:00:26.076376",
    "chunk_size": null,
    "eval_batch_size": 32768
}