{
    "function": "bin.model.main",
    "gpus": [
        "NVIDIA A100-SXM4-40GB"
    ],
    "config": {
        "seed": 6,
        "batch_size": 256,
        "patience": 16,
        "n_epochs": -1,
        "gradient_clipping_norm": 1.0,
        "amp": true,
        "data": {
            "cache": true,
            "path": "data/house",
            "num_policy": "noisy-quantile"
        },
        "optimizer": {
            "type": "AdamW",
            "lr": 0.0022457991084050876,
            "weight_decay": 0.00024364385518496796
        },
        "model": {
            "arch_type": "tabm-mini",
            "k": 32,
            "backbone": {
                "type": "MLP",
                "n_blocks": 5,
                "d_block": 800,
                "dropout": 0.0
            }
        }
    },
    "n_parameters": 2602944,
    "prediction_type": "labels",
    "epoch_size": 57,
    "best_step": 1767,
    "metrics": {
        "train": {
            "rmse": 9634.308693414385,
            "mae": 6439.6357421875,
            "r2": 0.9658188670931602,
            "score": -9634.308693414385
        },
        "val": {
            "rmse": 27855.33370828646,
            "mae": 14019.7958984375,
            "r2": 0.7396225865526617,
            "score": -27855.33370828646
        },
        "test": {
            "rmse": 30494.457463611318,
            "mae": 14368.6357421875,
            "r2": 0.67788597949821,
            "score": -30494.457463611318
        }
    },
    "time": "0:00:09.303822",
    "chunk_size": null,
    "eval_batch_size": 32768
}