{
    "function": "bin.model.main",
    "gpus": [
        "NVIDIA A100-SXM4-80GB"
    ],
    "config": {
        "seed": 6,
        "batch_size": 128,
        "patience": 16,
        "n_epochs": -1,
        "gradient_clipping_norm": 1.0,
        "amp": true,
        "data": {
            "cache": true,
            "path": "data/regression-num-medium-2-cpu_act",
            "num_policy": "noisy-quantile"
        },
        "optimizer": {
            "type": "AdamW",
            "lr": 0.0028238407606280954,
            "weight_decay": 0.004558474737842328
        },
        "model": {
            "arch_type": "tabm",
            "k": 32,
            "backbone": {
                "type": "MLP",
                "n_blocks": 4,
                "d_block": 336,
                "dropout": 0.0
            },
            "num_embeddings": {
                "type": "PiecewiseLinearEmbeddings",
                "d_embedding": 8
            }
        },
        "bins": {
            "n_bins": 71
        }
    },
    "n_parameters": 541832,
    "prediction_type": "labels",
    "epoch_size": 45,
    "best_step": 1980,
    "metrics": {
        "train": {
            "rmse": 1.581883025584215,
            "mae": 1.1734535694122314,
            "r2": 0.992437459089034,
            "score": -1.581883025584215
        },
        "val": {
            "rmse": 2.0816048763481922,
            "mae": 1.527985692024231,
            "r2": 0.9896612835533011,
            "score": -2.0816048763481922
        },
        "test": {
            "rmse": 2.189873960343088,
            "mae": 1.5639265775680542,
            "r2": 0.9854219217958474,
            "score": -2.189873960343088
        }
    },
    "time": "0:00:10.120280",
    "chunk_size": null,
    "eval_batch_size": 32768
}