{
    "function": "bin.model.main",
    "gpus": [
        "NVIDIA A100-SXM4-40GB"
    ],
    "config": {
        "seed": 8,
        "batch_size": 256,
        "patience": 16,
        "n_epochs": -1,
        "gradient_clipping_norm": 1.0,
        "amp": true,
        "data": {
            "cache": true,
            "path": "data/california",
            "num_policy": "noisy-quantile"
        },
        "optimizer": {
            "type": "AdamW",
            "lr": 0.0004493792293611738,
            "weight_decay": 0.0
        },
        "model": {
            "arch_type": "tabm-mini",
            "k": 32,
            "backbone": {
                "type": "MLP",
                "n_blocks": 4,
                "d_block": 736,
                "dropout": 0.22882588422851136
            },
            "num_embeddings": {
                "type": "PiecewiseLinearEmbeddings",
                "d_embedding": 24
            }
        },
        "bins": {
            "n_bins": 99
        }
    },
    "n_parameters": 1818464,
    "prediction_type": "labels",
    "epoch_size": 52,
    "best_step": 5876,
    "metrics": {
        "train": {
            "rmse": 0.2881179791751516,
            "mae": 0.20171159505844116,
            "r2": 0.9383713202169759,
            "score": -0.2881179791751516
        },
        "val": {
            "rmse": 0.43152694586077606,
            "mae": 0.27246326208114624,
            "r2": 0.8571824164868156,
            "score": -0.43152694586077606
        },
        "test": {
            "rmse": 0.426631009535401,
            "mae": 0.27508071064949036,
            "r2": 0.8604138630232019,
            "score": -0.426631009535401
        }
    },
    "time": "0:00:56.957880",
    "chunk_size": null,
    "eval_batch_size": 32768
}