{
    "function": "bin.model.main",
    "gpus": [
        "NVIDIA A100-SXM4-40GB"
    ],
    "config": {
        "seed": 10,
        "batch_size": 32,
        "patience": 16,
        "n_epochs": -1,
        "gradient_clipping_norm": 1.0,
        "amp": true,
        "data": {
            "cache": true,
            "path": "data/classif-num-medium-4-wine",
            "num_policy": "noisy-quantile"
        },
        "optimizer": {
            "type": "AdamW",
            "lr": 0.000142390168983552,
            "weight_decay": 0.00011108150135104204
        },
        "model": {
            "arch_type": "tabm",
            "k": 32,
            "backbone": {
                "type": "MLP",
                "n_blocks": 4,
                "d_block": 1024,
                "dropout": 0.04382579361986458
            },
            "num_embeddings": {
                "type": "PiecewiseLinearEmbeddings",
                "d_embedding": 20
            }
        },
        "bins": {
            "n_bins": 23
        }
    },
    "n_parameters": 3809596,
    "prediction_type": "probs",
    "epoch_size": 56,
    "best_step": 2968,
    "metrics": {
        "train": {
            "0": {
                "precision": 0.8947368421052632,
                "recall": 0.8509454949944383,
                "f1-score": 0.8722919042189282,
                "support": 899.0
            },
            "1": {
                "precision": 0.8562231759656652,
                "recall": 0.8986486486486487,
                "f1-score": 0.876923076923077,
                "support": 888.0
            },
            "accuracy": 0.8746502518186905,
            "macro avg": {
                "precision": 0.8754800090354642,
                "recall": 0.8747970718215434,
                "f1-score": 0.8746074905710026,
                "support": 1787.0
            },
            "weighted avg": {
                "precision": 0.8755985457807176,
                "recall": 0.8746502518186905,
                "f1-score": 0.8745932368217733,
                "support": 1787.0
            },
            "cross-entropy": 0.298715524473948,
            "roc-auc": 0.9493067873212477,
            "score": 0.8746502518186905
        },
        "val": {
            "0": {
                "precision": 0.8660714285714286,
                "recall": 0.8016528925619835,
                "f1-score": 0.8326180257510729,
                "support": 121.0
            },
            "1": {
                "precision": 0.7966101694915254,
                "recall": 0.8623853211009175,
                "f1-score": 0.828193832599119,
                "support": 109.0
            },
            "accuracy": 0.8304347826086956,
            "macro avg": {
                "precision": 0.831340799031477,
                "recall": 0.8320191068314504,
                "f1-score": 0.830405929175096,
                "support": 230.0
            },
            "weighted avg": {
                "precision": 0.8331528318770396,
                "recall": 0.8304347826086956,
                "f1-score": 0.8305213429094949,
                "support": 230.0
            },
            "cross-entropy": 0.47379084238190705,
            "roc-auc": 0.8677685950413223,
            "score": 0.8304347826086956
        },
        "test": {
            "0": {
                "precision": 0.7991452991452992,
                "recall": 0.7276264591439688,
                "f1-score": 0.7617107942973524,
                "support": 257.0
            },
            "1": {
                "precision": 0.768976897689769,
                "recall": 0.8321428571428572,
                "f1-score": 0.7993138936535163,
                "support": 280.0
            },
            "accuracy": 0.7821229050279329,
            "macro avg": {
                "precision": 0.784061098417534,
                "recall": 0.779884658143413,
                "f1-score": 0.7805123439754345,
                "support": 537.0
            },
            "weighted avg": {
                "precision": 0.7834150339543338,
                "recall": 0.7821229050279329,
                "f1-score": 0.7813176245016837,
                "support": 537.0
            },
            "cross-entropy": 0.45753044875181453,
            "roc-auc": 0.8582823790994998,
            "score": 0.7821229050279329
        }
    },
    "time": "0:00:17.315936",
    "chunk_size": null,
    "eval_batch_size": 32768
}