{
    "function": "bin.model.main",
    "gpus": [
        "NVIDIA A100-SXM4-80GB"
    ],
    "config": {
        "seed": 14,
        "batch_size": 512,
        "patience": 16,
        "n_epochs": -1,
        "gradient_clipping_norm": 1.0,
        "amp": true,
        "data": {
            "cache": true,
            "path": "data/black-friday",
            "num_policy": "noisy-quantile",
            "cat_policy": "ordinal"
        },
        "optimizer": {
            "type": "AdamW",
            "lr": 0.0015492842336801056,
            "weight_decay": 0.0
        },
        "model": {
            "arch_type": "tabm-mini",
            "k": 32,
            "share_training_batches": false,
            "backbone": {
                "type": "MLP",
                "n_blocks": 2,
                "d_block": 752,
                "dropout": 0.04438747828134609
            }
        }
    },
    "n_parameters": 609136,
    "prediction_type": "labels",
    "epoch_size": 209,
    "best_step": 30723,
    "metrics": {
        "train": {
            "rmse": 0.646124955960872,
            "mae": 0.4994714856147766,
            "r2": 0.5818147148681139,
            "score": -0.646124955960872
        },
        "val": {
            "rmse": 0.6853435682220239,
            "mae": 0.5298945307731628,
            "r2": 0.5289669589847423,
            "score": -0.6853435682220239
        },
        "test": {
            "rmse": 0.6863839236978316,
            "mae": 0.5316249132156372,
            "r2": 0.5324344269177164,
            "score": -0.6863839236978316
        }
    },
    "time": "0:01:26.307571",
    "chunk_size": null,
    "eval_batch_size": 32768
}