{
    "function": "bin.model.main",
    "gpus": [
        "NVIDIA A100-SXM4-40GB"
    ],
    "config": {
        "seed": 1,
        "batch_size": 256,
        "patience": 16,
        "n_epochs": -1,
        "gradient_clipping_norm": 1.0,
        "amp": true,
        "data": {
            "cache": true,
            "path": "data/regression-num-medium-1-pol",
            "num_policy": "noisy-quantile"
        },
        "optimizer": {
            "type": "AdamW",
            "lr": 0.001969020603988392,
            "weight_decay": 0.0
        },
        "model": {
            "arch_type": "tabm-mini",
            "k": 32,
            "backbone": {
                "type": "MLP",
                "n_blocks": 3,
                "d_block": 848,
                "dropout": 0.18773128072584913
            }
        }
    },
    "n_parameters": 1490800,
    "prediction_type": "labels",
    "epoch_size": 40,
    "best_step": 6680,
    "metrics": {
        "train": {
            "rmse": 1.801700382299489,
            "mae": 0.9904412031173706,
            "r2": 0.998119811104693,
            "score": -1.801700382299489
        },
        "val": {
            "rmse": 3.1514962533126316,
            "mae": 1.5223890542984009,
            "r2": 0.9944712414044826,
            "score": -3.1514962533126316
        },
        "test": {
            "rmse": 3.1015703407784234,
            "mae": 1.5054949522018433,
            "r2": 0.9945224774195468,
            "score": -3.1015703407784234
        }
    },
    "time": "0:00:21.886860",
    "chunk_size": null,
    "eval_batch_size": 32768
}