{
    "function": "bin.model.main",
    "gpus": [
        "NVIDIA A100-SXM4-80GB"
    ],
    "config": {
        "seed": 7,
        "batch_size": 128,
        "patience": 16,
        "n_epochs": -1,
        "gradient_clipping_norm": 1.0,
        "amp": true,
        "data": {
            "cache": true,
            "path": "data/regression-num-medium-0-isolet",
            "num_policy": "noisy-quantile"
        },
        "optimizer": {
            "type": "AdamW",
            "lr": 0.0022577382685831124,
            "weight_decay": 0.0028354378110456904
        },
        "model": {
            "arch_type": "tabm",
            "k": 32,
            "share_training_batches": false,
            "backbone": {
                "type": "MLP",
                "n_blocks": 5,
                "d_block": 864,
                "dropout": 0.0
            }
        }
    },
    "n_parameters": 3949984,
    "prediction_type": "labels",
    "epoch_size": 43,
    "best_step": 5461,
    "metrics": {
        "train": {
            "rmse": 0.04361955250608062,
            "mae": 0.03485794737935066,
            "r2": 0.9999660815627375,
            "score": -0.04361955250608062
        },
        "val": {
            "rmse": 2.214737824021252,
            "mae": 0.7075631022453308,
            "r2": 0.913449469737004,
            "score": -2.214737824021252
        },
        "test": {
            "rmse": 1.6968601036471709,
            "mae": 0.5836494565010071,
            "r2": 0.949132505610136,
            "score": -1.6968601036471709
        }
    },
    "time": "0:00:26.650389",
    "chunk_size": null,
    "eval_batch_size": 32768
}