{
    "function": "bin.model.main",
    "gpus": [
        "NVIDIA A100-SXM4-40GB"
    ],
    "config": {
        "seed": 14,
        "batch_size": 128,
        "patience": 16,
        "n_epochs": -1,
        "gradient_clipping_norm": 1.0,
        "amp": true,
        "data": {
            "cache": true,
            "path": "data/regression-num-medium-1-wine_quality",
            "num_policy": "noisy-quantile"
        },
        "optimizer": {
            "type": "AdamW",
            "lr": 0.0049963915658325295,
            "weight_decay": 0.0003348149257027816
        },
        "model": {
            "arch_type": "tabm-mini",
            "k": 32,
            "backbone": {
                "type": "MLP",
                "n_blocks": 4,
                "d_block": 880,
                "dropout": 0.017601876926595462
            },
            "num_embeddings": {
                "type": "PiecewiseLinearEmbeddings",
                "d_embedding": 24
            }
        },
        "bins": {
            "n_bins": 6
        }
    },
    "n_parameters": 2597792,
    "prediction_type": "labels",
    "epoch_size": 36,
    "best_step": 1656,
    "metrics": {
        "train": {
            "rmse": 0.11278705251131023,
            "mae": 0.07205940783023834,
            "r2": 0.9835576038330552,
            "score": -0.11278705251131023
        },
        "val": {
            "rmse": 0.6091753559258198,
            "mae": 0.42653802037239075,
            "r2": 0.48732479186851985,
            "score": -0.6091753559258198
        },
        "test": {
            "rmse": 0.6063551044789987,
            "mae": 0.41784265637397766,
            "r2": 0.5029873825256406,
            "score": -0.6063551044789987
        }
    },
    "time": "0:00:09.233641",
    "chunk_size": null,
    "eval_batch_size": 32768
}