{
    "function": "bin.model.main",
    "gpus": [
        "NVIDIA A100-SXM4-80GB"
    ],
    "config": {
        "seed": 11,
        "batch_size": 256,
        "patience": 16,
        "n_epochs": -1,
        "gradient_clipping_norm": 1.0,
        "amp": true,
        "data": {
            "cache": true,
            "path": "data/regression-num-medium-0-elevators",
            "num_policy": "noisy-quantile"
        },
        "optimizer": {
            "type": "AdamW",
            "lr": 0.0018105172770957899,
            "weight_decay": 0.0027631012943488205
        },
        "model": {
            "arch_type": "tabm",
            "k": 32,
            "share_training_batches": false,
            "backbone": {
                "type": "MLP",
                "n_blocks": 5,
                "d_block": 112,
                "dropout": 0.0
            }
        }
    },
    "n_parameters": 106272,
    "prediction_type": "labels",
    "epoch_size": 40,
    "best_step": 3200,
    "metrics": {
        "train": {
            "rmse": 0.0016451367080833224,
            "mae": 0.001251450041308999,
            "r2": 0.9387249782386502,
            "score": -0.0016451367080833224
        },
        "val": {
            "rmse": 0.0018984952731381187,
            "mae": 0.0013955052709206939,
            "r2": 0.920748101201196,
            "score": -0.0018984952731381187
        },
        "test": {
            "rmse": 0.0018477577701177664,
            "mae": 0.0013859736500307918,
            "r2": 0.9273630101117863,
            "score": -0.0018477577701177664
        }
    },
    "time": "0:00:15.382292",
    "chunk_size": null,
    "eval_batch_size": 32768
}