{
    "function": "bin.model.main",
    "gpus": [
        "NVIDIA A100-SXM4-80GB"
    ],
    "config": {
        "seed": 14,
        "batch_size": 1024,
        "patience": 16,
        "n_epochs": -1,
        "gradient_clipping_norm": 1.0,
        "amp": true,
        "data": {
            "cache": true,
            "path": "data/weather",
            "num_policy": "noisy-quantile"
        },
        "optimizer": {
            "type": "AdamW",
            "lr": 0.003694568815679726,
            "weight_decay": 0.00018570401280072093
        },
        "model": {
            "arch_type": "tabm-mini",
            "k": 32,
            "backbone": {
                "type": "MLP",
                "n_blocks": 2,
                "d_block": 896,
                "dropout": 0.0
            },
            "num_embeddings": {
                "type": "PiecewiseLinearEmbeddingsV2",
                "d_embedding": 8
            }
        },
        "bins": {
            "n_bins": 4
        }
    },
    "n_parameters": 1586080,
    "prediction_type": "labels",
    "epoch_size": 333,
    "best_step": 13320,
    "metrics": {
        "train": {
            "rmse": 1.1147604234186301,
            "mae": 0.8383461236953735,
            "r2": 0.9176812329077431,
            "score": -1.1147604234186301
        },
        "val": {
            "rmse": 1.5395253836015632,
            "mae": 1.1178170442581177,
            "r2": 0.8507585467762238,
            "score": -1.5395253836015632
        },
        "test": {
            "rmse": 1.4685664772466553,
            "mae": 1.0682698488235474,
            "r2": 0.8546299394737831,
            "score": -1.4685664772466553
        }
    },
    "time": "0:01:43.113232",
    "chunk_size": null,
    "eval_batch_size": 32768
}