{
    "function": "bin.ensemble.main",
    "config": {
        "seeds": [
            10,
            11,
            12,
            13,
            14
        ],
        "data": {
            "path": "data/regression-num-medium-2-Ailerons"
        }
    },
    "single_model_function": "bin.model.main",
    "prediction_type": "labels",
    "metrics": {
        "train": {
            "rmse": 0.00012899133015859132,
            "mae": 9.570309339324012e-05,
            "r2": 0.9008046434523932,
            "score": -0.00012899133015859132
        },
        "val": {
            "rmse": 0.00015328645406730465,
            "mae": 0.00011362555960658938,
            "r2": 0.8346815135720926,
            "score": -0.00015328645406730465
        },
        "test": {
            "rmse": 0.00015818477002600264,
            "mae": 0.00011555299715837464,
            "r2": 0.8543503009953783,
            "score": -0.00015818477002600264
        }
    }
}