{
    "function": "bin.model.main",
    "gpus": [
        "NVIDIA A100-SXM4-40GB"
    ],
    "config": {
        "seed": 14,
        "batch_size": 512,
        "patience": 16,
        "n_epochs": -1,
        "gradient_clipping_norm": 1.0,
        "amp": true,
        "data": {
            "cache": true,
            "path": "data/higgs-small",
            "num_policy": "noisy-quantile"
        },
        "optimizer": {
            "type": "AdamW",
            "lr": 0.0010049648226041472,
            "weight_decay": 0.0
        },
        "model": {
            "arch_type": "tabm-mini",
            "k": 32,
            "backbone": {
                "type": "MLP",
                "n_blocks": 3,
                "d_block": 880,
                "dropout": 0.42354756972032986
            },
            "num_embeddings": {
                "type": "PiecewiseLinearEmbeddings",
                "d_embedding": 24
            }
        },
        "bins": {
            "n_bins": 7
        }
    },
    "n_parameters": 2226736,
    "prediction_type": "probs",
    "epoch_size": 123,
    "best_step": 5904,
    "metrics": {
        "train": {
            "0": {
                "precision": 0.795749417371039,
                "recall": 0.7733418970995876,
                "f1-score": 0.7843856611407313,
                "support": 29582.0
            },
            "1": {
                "precision": 0.8028057173107465,
                "recall": 0.8229672284361904,
                "f1-score": 0.8127614595584405,
                "support": 33169.0
            },
            "accuracy": 0.7995729151726666,
            "macro avg": {
                "precision": 0.7992775673408927,
                "recall": 0.798154562767889,
                "f1-score": 0.7985735603495858,
                "support": 62751.0
            },
            "weighted avg": {
                "precision": 0.7994792449865377,
                "recall": 0.7995729151726666,
                "f1-score": 0.7993845752252398,
                "support": 62751.0
            },
            "cross-entropy": 0.4318772694506132,
            "roc-auc": 0.8893563512318285,
            "score": 0.7995729151726666
        },
        "val": {
            "0": {
                "precision": 0.7394034536891679,
                "recall": 0.7005137912385073,
                "f1-score": 0.719433451364299,
                "support": 7396.0
            },
            "1": {
                "precision": 0.7448450639327266,
                "recall": 0.7797877472262421,
                "f1-score": 0.7619159842102161,
                "support": 8292.0
            },
            "accuracy": 0.7424145843957165,
            "macro avg": {
                "precision": 0.7421242588109473,
                "recall": 0.7401507692323748,
                "f1-score": 0.7406747177872576,
                "support": 15688.0
            },
            "weighted avg": {
                "precision": 0.7422796541060209,
                "recall": 0.7424145843957165,
                "f1-score": 0.7418878854768911,
                "support": 15688.0
            },
            "cross-entropy": 0.5125576299914021,
            "roc-auc": 0.8228655070197395,
            "score": 0.7424145843957165
        },
        "test": {
            "0": {
                "precision": 0.7284663271080928,
                "recall": 0.6961600865332612,
                "f1-score": 0.7119469026548673,
                "support": 9245.0
            },
            "1": {
                "precision": 0.7393039443155452,
                "recall": 0.7685479980704293,
                "f1-score": 0.7536423841059602,
                "support": 10365.0
            },
            "accuracy": 0.7344212136664967,
            "macro avg": {
                "precision": 0.733885135711819,
                "recall": 0.7323540423018453,
                "f1-score": 0.7327946433804138,
                "support": 19610.0
            },
            "weighted avg": {
                "precision": 0.7341946240155505,
                "recall": 0.7344212136664967,
                "f1-score": 0.7339853353545398,
                "support": 19610.0
            },
            "cross-entropy": 0.5191195661657068,
            "roc-auc": 0.8174798909568202,
            "score": 0.7344212136664967
        }
    },
    "time": "0:00:46.252521",
    "chunk_size": null,
    "eval_batch_size": 32768
}