{
    "function": "bin.model.main",
    "gpus": [
        "NVIDIA A100-SXM4-80GB"
    ],
    "config": {
        "seed": 1,
        "batch_size": 128,
        "patience": 16,
        "n_epochs": -1,
        "gradient_clipping_norm": 1.0,
        "amp": true,
        "data": {
            "cache": true,
            "path": "data/regression-num-medium-2-cpu_act",
            "num_policy": "noisy-quantile"
        },
        "optimizer": {
            "type": "AdamW",
            "lr": 0.004264716312223565,
            "weight_decay": 0.06881656437841244
        },
        "model": {
            "arch_type": "tabm",
            "k": 32,
            "backbone": {
                "type": "MLP",
                "n_blocks": 4,
                "d_block": 560,
                "dropout": 0.058333000879372654
            }
        }
    },
    "n_parameters": 1168304,
    "prediction_type": "labels",
    "epoch_size": 45,
    "best_step": 3195,
    "metrics": {
        "train": {
            "rmse": 1.689033659089743,
            "mae": 1.2360165119171143,
            "r2": 0.9913782461141296,
            "score": -1.689033659089743
        },
        "val": {
            "rmse": 2.186979722412601,
            "mae": 1.5521405935287476,
            "r2": 0.9885880577504054,
            "score": -2.186979722412601
        },
        "test": {
            "rmse": 2.2137154424932874,
            "mae": 1.5677757263183594,
            "r2": 0.9851027674597435,
            "score": -2.2137154424932874
        }
    },
    "time": "0:00:14.938920",
    "chunk_size": null,
    "eval_batch_size": 32768
}