{
    "function": "bin.model.main",
    "gpus": [
        "NVIDIA A100-SXM4-40GB"
    ],
    "config": {
        "seed": 0,
        "batch_size": 64,
        "patience": 16,
        "n_epochs": -1,
        "gradient_clipping_norm": 1.0,
        "amp": true,
        "data": {
            "cache": true,
            "path": "data/regression-cat-medium-3-analcatdata_supreme",
            "num_policy": "noisy-quantile"
        },
        "optimizer": {
            "type": "AdamW",
            "lr": 0.0009540612762961273,
            "weight_decay": 0.0
        },
        "model": {
            "arch_type": "plain",
            "backbone": {
                "type": "MLP",
                "n_blocks": 5,
                "d_block": 928,
                "dropout": 0.44680023381317135
            },
            "num_embeddings": {
                "type": "PeriodicEmbeddings",
                "n_frequencies": 16,
                "d_embedding": 32,
                "frequency_init_scale": 0.5741005928278702,
                "lite": false
            }
        }
    },
    "n_parameters": 3521121,
    "prediction_type": "labels",
    "epoch_size": 45,
    "best_step": 1890,
    "metrics": {
        "train": {
            "rmse": 0.05729006996241736,
            "mae": 0.020216111093759537,
            "r2": 0.9892833247661977,
            "score": -0.05729006996241736
        },
        "val": {
            "rmse": 0.06608128273392248,
            "mae": 0.0220929142087698,
            "r2": 0.9853274065909431,
            "score": -0.06608128273392248
        },
        "test": {
            "rmse": 0.08786841482762235,
            "mae": 0.02321126125752926,
            "r2": 0.9732578113140813,
            "score": -0.08786841482762235
        }
    },
    "time": "0:00:10.229268",
    "chunk_size": null,
    "eval_batch_size": 32768
}