{
    "function": "bin.model.main",
    "gpus": [
        "NVIDIA A100-SXM4-40GB"
    ],
    "config": {
        "seed": 3,
        "batch_size": 256,
        "patience": 16,
        "n_epochs": -1,
        "gradient_clipping_norm": 1.0,
        "amp": true,
        "data": {
            "cache": true,
            "path": "data/regression-cat-medium-0-Brazilian_houses",
            "num_policy": "noisy-quantile",
            "cat_policy": "ordinal"
        },
        "optimizer": {
            "type": "AdamW",
            "lr": 0.0003401343595252545,
            "weight_decay": 0.0
        },
        "model": {
            "arch_type": "plain",
            "backbone": {
                "type": "MLP",
                "n_blocks": 3,
                "d_block": 864,
                "dropout": 0.0
            },
            "num_embeddings": {
                "type": "PeriodicEmbeddings",
                "n_frequencies": 60,
                "d_embedding": 24,
                "frequency_init_scale": 0.024318701439302298,
                "lite": false
            }
        }
    },
    "n_parameters": 1693825,
    "prediction_type": "labels",
    "epoch_size": 30,
    "best_step": 1050,
    "metrics": {
        "train": {
            "rmse": 0.03942759190438832,
            "mae": 0.016177218407392502,
            "r2": 0.997585305427128,
            "score": -0.03942759190438832
        },
        "val": {
            "rmse": 0.08412092773477803,
            "mae": 0.018826529383659363,
            "r2": 0.9890344224789644,
            "score": -0.08412092773477803
        },
        "test": {
            "rmse": 0.02641343326250682,
            "mae": 0.01653917506337166,
            "r2": 0.998858538148838,
            "score": -0.02641343326250682
        }
    },
    "time": "0:00:05.676501",
    "chunk_size": null,
    "eval_batch_size": 32768
}