{
    "function": "bin.model.main",
    "gpus": [
        "NVIDIA A100-SXM4-80GB"
    ],
    "config": {
        "seed": 0,
        "batch_size": 128,
        "patience": 16,
        "n_epochs": -1,
        "gradient_clipping_norm": 1.0,
        "amp": true,
        "data": {
            "cache": true,
            "path": "data/regression-num-medium-1-isolet",
            "num_policy": "noisy-quantile"
        },
        "optimizer": {
            "type": "AdamW",
            "lr": 0.000761719693328702,
            "weight_decay": 0.0
        },
        "model": {
            "arch_type": "plain",
            "backbone": {
                "type": "MLP",
                "n_blocks": 4,
                "d_block": 896,
                "dropout": 0.12903889725330372
            }
        }
    },
    "n_parameters": 2962177,
    "prediction_type": "labels",
    "epoch_size": 43,
    "best_step": 2494,
    "metrics": {
        "train": {
            "rmse": 0.6366552543574306,
            "mae": 0.38340896368026733,
            "r2": 0.9928315001841744,
            "score": -0.6366552543574306
        },
        "val": {
            "rmse": 2.1300933607890267,
            "mae": 0.7741029858589172,
            "r2": 0.9177080212384359,
            "score": -2.1300933607890267
        },
        "test": {
            "rmse": 2.4972617412019598,
            "mae": 0.8866026997566223,
            "r2": 0.8881524995272441,
            "score": -2.4972617412019598
        }
    },
    "time": "0:00:09.168450",
    "chunk_size": null,
    "eval_batch_size": 32768
}