{
    "function": "bin.ensemble.main",
    "config": {
        "seeds": [
            0,
            1,
            2,
            3,
            4
        ],
        "data": {
            "path": "data/regression-num-medium-2-isolet"
        }
    },
    "single_model_function": "bin.model.main",
    "prediction_type": "labels",
    "metrics": {
        "train": {
            "rmse": 0.3172048920997978,
            "mae": 0.2085847407579422,
            "r2": 0.9982181492365513,
            "score": -0.3172048920997978
        },
        "val": {
            "rmse": 2.404830910494301,
            "mae": 0.8954733610153198,
            "r2": 0.894541003523819,
            "score": -2.404830910494301
        },
        "test": {
            "rmse": 1.876005411795027,
            "mae": 0.7757959365844727,
            "r2": 0.9372940840307705,
            "score": -1.876005411795027
        }
    }
}