{
    "function": "bin.model.main",
    "gpus": [
        "NVIDIA A100-SXM4-80GB"
    ],
    "config": {
        "seed": 11,
        "batch_size": 256,
        "patience": 16,
        "n_epochs": -1,
        "gradient_clipping_norm": 1.0,
        "amp": true,
        "data": {
            "cache": true,
            "path": "data/classif-num-medium-2-MagicTelescope",
            "num_policy": "noisy-quantile"
        },
        "optimizer": {
            "type": "AdamW",
            "lr": 0.002198739663718708,
            "weight_decay": 0.0
        },
        "model": {
            "arch_type": "tabm-mini",
            "k": 32,
            "share_training_batches": false,
            "backbone": {
                "type": "MLP",
                "n_blocks": 2,
                "d_block": 544,
                "dropout": 0.0
            },
            "num_embeddings": {
                "type": "PiecewiseLinearEmbeddings",
                "d_embedding": 8
            }
        },
        "bins": {
            "n_bins": 9
        }
    },
    "n_parameters": 378864,
    "prediction_type": "probs",
    "epoch_size": 37,
    "best_step": 962,
    "metrics": {
        "train": {
            "0": {
                "precision": 0.8698712791633145,
                "recall": 0.9269181311615945,
                "f1-score": 0.8974891056235732,
                "support": 4666.0
            },
            "1": {
                "precision": 0.922341152357094,
                "recall": 0.8622525015967639,
                "f1-score": 0.8912852112676056,
                "support": 4697.0
            },
            "accuracy": 0.8944782655131902,
            "macro avg": {
                "precision": 0.8961062157602042,
                "recall": 0.8945853163791793,
                "f1-score": 0.8943871584455894,
                "support": 9363.0
            },
            "weighted avg": {
                "precision": 0.8961930771331086,
                "recall": 0.8944782655131902,
                "f1-score": 0.8943768881943327,
                "support": 9363.0
            },
            "cross-entropy": 0.2531336394855528,
            "roc-auc": 0.9603748404947171,
            "score": 0.8944782655131902
        },
        "val": {
            "0": {
                "precision": 0.8455538221528861,
                "recall": 0.9033333333333333,
                "f1-score": 0.8734891216760677,
                "support": 600.0
            },
            "1": {
                "precision": 0.896797153024911,
                "recall": 0.835820895522388,
                "f1-score": 0.865236051502146,
                "support": 603.0
            },
            "accuracy": 0.8694929343308395,
            "macro avg": {
                "precision": 0.8711754875888986,
                "recall": 0.8695771144278607,
                "f1-score": 0.8693625865891068,
                "support": 1203.0
            },
            "weighted avg": {
                "precision": 0.8712393820164197,
                "recall": 0.8694929343308395,
                "f1-score": 0.8693522959779174,
                "support": 1203.0
            },
            "cross-entropy": 0.3283307258265082,
            "roc-auc": 0.9311940298507464,
            "score": 0.8694929343308395
        },
        "test": {
            "0": {
                "precision": 0.8416230366492147,
                "recall": 0.9043600562587905,
                "f1-score": 0.8718644067796609,
                "support": 1422.0
            },
            "1": {
                "precision": 0.8939157566302652,
                "recall": 0.8256484149855908,
                "f1-score": 0.8584269662921349,
                "support": 1388.0
            },
            "accuracy": 0.8654804270462634,
            "macro avg": {
                "precision": 0.86776939663974,
                "recall": 0.8650042356221906,
                "f1-score": 0.865145686535898,
                "support": 2810.0
            },
            "weighted avg": {
                "precision": 0.8674530349886089,
                "recall": 0.8654804270462634,
                "f1-score": 0.8652269806598438,
                "support": 2810.0
            },
            "cross-entropy": 0.297358724057954,
            "roc-auc": 0.9432502624464467,
            "score": 0.8654804270462634
        }
    },
    "time": "0:00:05.094396",
    "chunk_size": null,
    "eval_batch_size": 32768
}