{
    "function": "bin.model.main",
    "gpus": [
        "NVIDIA A100-SXM4-40GB"
    ],
    "config": {
        "seed": 5,
        "batch_size": 1024,
        "patience": 16,
        "n_epochs": -1,
        "gradient_clipping_norm": 1.0,
        "amp": true,
        "data": {
            "cache": true,
            "path": "data/ecom-offers",
            "num_policy": "noisy-quantile"
        },
        "optimizer": {
            "type": "AdamW",
            "lr": 7.247212783875454e-05,
            "weight_decay": 0.0
        },
        "model": {
            "arch_type": "plain",
            "backbone": {
                "type": "MLP",
                "n_blocks": 1,
                "d_block": 640,
                "dropout": 0.0
            },
            "num_embeddings": {
                "type": "PiecewiseLinearEmbeddingsV2",
                "d_embedding": 16
            }
        },
        "bins": {
            "n_bins": 119
        }
    },
    "n_parameters": 1275906,
    "prediction_type": "probs",
    "epoch_size": 107,
    "best_step": 4066,
    "metrics": {
        "train": {
            "0": {
                "precision": 0.7978369302187762,
                "recall": 0.9595861200536951,
                "f1-score": 0.871268012770731,
                "support": 84179.0
            },
            "1": {
                "precision": 0.579792490118577,
                "recall": 0.1865511485573484,
                "f1-score": 0.282277948162848,
                "support": 25162.0
            },
            "accuracy": 0.7816921374415818,
            "macro avg": {
                "precision": 0.6888147101686766,
                "recall": 0.5730686343055218,
                "f1-score": 0.5767729804667895,
                "support": 109341.0
            },
            "weighted avg": {
                "precision": 0.7476596481214731,
                "recall": 0.7816921374415818,
                "f1-score": 0.7357272000320186,
                "support": 109341.0
            },
            "cross-entropy": 0.48635605396236586,
            "roc-auc": 0.7126135983013302,
            "score": 0.7126135983013302
        },
        "val": {
            "0": {
                "precision": 0.6799110864128924,
                "recall": 0.9461270782317309,
                "f1-score": 0.7912265574477257,
                "support": 15518.0
            },
            "1": {
                "precision": 0.6865391826021747,
                "recall": 0.20942468260322544,
                "f1-score": 0.3209465381244523,
                "support": 8743.0
            },
            "accuracy": 0.6806397098223487,
            "macro avg": {
                "precision": 0.6832251345075335,
                "recall": 0.5777758804174782,
                "f1-score": 0.556086547786089,
                "support": 24261.0
            },
            "weighted avg": {
                "precision": 0.6822996707656765,
                "recall": 0.6806397098223487,
                "f1-score": 0.6217505173445405,
                "support": 24261.0
            },
            "cross-entropy": 0.7012063397602716,
            "roc-auc": 0.6372886610431718,
            "score": 0.6372886610431718
        },
        "test": {
            "0": {
                "precision": 0.6612572805784294,
                "recall": 0.9728164519560336,
                "f1-score": 0.7873352942583159,
                "support": 16922.0
            },
            "1": {
                "precision": 0.7051282051282052,
                "recall": 0.11538864995279555,
                "f1-score": 0.1983232669250879,
                "support": 9533.0
            },
            "accuracy": 0.6638442638442639,
            "macro avg": {
                "precision": 0.6831927428533173,
                "recall": 0.5441025509544146,
                "f1-score": 0.49282928059170195,
                "support": 26455.0
            },
            "weighted avg": {
                "precision": 0.6770660699843267,
                "recall": 0.6638442638442639,
                "f1-score": 0.5750861293908934,
                "support": 26455.0
            },
            "cross-entropy": 0.7876120690523303,
            "roc-auc": 0.5931454144327842,
            "score": 0.5931454144327842
        }
    },
    "time": "0:00:19.342953",
    "chunk_size": null,
    "eval_batch_size": 32768
}