{
    "function": "bin.model.main",
    "gpus": [
        "NVIDIA A100-SXM4-80GB"
    ],
    "config": {
        "seed": 9,
        "batch_size": 256,
        "patience": 16,
        "n_epochs": -1,
        "gradient_clipping_norm": 1.0,
        "amp": true,
        "data": {
            "cache": true,
            "path": "data/regression-num-medium-1-pol",
            "num_policy": "noisy-quantile"
        },
        "optimizer": {
            "type": "AdamW",
            "lr": 0.002257251598817944,
            "weight_decay": 0.0
        },
        "model": {
            "arch_type": "tabm-mini",
            "k": 32,
            "share_training_batches": false,
            "backbone": {
                "type": "MLP",
                "n_blocks": 4,
                "d_block": 304,
                "dropout": 0.0
            },
            "num_embeddings": {
                "type": "PiecewiseLinearEmbeddings",
                "d_embedding": 28
            }
        },
        "bins": {
            "n_bins": 23
        }
    },
    "n_parameters": 551032,
    "prediction_type": "labels",
    "epoch_size": 40,
    "best_step": 2760,
    "metrics": {
        "train": {
            "rmse": 1.3914661649455122,
            "mae": 0.824665904045105,
            "r2": 0.998878545563843,
            "score": -1.3914661649455122
        },
        "val": {
            "rmse": 2.2023342147247242,
            "mae": 1.1555215120315552,
            "r2": 0.9973000204260337,
            "score": -2.2023342147247242
        },
        "test": {
            "rmse": 2.2876897347563907,
            "mae": 1.1604620218276978,
            "r2": 0.9970200074582989,
            "score": -2.2876897347563907
        }
    },
    "time": "0:00:11.323759",
    "chunk_size": null,
    "eval_batch_size": 32768
}