{
    "function": "bin.model.main",
    "gpus": [
        "NVIDIA A100-SXM4-40GB"
    ],
    "config": {
        "seed": 1,
        "batch_size": 256,
        "patience": 16,
        "n_epochs": -1,
        "gradient_clipping_norm": 1.0,
        "amp": true,
        "data": {
            "cache": true,
            "path": "data/regression-num-medium-1-Ailerons",
            "num_policy": "noisy-quantile"
        },
        "optimizer": {
            "type": "AdamW",
            "lr": 0.0018187296480529221,
            "weight_decay": 0.04164497088710798
        },
        "model": {
            "arch_type": "tabm-mini",
            "k": 32,
            "backbone": {
                "type": "MLP",
                "n_blocks": 3,
                "d_block": 144,
                "dropout": 0.0
            }
        }
    },
    "n_parameters": 52352,
    "prediction_type": "labels",
    "epoch_size": 38,
    "best_step": 2888,
    "metrics": {
        "train": {
            "rmse": 0.00013947268452727262,
            "mae": 0.00010241043491987512,
            "r2": 0.8826554718973274,
            "score": -0.00013947268452727262
        },
        "val": {
            "rmse": 0.00014574279052529068,
            "mae": 0.00010796907736221328,
            "r2": 0.8696033226608247,
            "score": -0.00014574279052529068
        },
        "test": {
            "rmse": 0.000158073226062182,
            "mae": 0.00011232076212763786,
            "r2": 0.8525344339372495,
            "score": -0.000158073226062182
        }
    },
    "time": "0:00:19.224430",
    "chunk_size": null,
    "eval_batch_size": 32768
}