{
    "function": "bin.ensemble.main",
    "config": {
        "seeds": [
            10,
            11,
            12,
            13,
            14
        ],
        "data": {
            "path": "data/regression-num-medium-1-pol"
        }
    },
    "single_model_function": "bin.model.main",
    "prediction_type": "labels",
    "metrics": {
        "train": {
            "rmse": 1.8504418953671262,
            "mae": 0.8818050026893616,
            "r2": 0.9980167054294682,
            "score": -1.8504418953671262
        },
        "val": {
            "rmse": 2.3157822281436644,
            "mae": 1.1016229391098022,
            "r2": 0.9970146897614288,
            "score": -2.3157822281436644
        },
        "test": {
            "rmse": 2.41944418711417,
            "mae": 1.1195069551467896,
            "r2": 0.9966668708086914,
            "score": -2.41944418711417
        }
    }
}