{
    "function": "bin.ensemble.main",
    "config": {
        "seeds": [
            0,
            1,
            2,
            3,
            4
        ],
        "data": {
            "path": "data/regression-num-medium-1-isolet"
        }
    },
    "single_model_function": "bin.model.main",
    "prediction_type": "labels",
    "metrics": {
        "train": {
            "rmse": 0.15855461680731897,
            "mae": 0.10970333963632584,
            "r2": 0.9995553918343961,
            "score": -0.15855461680731897
        },
        "val": {
            "rmse": 2.140772904903996,
            "mae": 0.6837297081947327,
            "r2": 0.9168807841441782,
            "score": -2.140772904903996
        },
        "test": {
            "rmse": 1.9073505039053322,
            "mae": 0.6110745072364807,
            "r2": 0.9347532141420044,
            "score": -1.9073505039053322
        }
    }
}