{
    "function": "bin.model.main",
    "gpus": [
        "NVIDIA A100-SXM4-40GB"
    ],
    "config": {
        "seed": 5,
        "batch_size": 256,
        "patience": 16,
        "n_epochs": -1,
        "gradient_clipping_norm": 1.0,
        "amp": true,
        "data": {
            "cache": true,
            "path": "data/regression-cat-medium-1-Brazilian_houses",
            "num_policy": "noisy-quantile",
            "cat_policy": "ordinal"
        },
        "optimizer": {
            "type": "AdamW",
            "lr": 0.0010281855062332884,
            "weight_decay": 0.05873008839313933
        },
        "model": {
            "arch_type": "tabm",
            "k": 32,
            "backbone": {
                "type": "MLP",
                "n_blocks": 2,
                "d_block": 128,
                "dropout": 0.0
            }
        }
    },
    "n_parameters": 43712,
    "prediction_type": "labels",
    "epoch_size": 30,
    "best_step": 3690,
    "metrics": {
        "train": {
            "rmse": 0.038902947793659326,
            "mae": 0.011761859990656376,
            "r2": 0.9976594341186059,
            "score": -0.038902947793659326
        },
        "val": {
            "rmse": 0.024856835510793554,
            "mae": 0.011656731367111206,
            "r2": 0.9990025742269885,
            "score": -0.024856835510793554
        },
        "test": {
            "rmse": 0.032252572140724606,
            "mae": 0.011571908369660378,
            "r2": 0.9983050939001711,
            "score": -0.032252572140724606
        }
    },
    "time": "0:00:51.686614",
    "chunk_size": null,
    "eval_batch_size": 32768
}