{
    "function": "bin.model.main",
    "gpus": [
        "NVIDIA A100-SXM4-80GB"
    ],
    "config": {
        "seed": 0,
        "batch_size": 256,
        "patience": 16,
        "n_epochs": -1,
        "gradient_clipping_norm": 1.0,
        "amp": true,
        "data": {
            "cache": true,
            "path": "data/regression-num-medium-1-elevators",
            "num_policy": "noisy-quantile"
        },
        "optimizer": {
            "type": "AdamW",
            "lr": 0.0004399589403850317,
            "weight_decay": 0.00013691625534998188
        },
        "model": {
            "arch_type": "plain",
            "backbone": {
                "type": "MLP",
                "n_blocks": 2,
                "d_block": 160,
                "dropout": 0.15718378830523938
            }
        }
    },
    "n_parameters": 28641,
    "prediction_type": "labels",
    "epoch_size": 40,
    "best_step": 5160,
    "metrics": {
        "train": {
            "rmse": 0.0017078167628539116,
            "mae": 0.0012705149129033089,
            "r2": 0.9355250914870915,
            "score": -0.0017078167628539116
        },
        "val": {
            "rmse": 0.0019110532189245968,
            "mae": 0.0014198232674971223,
            "r2": 0.918705902264336,
            "score": -0.0019110532189245968
        },
        "test": {
            "rmse": 0.0018908619020522345,
            "mae": 0.0013978836359456182,
            "r2": 0.9204238015138835,
            "score": -0.0018908619020522345
        }
    },
    "time": "0:00:10.905663",
    "chunk_size": null,
    "eval_batch_size": 32768
}