{
    "function": "bin.model.main",
    "gpus": [
        "NVIDIA A100-SXM4-80GB"
    ],
    "config": {
        "seed": 13,
        "batch_size": 256,
        "patience": 16,
        "n_epochs": -1,
        "gradient_clipping_norm": 1.0,
        "amp": true,
        "data": {
            "cache": true,
            "path": "data/regression-cat-medium-0-OnlineNewsPopularity",
            "num_policy": "noisy-quantile"
        },
        "optimizer": {
            "type": "AdamW",
            "lr": 9.40157553655671e-05,
            "weight_decay": 0.0001396504834569923
        },
        "model": {
            "arch_type": "plain",
            "backbone": {
                "type": "MLP",
                "n_blocks": 1,
                "d_block": 848,
                "dropout": 0.0
            },
            "num_embeddings": {
                "type": "PeriodicEmbeddings",
                "n_frequencies": 64,
                "d_embedding": 32,
                "frequency_init_scale": 0.0664208663920997,
                "lite": true
            }
        }
    },
    "n_parameters": 1253569,
    "prediction_type": "labels",
    "epoch_size": 40,
    "best_step": 1000,
    "metrics": {
        "train": {
            "rmse": 0.8059046530565932,
            "mae": 0.5954180955886841,
            "r2": 0.24981186014970713,
            "score": -0.8059046530565932
        },
        "val": {
            "rmse": 0.8440346414317896,
            "mae": 0.6269291043281555,
            "r2": 0.15513709801395348,
            "score": -0.8440346414317896
        },
        "test": {
            "rmse": 0.8596743322464304,
            "mae": 0.6347141265869141,
            "r2": 0.15303667746200011,
            "score": -0.8596743322464304
        }
    },
    "time": "0:00:04.854580",
    "chunk_size": null,
    "eval_batch_size": 32768
}