{
    "function": "bin.model.main",
    "gpus": [
        "NVIDIA A100-SXM4-40GB"
    ],
    "config": {
        "seed": 9,
        "batch_size": 512,
        "patience": 16,
        "n_epochs": -1,
        "gradient_clipping_norm": 1.0,
        "amp": true,
        "data": {
            "cache": true,
            "path": "data/otto"
        },
        "optimizer": {
            "type": "AdamW",
            "lr": 0.0029765984372315023,
            "weight_decay": 0.00019650475164070602
        },
        "model": {
            "arch_type": "tabm-mini",
            "k": 32,
            "backbone": {
                "type": "MLP",
                "n_blocks": 2,
                "d_block": 1008,
                "dropout": 0.12415331337383112
            },
            "num_embeddings": {
                "type": "PiecewiseLinearEmbeddingsV2",
                "d_embedding": 20
            }
        },
        "bins": {
            "n_bins": 50
        }
    },
    "n_parameters": 3270972,
    "prediction_type": "probs",
    "epoch_size": 78,
    "best_step": 3822,
    "metrics": {
        "train": {
            "0": {
                "precision": 1.0,
                "recall": 0.9910931174089069,
                "f1-score": 0.9955266368442457,
                "support": 1235.0
            },
            "1": {
                "precision": 0.9907026815423762,
                "recall": 0.9811009885636751,
                "f1-score": 0.9858784573432021,
                "support": 10318.0
            },
            "2": {
                "precision": 0.9582225598176984,
                "recall": 0.9851620460757516,
                "f1-score": 0.9715055833654216,
                "support": 5122.0
            },
            "3": {
                "precision": 0.9982352941176471,
                "recall": 0.9854819976771196,
                "f1-score": 0.9918176504967856,
                "support": 1722.0
            },
            "4": {
                "precision": 1.0,
                "recall": 1.0,
                "f1-score": 1.0,
                "support": 1753.0
            },
            "5": {
                "precision": 0.9998894294559929,
                "recall": 0.9996683617068317,
                "f1-score": 0.9997788833609729,
                "support": 9046.0
            },
            "6": {
                "precision": 0.9983425414364641,
                "recall": 0.9944964226747386,
                "f1-score": 0.996415770609319,
                "support": 1817.0
            },
            "7": {
                "precision": 0.9992603550295858,
                "recall": 0.9976001476832195,
                "f1-score": 0.9984295612009237,
                "support": 5417.0
            },
            "8": {
                "precision": 0.9965387035871618,
                "recall": 0.9987385682749921,
                "f1-score": 0.9976374232162546,
                "support": 3171.0
            },
            "accuracy": 0.9914901138860129,
            "macro avg": {
                "precision": 0.9934657294429918,
                "recall": 0.992593516673915,
                "f1-score": 0.9929988851596805,
                "support": 39601.0
            },
            "weighted avg": {
                "precision": 0.9916177153337086,
                "recall": 0.9914901138860129,
                "f1-score": 0.9915209047157293,
                "support": 39601.0
            },
            "cross-entropy": 0.06362005508693382,
            "score": 0.9914901138860129
        },
        "val": {
            "0": {
                "precision": 0.7319148936170212,
                "recall": 0.5584415584415584,
                "f1-score": 0.6335174953959485,
                "support": 308.0
            },
            "1": {
                "precision": 0.7866032210834554,
                "recall": 0.8329457364341085,
                "f1-score": 0.8091114457831327,
                "support": 2580.0
            },
            "2": {
                "precision": 0.6339969372128637,
                "recall": 0.6463700234192038,
                "f1-score": 0.6401236954000772,
                "support": 1281.0
            },
            "3": {
                "precision": 0.8087774294670846,
                "recall": 0.5986078886310905,
                "f1-score": 0.6880000000000001,
                "support": 431.0
            },
            "4": {
                "precision": 0.9769585253456221,
                "recall": 0.9680365296803652,
                "f1-score": 0.9724770642201834,
                "support": 438.0
            },
            "5": {
                "precision": 0.9496659242761692,
                "recall": 0.9425287356321839,
                "f1-score": 0.9460838695362769,
                "support": 2262.0
            },
            "6": {
                "precision": 0.7908653846153846,
                "recall": 0.724669603524229,
                "f1-score": 0.7563218390804597,
                "support": 454.0
            },
            "7": {
                "precision": 0.9189383070301291,
                "recall": 0.9460856720827179,
                "f1-score": 0.9323144104803492,
                "support": 1354.0
            },
            "8": {
                "precision": 0.8621951219512195,
                "recall": 0.8915510718789408,
                "f1-score": 0.8766274023558586,
                "support": 793.0
            },
            "accuracy": 0.8362791637208363,
            "macro avg": {
                "precision": 0.828879527177661,
                "recall": 0.7899152021915997,
                "f1-score": 0.8060641358058096,
                "support": 9901.0
            },
            "weighted avg": {
                "precision": 0.8361445798560674,
                "recall": 0.8362791637208363,
                "f1-score": 0.8348685381608473,
                "support": 9901.0
            },
            "cross-entropy": 0.44973031371333533,
            "score": 0.8362791637208363
        },
        "test": {
            "0": {
                "precision": 0.740484429065744,
                "recall": 0.5544041450777202,
                "f1-score": 0.634074074074074,
                "support": 386.0
            },
            "1": {
                "precision": 0.7944675788221297,
                "recall": 0.8284739454094293,
                "f1-score": 0.8111144852717886,
                "support": 3224.0
            },
            "2": {
                "precision": 0.6213414634146341,
                "recall": 0.636477201748907,
                "f1-score": 0.6288182659672942,
                "support": 1601.0
            },
            "3": {
                "precision": 0.766109785202864,
                "recall": 0.5966542750929368,
                "f1-score": 0.6708463949843261,
                "support": 538.0
            },
            "4": {
                "precision": 0.981549815498155,
                "recall": 0.9708029197080292,
                "f1-score": 0.9761467889908256,
                "support": 548.0
            },
            "5": {
                "precision": 0.9483368719037509,
                "recall": 0.948001414927485,
                "f1-score": 0.9481691137449143,
                "support": 2827.0
            },
            "6": {
                "precision": 0.7794970986460348,
                "recall": 0.7095070422535211,
                "f1-score": 0.7428571428571428,
                "support": 568.0
            },
            "7": {
                "precision": 0.9215686274509803,
                "recall": 0.9438865918487891,
                "f1-score": 0.9325941056317479,
                "support": 1693.0
            },
            "8": {
                "precision": 0.8557784145176696,
                "recall": 0.9041372351160444,
                "f1-score": 0.8792934249263985,
                "support": 991.0
            },
            "accuracy": 0.8350032320620556,