{
    "function": "bin.ensemble.main",
    "config": {
        "seeds": [
            10,
            11,
            12,
            13,
            14
        ],
        "data": {
            "path": "data/adult"
        }
    },
    "single_model_function": "bin.model.main",
    "prediction_type": "probs",
    "metrics": {
        "train": {
            "0": {
                "precision": 0.9034855131851709,
                "recall": 0.9477117572692794,
                "f1-score": 0.9250703391085443,
                "support": 19775.0
            },
            "1": {
                "precision": 0.8050895381715363,
                "recall": 0.6808544556033795,
                "f1-score": 0.7377785455173604,
                "support": 6273.0
            },
            "accuracy": 0.8834459459459459,
            "macro avg": {
                "precision": 0.8542875256783535,
                "recall": 0.8142831064363294,
                "f1-score": 0.8314244423129524,
                "support": 26048.0
            },
            "weighted avg": {
                "precision": 0.8797893387663852,
                "recall": 0.8834459459459459,
                "f1-score": 0.8799658619434069,
                "support": 26048.0
            },
            "cross-entropy": 0.2606746333772361,
            "roc-auc": 0.9401935773949843,
            "score": 0.8834459459459459
        },
        "val": {
            "0": {
                "precision": 0.8861223701988034,
                "recall": 0.928412537917088,
                "f1-score": 0.9067746395417736,
                "support": 4945.0
            },
            "1": {
                "precision": 0.7342342342342343,
                "recall": 0.6237244897959183,
                "f1-score": 0.6744827586206896,
                "support": 1568.0
            },
            "accuracy": 0.8550591125441425,
            "macro avg": {
                "precision": 0.8101783022165188,
                "recall": 0.7760685138565031,
                "f1-score": 0.7906286990812317,
                "support": 6513.0
            },
            "weighted avg": {
                "precision": 0.8495554122389625,
                "recall": 0.8550591125441425,
                "f1-score": 0.8508505386229559,
                "support": 6513.0
            },
            "cross-entropy": 0.30606606517716456,
            "roc-auc": 0.9148534388477333,
            "score": 0.8550591125441425
        },
        "test": {
            "0": {
                "precision": 0.8885228317499234,
                "recall": 0.9326095697627664,
                "f1-score": 0.9100325656216895,
                "support": 12435.0
            },
            "1": {
                "precision": 0.7404769278414369,
                "recall": 0.6216848673946958,
                "f1-score": 0.6759010600706713,
                "support": 3846.0
            },
            "accuracy": 0.8591609851974694,
            "macro avg": {
                "precision": 0.8144998797956802,
                "recall": 0.7771472185787311,
                "f1-score": 0.7929668128461804,
                "support": 16281.0
            },
            "weighted avg": {
                "precision": 0.8535504991885305,
                "recall": 0.8591609851974694,
                "f1-score": 0.8547245519647142,
                "support": 16281.0
            },
            "cross-entropy": 0.30901587963011307,
            "roc-auc": 0.9108750839780273,
            "score": 0.8591609851974694
        }
    }
}