{
    "function": "bin.model.main",
    "gpus": [
        "NVIDIA A100-SXM4-80GB"
    ],
    "config": {
        "seed": 11,
        "batch_size": 64,
        "patience": 16,
        "n_epochs": -1,
        "gradient_clipping_norm": 1.0,
        "amp": true,
        "data": {
            "cache": true,
            "path": "data/regression-cat-medium-2-analcatdata_supreme",
            "num_policy": "noisy-quantile"
        },
        "optimizer": {
            "type": "AdamW",
            "lr": 0.0013167362722733837,
            "weight_decay": 0.0
        },
        "model": {
            "arch_type": "tabm",
            "k": 32,
            "share_training_batches": false,
            "backbone": {
                "type": "MLP",
                "n_blocks": 4,
                "d_block": 96,
                "dropout": 0.0
            }
        }
    },
    "n_parameters": 66080,
    "prediction_type": "labels",
    "epoch_size": 45,
    "best_step": 7065,
    "metrics": {
        "train": {
            "rmse": 0.04879004662622993,
            "mae": 0.012456487864255905,
            "r2": 0.9920183537763533,
            "score": -0.04879004662622993
        },
        "val": {
            "rmse": 0.0910087087565644,
            "mae": 0.021941421553492546,
            "r2": 0.9782337350246991,
            "score": -0.0910087087565644
        },
        "test": {
            "rmse": 0.07853356163627855,
            "mae": 0.017569035291671753,
            "r2": 0.9777826297700428,
            "score": -0.07853356163627855
        }
    },
    "time": "0:00:27.091101",
    "chunk_size": null,
    "eval_batch_size": 32768
}