{
    "function": "bin.model.main",
    "gpus": [
        "NVIDIA A100-SXM4-40GB"
    ],
    "config": {
        "seed": 9,
        "batch_size": 256,
        "patience": 16,
        "n_epochs": -1,
        "gradient_clipping_norm": 1.0,
        "amp": true,
        "data": {
            "cache": true,
            "path": "data/classif-num-medium-0-credit",
            "num_policy": "noisy-quantile"
        },
        "optimizer": {
            "type": "AdamW",
            "lr": 0.0004673247622580847,
            "weight_decay": 0.00206857313403222
        },
        "model": {
            "arch_type": "tabm-mini",
            "k": 32,
            "backbone": {
                "type": "MLP",
                "n_blocks": 1,
                "d_block": 288,
                "dropout": 0.0
            },
            "num_embeddings": {
                "type": "PiecewiseLinearEmbeddings",
                "d_embedding": 28
            }
        },
        "bins": {
            "n_bins": 10
        }
    },
    "n_parameters": 111744,
    "prediction_type": "probs",
    "epoch_size": 40,
    "best_step": 1120,
    "metrics": {
        "train": {
            "0": {
                "precision": 0.7745098039215687,
                "recall": 0.8006756756756757,
                "f1-score": 0.787375415282392,
                "support": 5032.0
            },
            "1": {
                "precision": 0.7909545644018341,
                "recall": 0.7638888888888888,
                "f1-score": 0.7771861560516077,
                "support": 4968.0
            },
            "accuracy": 0.7824,
            "macro avg": {
                "precision": 0.7827321841617014,
                "recall": 0.7822822822822822,
                "f1-score": 0.7822807856669998,
                "support": 10000.0
            },
            "weighted avg": {
                "precision": 0.7826795609281646,
                "recall": 0.7824,
                "f1-score": 0.7823133912965382,
                "support": 10000.0
            },
            "cross-entropy": 0.4649868869420171,
            "roc-auc": 0.8611970546313577,
            "score": 0.7824
        },
        "val": {
            "0": {
                "precision": 0.7846003898635477,
                "recall": 0.811491935483871,
                "f1-score": 0.7978196233894945,
                "support": 992.0
            },
            "1": {
                "precision": 0.8107287449392713,
                "recall": 0.7837573385518591,
                "f1-score": 0.7970149253731343,
                "support": 1022.0
            },
            "accuracy": 0.7974180734856008,
            "macro avg": {
                "precision": 0.7976645674014096,
                "recall": 0.797624637017865,
                "f1-score": 0.7974172743813144,
                "support": 2014.0
            },
            "weighted avg": {
                "precision": 0.7978591678612584,
                "recall": 0.7974180734856008,
                "f1-score": 0.7974112810991667,
                "support": 2014.0
            },
            "cross-entropy": 0.4618224993620279,
            "roc-auc": 0.8635029354207436,
            "score": 0.7974180734856008
        },
        "test": {
            "0": {
                "precision": 0.75793327908869,
                "recall": 0.7985426489498499,
                "f1-score": 0.7777082028804008,
                "support": 2333.0
            },
            "1": {
                "precision": 0.7903657448706513,
                "recall": 0.7486269539501479,
                "f1-score": 0.7689303536558907,
                "support": 2367.0
            },
            "accuracy": 0.7734042553191489,
            "macro avg": {
                "precision": 0.7741495119796706,
                "recall": 0.7735848014499989,
                "f1-score": 0.7733192782681457,
                "support": 4700.0
            },
            "weighted avg": {
                "precision": 0.7742668208984564,
                "recall": 0.7734042553191489,
                "f1-score": 0.7732875286007379,
                "support": 4700.0
            },
            "cross-entropy": 0.47936808570904216,
            "roc-auc": 0.8525096197881609,
            "score": 0.7734042553191489
        }
    },
    "time": "0:00:05.720295",
    "chunk_size": null,
    "eval_batch_size": 32768
}