{
    "function": "bin.model.main",
    "gpus": [
        "NVIDIA A100-SXM4-80GB"
    ],
    "config": {
        "seed": 14,
        "batch_size": 32,
        "patience": 16,
        "n_epochs": -1,
        "gradient_clipping_norm": 1.0,
        "amp": true,
        "data": {
            "cache": true,
            "path": "data/classif-num-medium-3-wine",
            "num_policy": "noisy-quantile"
        },
        "optimizer": {
            "type": "AdamW",
            "lr": 0.00395405759967955,
            "weight_decay": 0.04619336264056586
        },
        "model": {
            "arch_type": "tabm",
            "k": 32,
            "backbone": {
                "type": "MLP",
                "n_blocks": 3,
                "d_block": 464,
                "dropout": 0.1462732356343131
            },
            "num_embeddings": {
                "type": "PiecewiseLinearEmbeddings",
                "d_embedding": 12
            }
        },
        "bins": {
            "n_bins": 16
        }
    },
    "n_parameters": 646984,
    "prediction_type": "probs",
    "epoch_size": 56,
    "best_step": 2016,
    "metrics": {
        "train": {
            "0": {
                "precision": 0.9955456570155902,
                "recall": 0.9922308546059934,
                "f1-score": 0.9938854919399667,
                "support": 901.0
            },
            "1": {
                "precision": 0.9921259842519685,
                "recall": 0.9954853273137697,
                "f1-score": 0.9938028169014084,
                "support": 886.0
            },
            "accuracy": 0.9938444320089536,
            "macro avg": {
                "precision": 0.9938358206337794,
                "recall": 0.9938580909598815,
                "f1-score": 0.9938441544206875,
                "support": 1787.0
            },
            "weighted avg": {
                "precision": 0.9938501729257364,
                "recall": 0.9938444320089536,
                "f1-score": 0.9938445014060201,
                "support": 1787.0
            },
            "cross-entropy": 0.06197099654196536,
            "roc-auc": 0.9997870437412155,
            "score": 0.9938444320089536
        },
        "val": {
            "0": {
                "precision": 0.8504672897196262,
                "recall": 0.8053097345132744,
                "f1-score": 0.8272727272727272,
                "support": 113.0
            },
            "1": {
                "precision": 0.8211382113821138,
                "recall": 0.8632478632478633,
                "f1-score": 0.8416666666666667,
                "support": 117.0
            },
            "accuracy": 0.8347826086956521,
            "macro avg": {
                "precision": 0.83580275055087,
                "recall": 0.8342787988805689,
                "f1-score": 0.834469696969697,
                "support": 230.0
            },
            "weighted avg": {
                "precision": 0.8355477150870656,
                "recall": 0.8347826086956521,
                "f1-score": 0.834594861660079,
                "support": 230.0
            },
            "cross-entropy": 0.47916740216270753,
            "roc-auc": 0.8838968307994857,
            "score": 0.8347826086956521
        },
        "test": {
            "0": {
                "precision": 0.8333333333333334,
                "recall": 0.7414448669201521,
                "f1-score": 0.7847082494969818,
                "support": 263.0
            },
            "1": {
                "precision": 0.7755775577557755,
                "recall": 0.8576642335766423,
                "f1-score": 0.8145580589254766,
                "support": 274.0
            },
            "accuracy": 0.8007448789571695,
            "macro avg": {
                "precision": 0.8044554455445545,
                "recall": 0.7995545502483972,
                "f1-score": 0.7996331542112292,
                "support": 537.0
            },
            "weighted avg": {
                "precision": 0.803863905943667,
                "recall": 0.8007448789571695,
                "f1-score": 0.7999388785163628,
                "support": 537.0
            },
            "cross-entropy": 0.544205066748674,
            "roc-auc": 0.8671421831200911,
            "score": 0.8007448789571695
        }
    },
    "time": "0:00:10.376020",
    "chunk_size": null,
    "eval_batch_size": 32768
}