{
    "function": "bin.model.main",
    "gpus": [
        "NVIDIA A100-SXM4-80GB"
    ],
    "config": {
        "seed": 11,
        "batch_size": 64,
        "patience": 16,
        "n_epochs": -1,
        "gradient_clipping_norm": 1.0,
        "amp": true,
        "data": {
            "cache": true,
            "path": "data/regression-cat-medium-1-analcatdata_supreme",
            "num_policy": "noisy-quantile"
        },
        "optimizer": {
            "type": "AdamW",
            "lr": 8.023251254208011e-05,
            "weight_decay": 0.0
        },
        "model": {
            "arch_type": "tabm-packed",
            "k": 32,
            "share_training_batches": false,
            "backbone": {
                "type": "MLP",
                "n_blocks": 5,
                "d_block": 80,
                "dropout": 0.0
            }
        }
    },
    "n_parameters": 865312,
    "prediction_type": "labels",
    "epoch_size": 45,
    "best_step": 1395,
    "metrics": {
        "train": {
            "rmse": 0.07710994895133982,
            "mae": 0.01918838545680046,
            "r2": 0.9803889865438112,
            "score": -0.07710994895133982
        },
        "val": {
            "rmse": 0.046955313028586035,
            "mae": 0.016384180635213852,
            "r2": 0.9926855297770516,
            "score": -0.046955313028586035
        },
        "test": {
            "rmse": 0.08445129510324466,
            "mae": 0.022085443139076233,
            "r2": 0.9760349067260461,
            "score": -0.08445129510324466
        }
    },
    "time": "0:00:07.401812",
    "chunk_size": null,
    "eval_batch_size": 32768
}