{
    "function": "bin.model.main",
    "gpus": [
        "NVIDIA A100-SXM4-40GB"
    ],
    "config": {
        "seed": 12,
        "batch_size": 64,
        "patience": 16,
        "n_epochs": -1,
        "gradient_clipping_norm": 1.0,
        "amp": true,
        "data": {
            "cache": true,
            "path": "data/classif-num-medium-0-kdd_ipums_la_97-small",
            "num_policy": "noisy-quantile"
        },
        "optimizer": {
            "type": "AdamW",
            "lr": 0.0036484237424220566,
            "weight_decay": 0.00032267594040496264
        },
        "model": {
            "arch_type": "tabm",
            "k": 32,
            "backbone": {
                "type": "MLP",
                "n_blocks": 3,
                "d_block": 880,
                "dropout": 0.1680217503020364
            },
            "num_embeddings": {
                "type": "PiecewiseLinearEmbeddings",
                "d_embedding": 16
            }
        },
        "bins": {
            "n_bins": 68
        }
    },
    "n_parameters": 2144384,
    "prediction_type": "probs",
    "epoch_size": 57,
    "best_step": 741,
    "metrics": {
        "train": {
            "0": {
                "precision": 0.9801154586273252,
                "recall": 0.8349726775956284,
                "f1-score": 0.9017409265269991,
                "support": 1830.0
            },
            "1": {
                "precision": 0.8542471042471043,
                "recall": 0.9827873403664631,
                "f1-score": 0.9140201394268009,
                "support": 1801.0
            },
            "accuracy": 0.9082897273478381,
            "macro avg": {
                "precision": 0.9171812814372147,
                "recall": 0.9088800089810458,
                "f1-score": 0.9078805329769,
                "support": 3631.0
            },
            "weighted avg": {
                "precision": 0.9176839228964583,
                "recall": 0.9082897273478381,
                "f1-score": 0.9078314972878206,
                "support": 3631.0
            },
            "cross-entropy": 0.21761812802350713,
            "roc-auc": 0.9654778917601939,
            "score": 0.9082897273478381
        },
        "val": {
            "0": {
                "precision": 0.966824644549763,
                "recall": 0.8429752066115702,
                "f1-score": 0.9006622516556291,
                "support": 242.0
            },
            "1": {
                "precision": 0.8515625,
                "recall": 0.9688888888888889,
                "f1-score": 0.9064449064449064,
                "support": 225.0
            },
            "accuracy": 0.9036402569593148,
            "macro avg": {
                "precision": 0.9091935722748815,
                "recall": 0.9059320477502295,
                "f1-score": 0.9035535790502678,
                "support": 467.0
            },
            "weighted avg": {
                "precision": 0.9112914913940956,
                "recall": 0.9036402569593148,
                "f1-score": 0.9034483273035678,
                "support": 467.0
            },
            "cross-entropy": 0.2536378911740089,
            "roc-auc": 0.9526538108356291,
            "score": 0.9036402569593148
        },
        "test": {
            "0": {
                "precision": 0.9312638580931264,
                "recall": 0.8045977011494253,
                "f1-score": 0.8633093525179857,
                "support": 522.0
            },
            "1": {
                "precision": 0.8403755868544601,
                "recall": 0.9454225352112676,
                "f1-score": 0.8898094449047225,
                "support": 568.0
            },
            "accuracy": 0.8779816513761468,
            "macro avg": {
                "precision": 0.8858197224737933,
                "recall": 0.8750101181803465,
                "f1-score": 0.876559398711354,
                "support": 1090.0
            },
            "weighted avg": {
                "precision": 0.8839018965669223,
                "recall": 0.8779816513761468,
                "f1-score": 0.8771185749727256,
                "support": 1090.0
            },
            "cross-entropy": 0.2839870236443485,
            "roc-auc": 0.9434832173115321,
            "score": 0.8779816513761468
        }
    },
    "time": "0:00:06.482857",
    "chunk_size": null,
    "eval_batch_size": 32768
}