{
    "function": "bin.ensemble.main",
    "config": {
        "seeds": [
            0,
            1,
            2,
            3,
            4
        ],
        "data": {
            "path": "data/classif-num-medium-3-phoneme"
        }
    },
    "single_model_function": "bin.model.main",
    "prediction_type": "probs",
    "metrics": {
        "train": {
            "0": {
                "precision": 0.979372197309417,
                "recall": 0.9545454545454546,
                "f1-score": 0.9667994687915007,
                "support": 1144.0
            },
            "1": {
                "precision": 0.9529411764705882,
                "recall": 0.9786245353159851,
                "f1-score": 0.9656121045392022,
                "support": 1076.0
            },
            "accuracy": 0.9662162162162162,
            "macro avg": {
                "precision": 0.9661566868900027,
                "recall": 0.9665849949307199,
                "f1-score": 0.9662057866653515,
                "support": 2220.0
            },
            "weighted avg": {
                "precision": 0.9665614863082549,
                "recall": 0.9662162162162162,
                "f1-score": 0.9662239715232694,
                "support": 2220.0
            },
            "cross-entropy": 0.11947829939227587,
            "roc-auc": 0.9962045389554683,
            "score": 0.9662162162162162
        },
        "val": {
            "0": {
                "precision": 0.889763779527559,
                "recall": 0.8560606060606061,
                "f1-score": 0.8725868725868726,
                "support": 132.0
            },
            "1": {
                "precision": 0.879746835443038,
                "recall": 0.9084967320261438,
                "f1-score": 0.8938906752411575,
                "support": 153.0
            },
            "accuracy": 0.8842105263157894,
            "macro avg": {
                "precision": 0.8847553074852985,
                "recall": 0.8822786690433749,
                "f1-score": 0.8832387739140151,
                "support": 285.0
            },
            "weighted avg": {
                "precision": 0.8843862621769214,
                "recall": 0.8842105263157894,
                "f1-score": 0.8840236508539098,
                "support": 285.0
            },
            "cross-entropy": 0.3043839736108416,
            "roc-auc": 0.9498910675381265,
            "score": 0.8842105263157894
        },
        "test": {
            "0": {
                "precision": 0.8851351351351351,
                "recall": 0.8451612903225807,
                "f1-score": 0.8646864686468647,
                "support": 310.0
            },
            "1": {
                "precision": 0.8706199460916442,
                "recall": 0.9047619047619048,
                "f1-score": 0.8873626373626374,
                "support": 357.0
            },
            "accuracy": 0.8770614692653673,
            "macro avg": {
                "precision": 0.8778775406133896,
                "recall": 0.8749615975422427,
                "f1-score": 0.876024553004751,
                "support": 667.0
            },
            "weighted avg": {
                "precision": 0.8773661359019622,
                "recall": 0.8770614692653673,
                "f1-score": 0.8768234884842424,
                "support": 667.0
            },
            "cross-entropy": 0.33698932317069397,
            "roc-auc": 0.9391795427848558,
            "score": 0.8770614692653673
        }
    }
}