{
    "function": "bin.model.main",
    "gpus": [
        "NVIDIA A100-SXM4-40GB"
    ],
    "config": {
        "seed": 7,
        "batch_size": 64,
        "patience": 16,
        "n_epochs": -1,
        "gradient_clipping_norm": 1.0,
        "amp": true,
        "data": {
            "cache": true,
            "path": "data/regression-cat-medium-2-analcatdata_supreme",
            "num_policy": "noisy-quantile"
        },
        "optimizer": {
            "type": "AdamW",
            "lr": 0.0006875866030545337,
            "weight_decay": 0.00013511648375076849
        },
        "model": {
            "arch_type": "plain",
            "backbone": {
                "type": "MLP",
                "n_blocks": 5,
                "d_block": 736,
                "dropout": 0.4569659859363257
            },
            "num_embeddings": {
                "type": "PeriodicEmbeddings",
                "n_frequencies": 60,
                "d_embedding": 28,
                "frequency_init_scale": 0.8085409023259904,
                "lite": false
            }
        }
    },
    "n_parameters": 2226673,
    "prediction_type": "labels",
    "epoch_size": 45,
    "best_step": 2565,
    "metrics": {
        "train": {
            "rmse": 0.051688557301204745,
            "mae": 0.015111546963453293,
            "r2": 0.991041838493946,
            "score": -0.051688557301204745
        },
        "val": {
            "rmse": 0.08375583647916307,
            "mae": 0.024042025208473206,
            "r2": 0.9815647863091314,
            "score": -0.08375583647916307
        },
        "test": {
            "rmse": 0.07698397973940299,
            "mae": 0.019554393365979195,
            "r2": 0.9786507412025078,
            "score": -0.07698397973940299
        }
    },
    "time": "0:00:12.568974",
    "chunk_size": null,
    "eval_batch_size": 32768
}