{
    "function": "bin.model.main",
    "gpus": [
        "NVIDIA A100-SXM4-80GB"
    ],
    "config": {
        "seed": 2,
        "batch_size": 32,
        "patience": 16,
        "n_epochs": -1,
        "gradient_clipping_norm": 1.0,
        "amp": true,
        "data": {
            "cache": true,
            "path": "data/classif-num-medium-4-phoneme",
            "num_policy": "noisy-quantile"
        },
        "optimizer": {
            "type": "AdamW",
            "lr": 0.0003937692263606604,
            "weight_decay": 0.0
        },
        "model": {
            "arch_type": "plain",
            "backbone": {
                "type": "MLP",
                "n_blocks": 1,
                "d_block": 1008,
                "dropout": 0.0
            },
            "num_embeddings": {
                "type": "PeriodicEmbeddings",
                "n_frequencies": 84,
                "d_embedding": 20,
                "frequency_init_scale": 0.3855613259582404,
                "lite": true
            }
        }
    },
    "n_parameters": 107626,
    "prediction_type": "probs",
    "epoch_size": 70,
    "best_step": 2450,
    "metrics": {
        "train": {
            "0": {
                "precision": 0.9782411604714415,
                "recall": 0.9729486023444545,
                "f1-score": 0.9755877034358047,
                "support": 1109.0
            },
            "1": {
                "precision": 0.973142345568487,
                "recall": 0.9783978397839784,
                "f1-score": 0.9757630161579892,
                "support": 1111.0
            },
            "accuracy": 0.9756756756756757,
            "macro avg": {
                "precision": 0.9756917530199642,
                "recall": 0.9756732210642165,
                "f1-score": 0.975675359796897,
                "support": 2220.0
            },
            "weighted avg": {
                "precision": 0.9756894562564945,
                "recall": 0.9756756756756757,
                "f1-score": 0.9756754387665915,
                "support": 2220.0
            },
            "cross-entropy": 0.07626711840644655,
            "roc-auc": 0.9974928962688875,
            "score": 0.9756756756756757
        },
        "val": {
            "0": {
                "precision": 0.9444444444444444,
                "recall": 0.912751677852349,
                "f1-score": 0.9283276450511946,
                "support": 149.0
            },
            "1": {
                "precision": 0.9078014184397163,
                "recall": 0.9411764705882353,
                "f1-score": 0.924187725631769,
                "support": 136.0
            },
            "accuracy": 0.9263157894736842,
            "macro avg": {
                "precision": 0.9261229314420804,
                "recall": 0.9269640742202921,
                "f1-score": 0.9262576853414818,
                "support": 285.0
            },
            "weighted avg": {
                "precision": 0.9269586495790304,
                "recall": 0.9263157894736842,
                "f1-score": 0.9263521045563108,
                "support": 285.0
            },
            "cross-entropy": 0.25534955375027096,
            "roc-auc": 0.968022108172128,
            "score": 0.9263157894736842
        },
        "test": {
            "0": {
                "precision": 0.8707692307692307,
                "recall": 0.8628048780487805,
                "f1-score": 0.8667687595712097,
                "support": 328.0
            },
            "1": {
                "precision": 0.868421052631579,
                "recall": 0.8761061946902655,
                "f1-score": 0.8722466960352423,
                "support": 339.0
            },
            "accuracy": 0.8695652173913043,
            "macro avg": {
                "precision": 0.8695951417004049,
                "recall": 0.869455536369523,
                "f1-score": 0.8695077278032259,
                "support": 667.0
            },
            "weighted avg": {
                "precision": 0.8695757789121633,
                "recall": 0.8695652173913043,
                "f1-score": 0.8695528981938588,
                "support": 667.0
            },
            "cross-entropy": 0.3255615811226857,
            "roc-auc": 0.952573026836463,
            "score": 0.8695652173913043
        }
    },
    "time": "0:00:08.120751",
    "chunk_size": null,
    "eval_batch_size": 32768
}