{
    "function": "bin.model.main",
    "gpus": [
        "NVIDIA A100-SXM4-40GB"
    ],
    "config": {
        "seed": 6,
        "batch_size": 256,
        "patience": 16,
        "n_epochs": -1,
        "gradient_clipping_norm": 1.0,
        "amp": true,
        "data": {
            "cache": true,
            "path": "data/regression-num-medium-0-elevators",
            "num_policy": "noisy-quantile"
        },
        "optimizer": {
            "type": "AdamW",
            "lr": 0.0012242237805676541,
            "weight_decay": 0.049948278172370485
        },
        "model": {
            "arch_type": "tabm-mini",
            "k": 32,
            "backbone": {
                "type": "MLP",
                "n_blocks": 3,
                "d_block": 576,
                "dropout": 0.0
            },
            "num_embeddings": {
                "type": "PiecewiseLinearEmbeddings",
                "d_embedding": 8
            }
        },
        "bins": {
            "n_bins": 117
        }
    },
    "n_parameters": 776800,
    "prediction_type": "labels",
    "epoch_size": 40,
    "best_step": 2000,
    "metrics": {
        "train": {
            "rmse": 0.0016625704166604318,
            "mae": 0.0012598847970366478,
            "r2": 0.9374194201142712,
            "score": -0.0016625704166604318
        },
        "val": {
            "rmse": 0.0018823811632269752,
            "mae": 0.0013917371397837996,
            "r2": 0.922087749178878,
            "score": -0.0018823811632269752
        },
        "test": {
            "rmse": 0.0018341641547919422,
            "mae": 0.0013808059738948941,
            "r2": 0.9284278360975705,
            "score": -0.0018341641547919422
        }
    },
    "time": "0:00:08.449866",
    "chunk_size": null,
    "eval_batch_size": 32768
}