{
    "function": "bin.ensemble.main",
    "config": {
        "seeds": [
            0,
            1,
            2,
            3,
            4
        ],
        "data": {
            "path": "data/classif-num-medium-1-credit"
        }
    },
    "single_model_function": "bin.model.main",
    "prediction_type": "probs",
    "metrics": {
        "train": {
            "0": {
                "precision": 0.7808712121212121,
                "recall": 0.8177310591035304,
                "f1-score": 0.7988761867855068,
                "support": 5042.0
            },
            "1": {
                "precision": 0.8052966101694915,
                "recall": 0.7666397741024606,
                "f1-score": 0.7854928704277744,
                "support": 4958.0
            },
            "accuracy": 0.7924,
            "macro avg": {
                "precision": 0.7930839111453518,
                "recall": 0.7921854166029956,
                "f1-score": 0.7921845286066406,
                "support": 10000.0
            },
            "weighted avg": {
                "precision": 0.7929813244735491,
                "recall": 0.7924,
                "f1-score": 0.792240738535343,
                "support": 10000.0
            },
            "cross-entropy": 0.4414371374102791,
            "roc-auc": 0.8759982104337283,
            "score": 0.7924
        },
        "val": {
            "0": {
                "precision": 0.7547528517110266,
                "recall": 0.7838104639684107,
                "f1-score": 0.7690072639225182,
                "support": 1013.0
            },
            "1": {
                "precision": 0.7723492723492723,
                "recall": 0.7422577422577422,
                "f1-score": 0.7570045848191543,
                "support": 1001.0
            },
            "accuracy": 0.7631578947368421,
            "macro avg": {
                "precision": 0.7635510620301494,
                "recall": 0.7630341031130765,
                "f1-score": 0.7630059243708363,
                "support": 2014.0
            },
            "weighted avg": {
                "precision": 0.7634986397243751,
                "recall": 0.7631578947368421,
                "f1-score": 0.7630416821040141,
                "support": 2014.0
            },
            "cross-entropy": 0.49019434226804676,
            "roc-auc": 0.8438136394701052,
            "score": 0.7631578947368421
        },
        "test": {
            "0": {
                "precision": 0.7625570776255708,
                "recall": 0.7980017376194614,
                "f1-score": 0.779876883888771,
                "support": 2302.0
            },
            "1": {
                "precision": 0.797031863814928,
                "recall": 0.7614678899082569,
                "f1-score": 0.7788441032203028,
                "support": 2398.0
            },
            "accuracy": 0.7793617021276595,
            "macro avg": {
                "precision": 0.7797944707202493,
                "recall": 0.7797348137638591,
                "f1-score": 0.7793604935545368,
                "support": 4700.0
            },
            "weighted avg": {
                "precision": 0.7801465536430343,
                "recall": 0.7793617021276595,
                "f1-score": 0.7793499460072845,
                "support": 4700.0
            },
            "cross-entropy": 0.4813830909077494,
            "roc-auc": 0.8514826285153645,
            "score": 0.7793617021276595
        }
    }
}