{
    "function": "bin.ensemble.main",
    "config": {
        "seeds": [
            10,
            11,
            12,
            13,
            14
        ],
        "data": {
            "path": "data/regression-num-medium-2-Ailerons"
        }
    },
    "single_model_function": "bin.model.main",
    "prediction_type": "labels",
    "metrics": {
        "train": {
            "rmse": 0.00013119944322047869,
            "mae": 9.72132183960639e-05,
            "r2": 0.8973794616876372,
            "score": -0.00013119944322047869
        },
        "val": {
            "rmse": 0.0001488430201958094,
            "mae": 0.0001095967018045485,
            "r2": 0.8441270260849141,
            "score": -0.0001488430201958094
        },
        "test": {
            "rmse": 0.00015327296448430094,
            "mae": 0.00011180423462064937,
            "r2": 0.8632550301566142,
            "score": -0.00015327296448430094
        }
    }
}