{
    "function": "bin.model.main",
    "gpus": [
        "NVIDIA A100-SXM4-80GB"
    ],
    "config": {
        "seed": 2,
        "batch_size": 256,
        "patience": 16,
        "n_epochs": -1,
        "gradient_clipping_norm": 1.0,
        "amp": true,
        "data": {
            "cache": true,
            "path": "data/regression-cat-medium-2-Brazilian_houses",
            "num_policy": "noisy-quantile",
            "cat_policy": "ordinal"
        },
        "optimizer": {
            "type": "AdamW",
            "lr": 0.0005469582021936329,
            "weight_decay": 0.005293346771387199
        },
        "model": {
            "arch_type": "tabm-packed",
            "k": 32,
            "share_training_batches": false,
            "backbone": {
                "type": "MLP",
                "n_blocks": 3,
                "d_block": 576,
                "dropout": 0.0
            }
        }
    },
    "n_parameters": 21620768,
    "prediction_type": "labels",
    "epoch_size": 30,
    "best_step": 4560,
    "metrics": {
        "train": {
            "rmse": 0.00774155216662336,
            "mae": 0.004454059060662985,
            "r2": 0.9999056892353893,
            "score": -0.00774155216662336
        },
        "val": {
            "rmse": 0.026051929185248384,
            "mae": 0.00972890667617321,
            "r2": 0.9989250758682443,
            "score": -0.026051929185248384
        },
        "test": {
            "rmse": 0.06953930915246208,
            "mae": 0.010746684856712818,
            "r2": 0.9925045701787661,
            "score": -0.06953930915246208
        }
    },
    "time": "0:00:18.045369",
    "chunk_size": null,
    "eval_batch_size": 32768
}