{
    "function": "bin.model.main",
    "gpus": [
        "NVIDIA A100-SXM4-80GB"
    ],
    "config": {
        "seed": 12,
        "batch_size": 64,
        "patience": 16,
        "n_epochs": -1,
        "gradient_clipping_norm": 1.0,
        "amp": true,
        "data": {
            "cache": true,
            "path": "data/regression-cat-medium-1-Mercedes_Benz_Greener_Manufacturing",
            "cat_policy": "ordinal"
        },
        "optimizer": {
            "type": "AdamW",
            "lr": 0.0006238767315920559,
            "weight_decay": 0.0
        },
        "model": {
            "arch_type": "plain",
            "backbone": {
                "type": "MLP",
                "n_blocks": 6,
                "d_block": 624,
                "dropout": 0.4318873953950894
            }
        }
    },
    "n_parameters": 2404897,
    "prediction_type": "labels",
    "epoch_size": 47,
    "best_step": 2209,
    "metrics": {
        "train": {
            "rmse": 8.28620411218956,
            "mae": 5.302191257476807,
            "r2": 0.5742462849402319,
            "score": -8.28620411218956
        },
        "val": {
            "rmse": 9.230731174194919,
            "mae": 5.901944160461426,
            "r2": 0.5180027389812444,
            "score": -9.230731174194919
        },
        "test": {
            "rmse": 7.842169735453829,
            "mae": 5.413089752197266,
            "r2": 0.5946306823806853,
            "score": -7.842169735453829
        }
    },
    "time": "0:00:38.398131",
    "chunk_size": null,
    "eval_batch_size": 32768
}