{
    "function": "bin.ensemble.main",
    "config": {
        "seeds": [
            0,
            1,
            2,
            3,
            4
        ],
        "data": {
            "path": "data/classif-num-large-0-jannis"
        }
    },
    "single_model_function": "bin.model.main",
    "prediction_type": "probs",
    "metrics": {
        "train": {
            "0": {
                "precision": 0.8377798056793172,
                "recall": 0.7735811648079306,
                "f1-score": 0.8044016080816411,
                "support": 20175.0
            },
            "1": {
                "precision": 0.7892697328966185,
                "recall": 0.8498832646167602,
                "f1-score": 0.8184557979334098,
                "support": 20131.0
            },
            "accuracy": 0.8116905671612167,
            "macro avg": {
                "precision": 0.8135247692879679,
                "recall": 0.8117322147123454,
                "f1-score": 0.8114287030075255,
                "support": 40306.0
            },
            "weighted avg": {
                "precision": 0.8135512472714249,
                "recall": 0.8116905671612167,
                "f1-score": 0.8114210318871776,
                "support": 40306.0
            },
            "cross-entropy": 0.41437131759786416,
            "roc-auc": 0.8913081620220271,
            "score": 0.8116905671612167
        },
        "val": {
            "0": {
                "precision": 0.8372294372294372,
                "recall": 0.7542901716068643,
                "f1-score": 0.7935986869101354,
                "support": 2564.0
            },
            "1": {
                "precision": 0.7806406685236769,
                "recall": 0.8563789152024446,
                "f1-score": 0.8167577413479052,
                "support": 2618.0
            },
            "accuracy": 0.8058664608259359,
            "macro avg": {
                "precision": 0.8089350528765571,
                "recall": 0.8053345434046544,
                "f1-score": 0.8051782141290202,
                "support": 5182.0
            },
            "weighted avg": {
                "precision": 0.8086402059535436,
                "recall": 0.8058664608259359,
                "f1-score": 0.8052988807577003,
                "support": 5182.0
            },
            "cross-entropy": 0.4417196507325179,
            "roc-auc": 0.8748973564748549,
            "score": 0.8058664608259359
        },
        "test": {
            "0": {
                "precision": 0.8213002873563219,
                "recall": 0.7557428524210874,
                "f1-score": 0.7871589637662448,
                "support": 6051.0
            },
            "1": {
                "precision": 0.7734518700183937,
                "recall": 0.8352921701705016,
                "f1-score": 0.8031834460803821,
                "support": 6041.0
            },
            "accuracy": 0.7954846179292094,
            "macro avg": {
                "precision": 0.7973760786873578,
                "recall": 0.7955175112957945,
                "f1-score": 0.7951712049233135,
                "support": 12092.0
            },
            "weighted avg": {
                "precision": 0.7973958638417317,
                "recall": 0.7954846179292094,
                "f1-score": 0.7951645788555355,
                "support": 12092.0
            },
            "cross-entropy": 0.4432351768407617,
            "roc-auc": 0.8734028839617431,
            "score": 0.7954846179292094
        }
    }
}