{
    "function": "bin.model.main",
    "gpus": [
        "NVIDIA A100-SXM4-40GB"
    ],
    "config": {
        "seed": 11,
        "batch_size": 32,
        "patience": 16,
        "n_epochs": -1,
        "gradient_clipping_norm": 1.0,
        "amp": true,
        "data": {
            "cache": true,
            "path": "data/classif-num-medium-2-phoneme",
            "num_policy": "noisy-quantile"
        },
        "optimizer": {
            "type": "AdamW",
            "lr": 0.0036154240067241125,
            "weight_decay": 0.0004925670048546483
        },
        "model": {
            "arch_type": "tabm-mini",
            "k": 32,
            "backbone": {
                "type": "MLP",
                "n_blocks": 3,
                "d_block": 704,
                "dropout": 0.0
            },
            "num_embeddings": {
                "type": "PiecewiseLinearEmbeddings",
                "d_embedding": 16
            }
        },
        "bins": {
            "n_bins": 101
        }
    },
    "n_parameters": 1105584,
    "prediction_type": "probs",
    "epoch_size": 70,
    "best_step": 1400,
    "metrics": {
        "train": {
            "0": {
                "precision": 0.9585342333654774,
                "recall": 0.8711656441717791,
                "f1-score": 0.9127640036730946,
                "support": 1141.0
            },
            "1": {
                "precision": 0.8757396449704142,
                "recall": 0.9601482854494903,
                "f1-score": 0.9160035366931918,
                "support": 1079.0
            },
            "accuracy": 0.9144144144144144,
            "macro avg": {
                "precision": 0.9171369391679458,
                "recall": 0.9156569648106347,
                "f1-score": 0.9143837701831432,
                "support": 2220.0
            },
            "weighted avg": {
                "precision": 0.9182930798167057,
                "recall": 0.9144144144144144,
                "f1-score": 0.9143385334607904,
                "support": 2220.0
            },
            "cross-entropy": 0.21094551641952203,
            "roc-auc": 0.9754406285561583,
            "score": 0.9144144144144144
        },
        "val": {
            "0": {
                "precision": 0.8857142857142857,
                "recall": 0.9051094890510949,
                "f1-score": 0.8953068592057762,
                "support": 137.0
            },
            "1": {
                "precision": 0.9103448275862069,
                "recall": 0.8918918918918919,
                "f1-score": 0.901023890784983,
                "support": 148.0
            },
            "accuracy": 0.8982456140350877,
            "macro avg": {
                "precision": 0.8980295566502463,
                "recall": 0.8985006904714934,
                "f1-score": 0.8981653749953796,
                "support": 285.0
            },
            "weighted avg": {
                "precision": 0.8985048828968974,
                "recall": 0.8982456140350877,
                "f1-score": 0.8982757036749783,
                "support": 285.0
            },
            "cross-entropy": 0.2760780488609377,
            "roc-auc": 0.9513217597159203,
            "score": 0.8982456140350877
        },
        "test": {
            "0": {
                "precision": 0.8945454545454545,
                "recall": 0.7987012987012987,
                "f1-score": 0.8439108061749571,
                "support": 308.0
            },
            "1": {
                "precision": 0.8418367346938775,
                "recall": 0.9192200557103064,
                "f1-score": 0.8788282290279628,
                "support": 359.0
            },
            "accuracy": 0.863568215892054,
            "macro avg": {
                "precision": 0.868191094619666,
                "recall": 0.8589606772058025,
                "f1-score": 0.86136951760146,
                "support": 667.0
            },
            "weighted avg": {
                "precision": 0.8661759936358351,
                "recall": 0.863568215892054,
                "f1-score": 0.8627044415636064,
                "support": 667.0
            },
            "cross-entropy": 0.3621882832576855,
            "roc-auc": 0.9312936367253917,
            "score": 0.863568215892054
        }
    },
    "time": "0:00:08.044844",
    "chunk_size": null,
    "eval_batch_size": 32768
}