{
    "function": "bin.ensemble.main",
    "config": {
        "seeds": [
            0,
            1,
            2,
            3,
            4
        ],
        "data": {
            "path": "data/adult"
        }
    },
    "single_model_function": "bin.model.main",
    "prediction_type": "probs",
    "metrics": {
        "train": {
            "0": {
                "precision": 0.9170094362448584,
                "recall": 0.9582806573957017,
                "f1-score": 0.937190900098912,
                "support": 19775.0
            },
            "1": {
                "precision": 0.8467397362065763,
                "recall": 0.7266060895903077,
                "f1-score": 0.7820864790665751,
                "support": 6273.0
            },
            "accuracy": 0.902487714987715,
            "macro avg": {
                "precision": 0.8818745862257173,
                "recall": 0.8424433734930047,
                "f1-score": 0.8596386895827436,
                "support": 26048.0
            },
            "weighted avg": {
                "precision": 0.900086761631063,
                "recall": 0.902487714987715,
                "f1-score": 0.8998379350675911,
                "support": 26048.0
            },
            "cross-entropy": 0.21982586200954476,
            "roc-auc": 0.9600007376142773,
            "score": 0.902487714987715
        },
        "val": {
            "0": {
                "precision": 0.8964120370370371,
                "recall": 0.939737108190091,
                "f1-score": 0.9175634317306743,
                "support": 4945.0
            },
            "1": {
                "precision": 0.7757712565838977,
                "recall": 0.6575255102040817,
                "f1-score": 0.7117707973765965,
                "support": 1568.0
            },
            "accuracy": 0.8717948717948718,
            "macro avg": {
                "precision": 0.8360916468104673,
                "recall": 0.7986313091970864,
                "f1-score": 0.8146671145536355,
                "support": 6513.0
            },
            "weighted avg": {
                "precision": 0.8673678571275449,
                "recall": 0.8717948717948718,
                "f1-score": 0.8680190050966817,
                "support": 6513.0
            },
            "cross-entropy": 0.28066879686482044,
            "roc-auc": 0.9273537612719506,
            "score": 0.8717948717948718
        },
        "test": {
            "0": {
                "precision": 0.895351517479831,
                "recall": 0.9371129875351829,
                "f1-score": 0.9157563850687622,
                "support": 12435.0
            },
            "1": {
                "precision": 0.7605633802816901,
                "recall": 0.6458658346333853,
                "f1-score": 0.6985376827896513,
                "support": 3846.0
            },
            "accuracy": 0.8683127572016461,
            "macro avg": {
                "precision": 0.8279574488807606,
                "recall": 0.7914894110842841,
                "f1-score": 0.8071470339292068,
                "support": 16281.0
            },
            "weighted avg": {
                "precision": 0.8635110177768613,
                "recall": 0.8683127572016461,
                "f1-score": 0.8644436199458914,
                "support": 16281.0
            },
            "cross-entropy": 0.282940316563795,
            "roc-auc": 0.9239646473675593,
            "score": 0.8683127572016461
        }
    }
}