{
    "function": "bin.model.main",
    "gpus": [
        "NVIDIA A100-SXM4-40GB"
    ],
    "config": {
        "seed": 4,
        "batch_size": 128,
        "patience": 16,
        "n_epochs": -1,
        "gradient_clipping_norm": 1.0,
        "amp": true,
        "data": {
            "cache": true,
            "path": "data/regression-num-medium-2-cpu_act",
            "num_policy": "noisy-quantile"
        },
        "optimizer": {
            "type": "AdamW",
            "lr": 0.0004790798974669436,
            "weight_decay": 0.0
        },
        "model": {
            "arch_type": "plain",
            "backbone": {
                "type": "MLP",
                "n_blocks": 2,
                "d_block": 928,
                "dropout": 0.040248289778351994
            },
            "num_embeddings": {
                "type": "PiecewiseLinearEmbeddingsV2",
                "d_embedding": 28
            }
        },
        "bins": {
            "n_bins": 94
        }
    },
    "n_parameters": 1466081,
    "prediction_type": "labels",
    "epoch_size": 45,
    "best_step": 1305,
    "metrics": {
        "train": {
            "rmse": 1.5006805306693376,
            "mae": 1.1218931674957275,
            "r2": 0.9931939439968797,
            "score": -1.5006805306693376
        },
        "val": {
            "rmse": 2.1146496416290907,
            "mae": 1.559774398803711,
            "r2": 0.9893304293512095,
            "score": -2.1146496416290907
        },
        "test": {
            "rmse": 2.375038447821759,
            "mae": 1.64887273311615,
            "r2": 0.9828524008025096,
            "score": -2.375038447821759
        }
    },
    "time": "0:00:05.412125",
    "chunk_size": null,
    "eval_batch_size": 32768
}