{
    "function": "bin.model.main",
    "gpus": [
        "NVIDIA A100-SXM4-80GB"
    ],
    "config": {
        "seed": 2,
        "batch_size": 256,
        "patience": 16,
        "n_epochs": -1,
        "gradient_clipping_norm": 1.0,
        "amp": true,
        "data": {
            "cache": true,
            "path": "data/house",
            "num_policy": "noisy-quantile"
        },
        "optimizer": {
            "type": "AdamW",
            "lr": 0.002084594930527756,
            "weight_decay": 0.0001393628533936098
        },
        "model": {
            "arch_type": "tabm",
            "k": 32,
            "share_training_batches": false,
            "backbone": {
                "type": "MLP",
                "n_blocks": 5,
                "d_block": 784,
                "dropout": 0.0
            }
        }
    },
    "n_parameters": 2848032,
    "prediction_type": "labels",
    "epoch_size": 57,
    "best_step": 1197,
    "metrics": {
        "train": {
            "rmse": 13075.023518143285,
            "mae": 8515.69921875,
            "r2": 0.9370449925683413,
            "score": -13075.023518143285
        },
        "val": {
            "rmse": 27417.583846867325,
            "mae": 13931.146484375,
            "r2": 0.7477420403375027,
            "score": -27417.583846867325
        },
        "test": {
            "rmse": 30030.149117178888,
            "mae": 14398.955078125,
            "r2": 0.687620304467411,
            "score": -30030.149117178888
        }
    },
    "time": "0:00:11.910148",
    "chunk_size": null,
    "eval_batch_size": 32768
}