{
    "function": "bin.model.main",
    "gpus": [
        "NVIDIA A100-SXM4-40GB"
    ],
    "config": {
        "seed": 5,
        "batch_size": 128,
        "patience": 16,
        "n_epochs": -1,
        "gradient_clipping_norm": 1.0,
        "amp": true,
        "data": {
            "cache": true,
            "path": "data/regression-num-medium-2-cpu_act",
            "num_policy": "noisy-quantile"
        },
        "optimizer": {
            "type": "AdamW",
            "lr": 0.0004790798974669436,
            "weight_decay": 0.0
        },
        "model": {
            "arch_type": "plain",
            "backbone": {
                "type": "MLP",
                "n_blocks": 2,
                "d_block": 928,
                "dropout": 0.040248289778351994
            },
            "num_embeddings": {
                "type": "PiecewiseLinearEmbeddings",
                "d_embedding": 28
            }
        },
        "bins": {
            "n_bins": 94
        }
    },
    "n_parameters": 1466081,
    "prediction_type": "labels",
    "epoch_size": 45,
    "best_step": 945,
    "metrics": {
        "train": {
            "rmse": 1.7539229020515532,
            "mae": 1.2871432304382324,
            "r2": 0.9907030601883607,
            "score": -1.7539229020515532
        },
        "val": {
            "rmse": 2.1692936328607217,
            "mae": 1.5660086870193481,
            "r2": 0.9887718875330875,
            "score": -2.1692936328607217
        },
        "test": {
            "rmse": 2.3435818421120884,
            "mae": 1.618894338607788,
            "r2": 0.9833036204095332,
            "score": -2.3435818421120884
        }
    },
    "time": "0:00:04.590107",
    "chunk_size": null,
    "eval_batch_size": 32768
}