{
    "function": "bin.model.main",
    "gpus": [
        "NVIDIA A100-SXM4-40GB"
    ],
    "config": {
        "seed": 4,
        "batch_size": 32,
        "patience": 16,
        "n_epochs": -1,
        "gradient_clipping_norm": 1.0,
        "amp": true,
        "data": {
            "cache": true,
            "path": "data/classif-num-medium-3-phoneme",
            "num_policy": "noisy-quantile"
        },
        "optimizer": {
            "type": "AdamW",
            "lr": 0.000513005154259147,
            "weight_decay": 0.0
        },
        "model": {
            "arch_type": "plain",
            "backbone": {
                "type": "MLP",
                "n_blocks": 5,
                "d_block": 512,
                "dropout": 0.0
            },
            "num_embeddings": {
                "type": "PeriodicEmbeddings",
                "n_frequencies": 72,
                "d_embedding": 28,
                "frequency_init_scale": 0.4546408391533059,
                "lite": false
            }
        }
    },
    "n_parameters": 1144502,
    "prediction_type": "probs",
    "epoch_size": 70,
    "best_step": 490,
    "metrics": {
        "train": {
            "0": {
                "precision": 0.9368888888888889,
                "recall": 0.9213286713286714,
                "f1-score": 0.9290436315557515,
                "support": 1144.0
            },
            "1": {
                "precision": 0.9178082191780822,
                "recall": 0.9340148698884758,
                "f1-score": 0.9258406264394288,
                "support": 1076.0
            },
            "accuracy": 0.9274774774774774,
            "macro avg": {
                "precision": 0.9273485540334856,
                "recall": 0.9276717706085735,
                "f1-score": 0.9274421289975902,
                "support": 2220.0
            },
            "weighted avg": {
                "precision": 0.927640780506534,
                "recall": 0.9274774774774774,
                "f1-score": 0.9274911840309034,
                "support": 2220.0
            },
            "cross-entropy": 0.17354851340140232,
            "roc-auc": 0.9834094808537188,
            "score": 0.9274774774774774
        },
        "val": {
            "0": {
                "precision": 0.8854961832061069,
                "recall": 0.8787878787878788,
                "f1-score": 0.8821292775665399,
                "support": 132.0
            },
            "1": {
                "precision": 0.8961038961038961,
                "recall": 0.9019607843137255,
                "f1-score": 0.8990228013029317,
                "support": 153.0
            },
            "accuracy": 0.8912280701754386,
            "macro avg": {
                "precision": 0.8908000396550015,
                "recall": 0.8903743315508021,
                "f1-score": 0.8905760394347357,
                "support": 285.0
            },
            "weighted avg": {
                "precision": 0.8911908501301832,
                "recall": 0.8912280701754386,
                "f1-score": 0.8911984324144976,
                "support": 285.0
            },
            "cross-entropy": 0.38095278498190965,
            "roc-auc": 0.9335016835016835,
            "score": 0.8912280701754386
        },
        "test": {
            "0": {
                "precision": 0.8474025974025974,
                "recall": 0.8419354838709677,
                "f1-score": 0.8446601941747574,
                "support": 310.0
            },
            "1": {
                "precision": 0.8635097493036211,
                "recall": 0.8683473389355743,
                "f1-score": 0.8659217877094972,
                "support": 357.0
            },
            "accuracy": 0.856071964017991,
            "macro avg": {
                "precision": 0.8554561733531092,
                "recall": 0.8551414114032709,
                "f1-score": 0.8552909909421273,
                "support": 667.0
            },
            "weighted avg": {
                "precision": 0.8560236667109415,
                "recall": 0.856071964017991,
                "f1-score": 0.8560400875659149,
                "support": 667.0
            },
            "cross-entropy": 0.41323976565737586,
            "roc-auc": 0.9226755218216319,
            "score": 0.856071964017991
        }
    },
    "time": "0:00:05.556809",
    "chunk_size": null,
    "eval_batch_size": 32768
}