{
    "function": "bin.model.main",
    "gpus": [
        "NVIDIA A100-SXM4-40GB"
    ],
    "config": {
        "seed": 10,
        "batch_size": 128,
        "patience": 16,
        "n_epochs": -1,
        "gradient_clipping_norm": 1.0,
        "amp": true,
        "data": {
            "cache": true,
            "path": "data/regression-num-medium-2-cpu_act",
            "num_policy": "noisy-quantile"
        },
        "optimizer": {
            "type": "AdamW",
            "lr": 0.0002950807204692083,
            "weight_decay": 0.001679751075444858
        },
        "model": {
            "arch_type": "plain",
            "backbone": {
                "type": "MLP",
                "n_blocks": 5,
                "d_block": 608,
                "dropout": 0.0
            },
            "num_embeddings": {
                "type": "PeriodicEmbeddings",
                "n_frequencies": 80,
                "d_embedding": 32,
                "frequency_init_scale": 0.09725663599846973,
                "lite": false
            }
        }
    },
    "n_parameters": 2000753,
    "prediction_type": "labels",
    "epoch_size": 45,
    "best_step": 1530,
    "metrics": {
        "train": {
            "rmse": 1.629802722460235,
            "mae": 1.2059667110443115,
            "r2": 0.991972338434485,
            "score": -1.629802722460235
        },
        "val": {
            "rmse": 2.1758872097109134,
            "mae": 1.5463095903396606,
            "r2": 0.988703528985105,
            "score": -2.1758872097109134
        },
        "test": {
            "rmse": 2.2780102233858264,
            "mae": 1.620727777481079,
            "r2": 0.9842248547865172,
            "score": -2.2780102233858264
        }
    },
    "time": "0:00:08.292533",
    "chunk_size": null,
    "eval_batch_size": 32768
}