{
    "function": "bin.model.main",
    "gpus": [
        "NVIDIA A100-SXM4-40GB"
    ],
    "config": {
        "seed": 0,
        "batch_size": 64,
        "patience": 16,
        "n_epochs": -1,
        "gradient_clipping_norm": 1.0,
        "amp": true,
        "data": {
            "cache": true,
            "path": "data/regression-cat-medium-3-analcatdata_supreme",
            "num_policy": "noisy-quantile"
        },
        "optimizer": {
            "type": "AdamW",
            "lr": 0.001989329347687321,
            "weight_decay": 0.020226764885277936
        },
        "model": {
            "arch_type": "tabm-mini",
            "k": 32,
            "backbone": {
                "type": "MLP",
                "n_blocks": 3,
                "d_block": 512,
                "dropout": 0.0
            },
            "num_embeddings": {
                "type": "PiecewiseLinearEmbeddingsV2",
                "d_embedding": 12
            }
        },
        "bins": {
            "n_bins": 120
        }
    },
    "n_parameters": 561696,
    "prediction_type": "labels",
    "epoch_size": 45,
    "best_step": 4590,
    "metrics": {
        "train": {
            "rmse": 0.05053607045824225,
            "mae": 0.014298754744231701,
            "r2": 0.9916611858538217,
            "score": -0.05053607045824225
        },
        "val": {
            "rmse": 0.06999330787728542,
            "mae": 0.019238213077187538,
            "r2": 0.983538743533283,
            "score": -0.06999330787728542
        },
        "test": {
            "rmse": 0.08752946027736017,
            "mae": 0.017843816429376602,
            "r2": 0.9734637366557699,
            "score": -0.08752946027736017
        }
    },
    "time": "0:00:16.937799",
    "chunk_size": null,
    "eval_batch_size": 32768
}