{
    "function": "bin.ensemble.main",
    "config": {
        "seeds": [
            0,
            1,
            2,
            3,
            4
        ],
        "data": {
            "path": "data/regression-num-medium-1-wine_quality"
        }
    },
    "single_model_function": "bin.model.main",
    "prediction_type": "labels",
    "metrics": {
        "train": {
            "rmse": 0.0619634887540189,
            "mae": 0.034487634897232056,
            "r2": 0.9950372961453083,
            "score": -0.0619634887540189
        },
        "val": {
            "rmse": 0.604307081633211,
            "mae": 0.4112694561481476,
            "r2": 0.4954861807377603,
            "score": -0.604307081633211
        },
        "test": {
            "rmse": 0.6331281698812229,
            "mae": 0.42549043893814087,
            "r2": 0.4581281142910515,
            "score": -0.6331281698812229
        }
    }
}