{
    "function": "bin.model.main",
    "gpus": [
        "NVIDIA A100-SXM4-80GB"
    ],
    "config": {
        "seed": 8,
        "batch_size": 128,
        "patience": 16,
        "n_epochs": -1,
        "gradient_clipping_norm": 1.0,
        "amp": true,
        "data": {
            "cache": true,
            "path": "data/regression-num-medium-0-cpu_act",
            "num_policy": "noisy-quantile"
        },
        "optimizer": {
            "type": "AdamW",
            "lr": 0.0015207086700942851,
            "weight_decay": 0.08609965404531184
        },
        "model": {
            "arch_type": "tabm-packed",
            "k": 32,
            "share_training_batches": false,
            "backbone": {
                "type": "MLP",
                "n_blocks": 2,
                "d_block": 352,
                "dropout": 0.26134464269470764
            }
        }
    },
    "n_parameters": 4235296,
    "prediction_type": "labels",
    "epoch_size": 45,
    "best_step": 6525,
    "metrics": {
        "train": {
            "rmse": 1.680124908980827,
            "mae": 1.2702449560165405,
            "r2": 0.9915235242616774,
            "score": -1.680124908980827
        },
        "val": {
            "rmse": 2.200001118399596,
            "mae": 1.6214654445648193,
            "r2": 0.9857036782467367,
            "score": -2.200001118399596
        },
        "test": {
            "rmse": 2.2989371248784267,
            "mae": 1.7166776657104492,
            "r2": 0.9852005943519938,
            "score": -2.2989371248784267
        }
    },
    "time": "0:00:15.479546",
    "chunk_size": null,
    "eval_batch_size": 32768
}