{
    "function": "bin.model.main",
    "gpus": [
        "NVIDIA A100-SXM4-80GB"
    ],
    "config": {
        "seed": 8,
        "batch_size": 512,
        "patience": 16,
        "n_epochs": -1,
        "gradient_clipping_norm": 1.0,
        "amp": true,
        "data": {
            "cache": true,
            "path": "data/otto"
        },
        "optimizer": {
            "type": "AdamW",
            "lr": 0.001508687653160867,
            "weight_decay": 0.0
        },
        "model": {
            "arch_type": "tabm",
            "k": 32,
            "backbone": {
                "type": "MLP",
                "n_blocks": 4,
                "d_block": 1024,
                "dropout": 0.06150250919229658
            },
            "num_embeddings": {
                "type": "PiecewiseLinearEmbeddingsV2",
                "d_embedding": 28
            }
        },
        "bins": {
            "n_bins": 50
        }
    },
    "n_parameters": 6590260,
    "prediction_type": "probs",
    "epoch_size": 78,
    "best_step": 2886,
    "metrics": {
        "train": {
            "0": {
                "precision": 1.0,
                "recall": 0.9554655870445344,
                "f1-score": 0.9772256728778468,
                "support": 1235.0
            },
            "1": {
                "precision": 0.9745130342087411,
                "recall": 0.9746074820701687,
                "f1-score": 0.9745602558511411,
                "support": 10318.0
            },
            "2": {
                "precision": 0.9455559830704117,
                "recall": 0.9595860991800078,
                "f1-score": 0.9525193798449613,
                "support": 5122.0
            },
            "3": {
                "precision": 0.9940405244338498,
                "recall": 0.9686411149825784,
                "f1-score": 0.9811764705882354,
                "support": 1722.0
            },
            "4": {
                "precision": 0.999429874572406,
                "recall": 1.0,
                "f1-score": 0.9997148560022812,
                "support": 1753.0
            },
            "5": {
                "precision": 0.9991144564976755,
                "recall": 0.997789078045545,
                "f1-score": 0.9984513274336284,
                "support": 9046.0
            },
            "6": {
                "precision": 0.9873556899395272,
                "recall": 0.988442487616951,
                "f1-score": 0.9878987898789878,
                "support": 1817.0
            },
            "7": {
                "precision": 0.9972263313609467,
                "recall": 0.9955695034151745,
                "f1-score": 0.9963972286374133,
                "support": 5417.0
            },
            "8": {
                "precision": 0.9828713796325133,
                "recall": 0.9952696310312205,
                "f1-score": 0.9890316515198997,
                "support": 3171.0
            },
            "accuracy": 0.9833842579732835,
            "macro avg": {
                "precision": 0.9866785859684524,
                "recall": 0.981707887042909,
                "f1-score": 0.9841084036260439,
                "support": 39601.0
            },
            "weighted avg": {
                "precision": 0.9834998214526904,
                "recall": 0.9833842579732835,
                "f1-score": 0.9834090724486815,
                "support": 39601.0
            },
            "cross-entropy": 0.08931334124557713,
            "score": 0.9833842579732835
        },
        "val": {
            "0": {
                "precision": 0.7206477732793523,
                "recall": 0.577922077922078,
                "f1-score": 0.6414414414414414,
                "support": 308.0
            },
            "1": {
                "precision": 0.7802037845705968,
                "recall": 0.8310077519379845,
                "f1-score": 0.8048048048048048,
                "support": 2580.0
            },
            "2": {
                "precision": 0.6360031720856463,
                "recall": 0.6260733801717409,
                "f1-score": 0.6309992132179386,
                "support": 1281.0
            },
            "3": {
                "precision": 0.7846153846153846,
                "recall": 0.5916473317865429,
                "f1-score": 0.6746031746031746,
                "support": 431.0
            },
            "4": {
                "precision": 0.9837587006960556,
                "recall": 0.9680365296803652,
                "f1-score": 0.9758342922899885,
                "support": 438.0
            },
            "5": {
                "precision": 0.9481382978723404,
                "recall": 0.9456233421750663,
                "f1-score": 0.9468791500664011,
                "support": 2262.0
            },
            "6": {
                "precision": 0.7651006711409396,
                "recall": 0.7533039647577092,
                "f1-score": 0.7591564927857937,
                "support": 454.0
            },
            "7": {
                "precision": 0.9244734931009441,
                "recall": 0.9401772525849336,
                "f1-score": 0.9322592456975466,
                "support": 1354.0
            },
            "8": {
                "precision": 0.8677379480840544,
                "recall": 0.8852459016393442,
                "f1-score": 0.8764044943820224,
                "support": 793.0
            },
            "accuracy": 0.8341581658418341,
            "macro avg": {
                "precision": 0.8234088028272571,
                "recall": 0.791004170295085,
                "f1-score": 0.804709145476568,
                "support": 9901.0
            },
            "weighted avg": {
                "precision": 0.8333055974601102,
                "recall": 0.8341581658418341,
                "f1-score": 0.8326638934111599,
                "support": 9901.0
            },
            "cross-entropy": 0.44331052899137163,
            "score": 0.8341581658418341
        },
        "test": {
            "0": {
                "precision": 0.73,
                "recall": 0.5673575129533679,
                "f1-score": 0.6384839650145773,
                "support": 386.0
            },
            "1": {
                "precision": 0.783206553540082,
                "recall": 0.8303349875930521,
                "f1-score": 0.8060825052694972,
                "support": 3224.0
            },
            "2": {
                "precision": 0.6219512195121951,
                "recall": 0.6052467207995003,
                "f1-score": 0.6134852801519467,
                "support": 1601.0
            },
            "3": {
                "precision": 0.7571428571428571,
                "recall": 0.5910780669144982,
                "f1-score": 0.6638830897703549,
                "support": 538.0
            },
            "4": {
                "precision": 0.9798534798534798,
                "recall": 0.9762773722627737,
                "f1-score": 0.9780621572212065,
                "support": 548.0
            },
            "5": {
                "precision": 0.9485371871695453,
                "recall": 0.9518924655111426,
                "f1-score": 0.9502118644067797,
                "support": 2827.0
            },
            "6": {
                "precision": 0.7669724770642202,
                "recall": 0.7359154929577465,
                "f1-score": 0.7511230907457324,
                "support": 568.0
            },
            "7": {
                "precision": 0.9248689574839837,
                "recall": 0.9379799173065564,
                "f1-score": 0.9313782991202346,
                "support": 1693.0
            },
            "8": {
                "precision": 0.8618357487922705,
                "recall": 0.900100908173562,
                "f1-score": 0.880552813425469,
                "support": 991.0
            },
            "accuracy": 0.8328215901745314,