{
    "function": "bin.model.main",
    "gpus": [
        "NVIDIA A100-SXM4-40GB"
    ],
    "config": {
        "seed": 14,
        "batch_size": 256,
        "patience": 16,
        "n_epochs": -1,
        "gradient_clipping_norm": 1.0,
        "amp": true,
        "data": {
            "cache": true,
            "path": "data/regression-num-medium-0-superconduct",
            "num_policy": "noisy-quantile"
        },
        "optimizer": {
            "type": "AdamW",
            "lr": 0.0028399502077213925,
            "weight_decay": 0.005832918089013584
        },
        "model": {
            "arch_type": "tabm-mini",
            "k": 32,
            "backbone": {
                "type": "MLP",
                "n_blocks": 4,
                "d_block": 576,
                "dropout": 0.0
            },
            "num_embeddings": {
                "type": "PiecewiseLinearEmbeddingsV2",
                "d_embedding": 16
            }
        },
        "bins": {
            "n_bins": 70
        }
    },
    "n_parameters": 1875616,
    "prediction_type": "labels",
    "epoch_size": 40,
    "best_step": 1880,
    "metrics": {
        "train": {
            "rmse": 5.567778750748377,
            "mae": 3.282442092895508,
            "r2": 0.9737750106136586,
            "score": -5.567778750748377
        },
        "val": {
            "rmse": 9.424799779895235,
            "mae": 5.545221328735352,
            "r2": 0.9237060375073454,
            "score": -9.424799779895235
        },
        "test": {
            "rmse": 10.086932924348833,
            "mae": 5.757847309112549,
            "r2": 0.9127395918403389,
            "score": -10.086932924348833
        }
    },
    "time": "0:00:10.470868",
    "chunk_size": null,
    "eval_batch_size": 32768
}