{
    "function": "bin.model.main",
    "gpus": [
        "NVIDIA A100-SXM4-40GB"
    ],
    "config": {
        "seed": 13,
        "batch_size": 32,
        "patience": 16,
        "n_epochs": -1,
        "gradient_clipping_norm": 1.0,
        "amp": true,
        "data": {
            "cache": true,
            "path": "data/classif-num-medium-1-wine",
            "num_policy": "noisy-quantile"
        },
        "optimizer": {
            "type": "AdamW",
            "lr": 0.0005487863409787782,
            "weight_decay": 0.0
        },
        "model": {
            "arch_type": "tabm-mini",
            "k": 32,
            "backbone": {
                "type": "MLP",
                "n_blocks": 4,
                "d_block": 640,
                "dropout": 0.0
            },
            "num_embeddings": {
                "type": "PiecewiseLinearEmbeddingsV2",
                "d_embedding": 16
            }
        },
        "bins": {
            "n_bins": 83
        }
    },
    "n_parameters": 1405616,
    "prediction_type": "probs",
    "epoch_size": 56,
    "best_step": 2240,
    "metrics": {
        "train": {
            "0": {
                "precision": 0.9988636363636364,
                "recall": 0.979933110367893,
                "f1-score": 0.9893078221722004,
                "support": 897.0
            },
            "1": {
                "precision": 0.980154355016538,
                "recall": 0.998876404494382,
                "f1-score": 0.9894268224819144,
                "support": 890.0
            },
            "accuracy": 0.9893676552881925,
            "macro avg": {
                "precision": 0.9895089956900872,
                "recall": 0.9894047574311375,
                "f1-score": 0.9893673223270574,
                "support": 1787.0
            },
            "weighted avg": {
                "precision": 0.9895456394979859,
                "recall": 0.9893676552881925,
                "f1-score": 0.9893670892542628,
                "support": 1787.0
            },
            "cross-entropy": 0.07804468080490086,
            "roc-auc": 0.9996505204614632,
            "score": 0.9893676552881925
        },
        "val": {
            "0": {
                "precision": 0.8362068965517241,
                "recall": 0.8016528925619835,
                "f1-score": 0.8185654008438819,
                "support": 121.0
            },
            "1": {
                "precision": 0.7894736842105263,
                "recall": 0.8256880733944955,
                "f1-score": 0.8071748878923767,
                "support": 109.0
            },
            "accuracy": 0.8130434782608695,
            "macro avg": {
                "precision": 0.8128402903811252,
                "recall": 0.8136704829782395,
                "f1-score": 0.8128701443681292,
                "support": 230.0
            },
            "weighted avg": {
                "precision": 0.8140594176595913,
                "recall": 0.8130434782608695,
                "f1-score": 0.8131672881842554,
                "support": 230.0
            },
            "cross-entropy": 0.4832527192845204,
            "roc-auc": 0.8747441049359315,
            "score": 0.8130434782608695
        },
        "test": {
            "0": {
                "precision": 0.8108108108108109,
                "recall": 0.694980694980695,
                "f1-score": 0.7484407484407485,
                "support": 259.0
            },
            "1": {
                "precision": 0.7492063492063492,
                "recall": 0.8489208633093526,
                "f1-score": 0.7959527824620573,
                "support": 278.0
            },
            "accuracy": 0.7746741154562383,
            "macro avg": {
                "precision": 0.7800085800085801,
                "recall": 0.7719507791450237,
                "f1-score": 0.7721967654514028,
                "support": 537.0
            },
            "weighted avg": {
                "precision": 0.7789187431645532,
                "recall": 0.7746741154562383,
                "f1-score": 0.7730372949173293,
                "support": 537.0
            },
            "cross-entropy": 0.5501486275220026,
            "roc-auc": 0.8523096580650537,
            "score": 0.7746741154562383
        }
    },
    "time": "0:00:10.999443",
    "chunk_size": null,
    "eval_batch_size": 32768
}