{
    "function": "bin.model.main",
    "gpus": [
        "NVIDIA A100-SXM4-40GB"
    ],
    "config": {
        "seed": 14,
        "batch_size": 256,
        "patience": 16,
        "n_epochs": -1,
        "gradient_clipping_norm": 1.0,
        "amp": true,
        "data": {
            "cache": true,
            "path": "data/regression-num-medium-0-superconduct",
            "num_policy": "noisy-quantile"
        },
        "optimizer": {
            "type": "AdamW",
            "lr": 0.0005068237351535733,
            "weight_decay": 0.0
        },
        "model": {
            "arch_type": "plain",
            "backbone": {
                "type": "MLP",
                "n_blocks": 6,
                "d_block": 752,
                "dropout": 0.0
            }
        }
    },
    "n_parameters": 2892193,
    "prediction_type": "labels",
    "epoch_size": 40,
    "best_step": 3000,
    "metrics": {
        "train": {
            "rmse": 6.350141640833106,
            "mae": 3.6779909133911133,
            "r2": 0.9658871297665408,
            "score": -6.350141640833106
        },
        "val": {
            "rmse": 10.084368902156701,
            "mae": 5.836645126342773,
            "r2": 0.9126539353900068,
            "score": -10.084368902156701
        },
        "test": {
            "rmse": 10.811219244278213,
            "mae": 6.004018783569336,
            "r2": 0.8997583266410664,
            "score": -10.811219244278213
        }
    },
    "time": "0:00:29.237822",
    "chunk_size": null,
    "eval_batch_size": 32768
}