{
    "function": "bin.model.main",
    "gpus": [
        "NVIDIA A100-SXM4-40GB"
    ],
    "config": {
        "seed": 9,
        "batch_size": 256,
        "patience": 16,
        "n_epochs": -1,
        "gradient_clipping_norm": 1.0,
        "amp": true,
        "data": {
            "cache": true,
            "path": "data/regression-num-medium-0-MiamiHousing2016",
            "num_policy": "noisy-quantile"
        },
        "optimizer": {
            "type": "AdamW",
            "lr": 0.0004555682966569438,
            "weight_decay": 0.09904446398667015
        },
        "model": {
            "arch_type": "plain",
            "backbone": {
                "type": "MLP",
                "n_blocks": 2,
                "d_block": 928,
                "dropout": 0.0
            },
            "num_embeddings": {
                "type": "PeriodicEmbeddings",
                "n_frequencies": 28,
                "d_embedding": 24,
                "frequency_init_scale": 0.02137803087415529,
                "lite": false
            }
        }
    },
    "n_parameters": 1171653,
    "prediction_type": "labels",
    "epoch_size": 39,
    "best_step": 2301,
    "metrics": {
        "train": {
            "rmse": 0.12008418428400565,
            "mae": 0.08518490940332413,
            "r2": 0.9552730947764738,
            "score": -0.12008418428400565
        },
        "val": {
            "rmse": 0.1412135563207894,
            "mae": 0.09825199842453003,
            "r2": 0.9379232738396838,
            "score": -0.1412135563207894
        },
        "test": {
            "rmse": 0.14814644436993432,
            "mae": 0.10262594372034073,
            "r2": 0.9319843444211835,
            "score": -0.14814644436993432
        }
    },
    "time": "0:00:08.066807",
    "chunk_size": null,
    "eval_batch_size": 32768
}