{
    "function": "bin.model.main",
    "gpus": [
        "NVIDIA A100-SXM4-40GB"
    ],
    "config": {
        "seed": 10,
        "batch_size": 32,
        "patience": 16,
        "n_epochs": -1,
        "gradient_clipping_norm": 1.0,
        "amp": true,
        "data": {
            "cache": true,
            "path": "data/classif-num-medium-0-phoneme",
            "num_policy": "noisy-quantile"
        },
        "optimizer": {
            "type": "AdamW",
            "lr": 0.003352763881375269,
            "weight_decay": 0.0
        },
        "model": {
            "arch_type": "tabm-mini",
            "k": 32,
            "backbone": {
                "type": "MLP",
                "n_blocks": 4,
                "d_block": 880,
                "dropout": 0.030296406706836664
            },
            "num_embeddings": {
                "type": "PiecewiseLinearEmbeddingsV2",
                "d_embedding": 12
            }
        },
        "bins": {
            "n_bins": 101
        }
    },
    "n_parameters": 2444004,
    "prediction_type": "probs",
    "epoch_size": 70,
    "best_step": 1750,
    "metrics": {
        "train": {
            "0": {
                "precision": 0.9456625357483317,
                "recall": 0.9051094890510949,
                "f1-score": 0.924941724941725,
                "support": 1096.0
            },
            "1": {
                "precision": 0.9111870196413322,
                "recall": 0.949288256227758,
                "f1-score": 0.9298474945533769,
                "support": 1124.0
            },
            "accuracy": 0.9274774774774774,
            "macro avg": {
                "precision": 0.928424777694832,
                "recall": 0.9271988726394265,
                "f1-score": 0.927394609747551,
                "support": 2220.0
            },
            "weighted avg": {
                "precision": 0.9282073645301933,
                "recall": 0.9274774774774774,
                "f1-score": 0.9274255470333903,
                "support": 2220.0
            },
            "cross-entropy": 0.16442938026233803,
            "roc-auc": 0.985278885367691,
            "score": 0.9274774774774774
        },
        "val": {
            "0": {
                "precision": 0.9219858156028369,
                "recall": 0.8666666666666667,
                "f1-score": 0.8934707903780069,
                "support": 150.0
            },
            "1": {
                "precision": 0.8611111111111112,
                "recall": 0.9185185185185185,
                "f1-score": 0.8888888888888888,
                "support": 135.0
            },
            "accuracy": 0.8912280701754386,
            "macro avg": {
                "precision": 0.891548463356974,
                "recall": 0.8925925925925926,
                "f1-score": 0.8911798396334478,
                "support": 285.0
            },
            "weighted avg": {
                "precision": 0.8931504292646509,
                "recall": 0.8912280701754386,
                "f1-score": 0.8913004159884247,
                "support": 285.0
            },
            "cross-entropy": 0.34341381081292943,
            "roc-auc": 0.9414814814814815,
            "score": 0.8912280701754386
        },
        "test": {
            "0": {
                "precision": 0.9304635761589404,
                "recall": 0.8264705882352941,
                "f1-score": 0.8753894080996883,
                "support": 340.0
            },
            "1": {
                "precision": 0.8383561643835616,
                "recall": 0.9357798165137615,
                "f1-score": 0.8843930635838151,
                "support": 327.0
            },
            "accuracy": 0.8800599700149925,
            "macro avg": {
                "precision": 0.8844098702712511,
                "recall": 0.8811252023745277,
                "f1-score": 0.8798912358417517,
                "support": 667.0
            },
            "weighted avg": {
                "precision": 0.8853074687368282,
                "recall": 0.8800599700149925,
                "f1-score": 0.8798034940716665,
                "support": 667.0
            },
            "cross-entropy": 0.3560496446890411,
            "roc-auc": 0.9398003237992445,
            "score": 0.8800599700149925
        }
    },
    "time": "0:00:10.656077",
    "chunk_size": null,
    "eval_batch_size": 32768
}