{
    "function": "bin.model.main",
    "gpus": [
        "NVIDIA A100-SXM4-80GB"
    ],
    "config": {
        "seed": 2,
        "batch_size": 256,
        "patience": 16,
        "n_epochs": -1,
        "gradient_clipping_norm": 1.0,
        "amp": true,
        "data": {
            "cache": true,
            "path": "data/regression-num-medium-0-Ailerons",
            "num_policy": "noisy-quantile"
        },
        "optimizer": {
            "type": "AdamW",
            "lr": 0.0029682686109025027,
            "weight_decay": 0.0028664581709658037
        },
        "model": {
            "arch_type": "tabm",
            "k": 32,
            "backbone": {
                "type": "MLP",
                "n_blocks": 3,
                "d_block": 800,
                "dropout": 0.2907162924238179
            }
        }
    },
    "n_parameters": 1537888,
    "prediction_type": "labels",
    "epoch_size": 38,
    "best_step": 1596,
    "metrics": {
        "train": {
            "rmse": 0.0001350542673135532,
            "mae": 0.00010093073069583625,
            "r2": 0.8928336573078008,
            "score": -0.0001350542673135532
        },
        "val": {
            "rmse": 0.00015041904963969757,
            "mae": 0.00011125180753879249,
            "r2": 0.8469865324431496,
            "score": -0.00015041904963969757
        },
        "test": {
            "rmse": 0.00015696266150690456,
            "mae": 0.0001136832288466394,
            "r2": 0.8469397316644824,
            "score": -0.00015696266150690456
        }
    },
    "time": "0:00:17.874595",
    "chunk_size": null,
    "eval_batch_size": 32768
}