{
    "function": "bin.model.main",
    "gpus": [
        "NVIDIA A100-SXM4-40GB"
    ],
    "config": {
        "seed": 2,
        "batch_size": 512,
        "patience": 16,
        "n_epochs": -1,
        "gradient_clipping_norm": 1.0,
        "amp": true,
        "data": {
            "cache": true,
            "path": "data/regression-num-large-0-year",
            "num_policy": "noisy-quantile"
        },
        "optimizer": {
            "type": "AdamW",
            "lr": 0.0029232454363218546,
            "weight_decay": 0.0
        },
        "model": {
            "arch_type": "tabm-mini",
            "k": 32,
            "backbone": {
                "type": "MLP",
                "n_blocks": 3,
                "d_block": 640,
                "dropout": 0.31823104942087554
            },
            "num_embeddings": {
                "type": "PiecewiseLinearEmbeddings",
                "d_embedding": 20
            }
        },
        "bins": {
            "n_bins": 2
        }
    },
    "n_parameters": 2058432,
    "prediction_type": "labels",
    "epoch_size": 98,
    "best_step": 2450,
    "metrics": {
        "train": {
            "rmse": 7.720091668409926,
            "mae": 5.455341815948486,
            "r2": 0.5066383612465812,
            "score": -7.720091668409926
        },
        "val": {
            "rmse": 8.796855919717318,
            "mae": 6.062431812286377,
            "r2": 0.3296288178617147,
            "score": -8.796855919717318
        },
        "test": {
            "rmse": 8.882675505347517,
            "mae": 6.0724334716796875,
            "r2": 0.33561740650292293,
            "score": -8.882675505347517
        }
    },
    "time": "0:00:20.363083",
    "chunk_size": null,
    "eval_batch_size": 32768
}