{
    "function": "bin.ensemble.main",
    "config": {
        "seeds": [
            0,
            1,
            2,
            3,
            4
        ],
        "data": {
            "path": "data/classif-num-medium-1-credit"
        }
    },
    "single_model_function": "bin.model.main",
    "prediction_type": "probs",
    "metrics": {
        "train": {
            "0": {
                "precision": 0.7834023334587881,
                "recall": 0.8256644188813963,
                "f1-score": 0.8039783700270374,
                "support": 5042.0
            },
            "1": {
                "precision": 0.8124199743918054,
                "recall": 0.7678499394917305,
                "f1-score": 0.7895064288676897,
                "support": 4958.0
            },
            "accuracy": 0.797,
            "macro avg": {
                "precision": 0.7979111539252968,
                "recall": 0.7967571791865634,
                "f1-score": 0.7967423994473636,
                "support": 10000.0
            },
            "weighted avg": {
                "precision": 0.797789279833378,
                "recall": 0.797,
                "f1-score": 0.7968031816002329,
                "support": 10000.0
            },
            "cross-entropy": 0.4350122147378304,
            "roc-auc": 0.880230409057663,
            "score": 0.797
        },
        "val": {
            "0": {
                "precision": 0.7558906691800189,
                "recall": 0.7917077986179665,
                "f1-score": 0.7733847637415623,
                "support": 1013.0
            },
            "1": {
                "precision": 0.7785939139559287,
                "recall": 0.7412587412587412,
                "f1-score": 0.7594677584442171,
                "support": 1001.0
            },
            "accuracy": 0.7666335650446872,
            "macro avg": {
                "precision": 0.7672422915679737,
                "recall": 0.7664832699383539,
                "f1-score": 0.7664262610928897,
                "support": 2014.0
            },
            "weighted avg": {
                "precision": 0.7671746552876086,
                "recall": 0.7666335650446872,
                "f1-score": 0.7664677218832491,
                "support": 2014.0
            },
            "cross-entropy": 0.4848343359381994,
            "roc-auc": 0.847215962714482,
            "score": 0.7666335650446872
        },
        "test": {
            "0": {
                "precision": 0.7625155151013653,
                "recall": 0.8006081668114683,
                "f1-score": 0.7810976901885992,
                "support": 2302.0
            },
            "1": {
                "precision": 0.7989487516425755,
                "recall": 0.7606338615512928,
                "f1-score": 0.7793206579790641,
                "support": 2398.0
            },
            "accuracy": 0.7802127659574468,
            "macro avg": {
                "precision": 0.7807321333719703,
                "recall": 0.7806210141813805,
                "f1-score": 0.7802091740838317,
                "support": 4700.0
            },
            "weighted avg": {
                "precision": 0.7811042174898382,
                "recall": 0.7802127659574468,
                "f1-score": 0.7801910256697769,
                "support": 4700.0
            },
            "cross-entropy": 0.47945635698849437,
            "roc-auc": 0.8535796555049857,
            "score": 0.7802127659574468
        }
    }
}