{
    "function": "bin.model.main",
    "gpus": [
        "NVIDIA A100-SXM4-80GB"
    ],
    "config": {
        "seed": 3,
        "batch_size": 256,
        "patience": 16,
        "n_epochs": -1,
        "gradient_clipping_norm": 1.0,
        "amp": true,
        "data": {
            "cache": true,
            "path": "data/regression-num-medium-1-Ailerons",
            "num_policy": "noisy-quantile"
        },
        "optimizer": {
            "type": "AdamW",
            "lr": 0.0026645080153556364,
            "weight_decay": 0.02063174076368045
        },
        "model": {
            "arch_type": "tabm",
            "k": 32,
            "share_training_batches": false,
            "backbone": {
                "type": "MLP",
                "n_blocks": 1,
                "d_block": 368,
                "dropout": 0.3007385119228758
            },
            "num_embeddings": {
                "type": "PiecewiseLinearEmbeddingsV2",
                "d_embedding": 32
            }
        },
        "bins": {
            "n_bins": 9
        }
    },
    "n_parameters": 469376,
    "prediction_type": "labels",
    "epoch_size": 38,
    "best_step": 1900,
    "metrics": {
        "train": {
            "rmse": 0.00012570692357675176,
            "mae": 9.26625871215947e-05,
            "r2": 0.904675857780106,
            "score": -0.00012570692357675176
        },
        "val": {
            "rmse": 0.00014225599083645145,
            "mae": 0.0001040041315718554,
            "r2": 0.8757679958608864,
            "score": -0.00014225599083645145
        },
        "test": {
            "rmse": 0.0001556020664037723,
            "mae": 0.00010912621655734256,
            "r2": 0.8571090513432461,
            "score": -0.0001556020664037723
        }
    },
    "time": "0:00:06.899333",
    "chunk_size": null,
    "eval_batch_size": 32768
}