{
    "function": "bin.ensemble.main",
    "config": {
        "seeds": [
            10,
            11,
            12,
            13,
            14
        ],
        "data": {
            "path": "data/classif-num-medium-0-kdd_ipums_la_97-small"
        }
    },
    "single_model_function": "bin.model.main",
    "prediction_type": "probs",
    "metrics": {
        "train": {
            "0": {
                "precision": 0.9749843652282677,
                "recall": 0.8519125683060109,
                "f1-score": 0.9093030037911928,
                "support": 1830.0
            },
            "1": {
                "precision": 0.8666338582677166,
                "recall": 0.9777901166018879,
                "f1-score": 0.9188625097834594,
                "support": 1801.0
            },
            "accuracy": 0.9143486642798128,
            "macro avg": {
                "precision": 0.9208091117479922,
                "recall": 0.9148513424539494,
                "f1-score": 0.9140827567873261,
                "support": 3631.0
            },
            "weighted avg": {
                "precision": 0.921241797606138,
                "recall": 0.9143486642798128,
                "f1-score": 0.9140445819492957,
                "support": 3631.0
            },
            "cross-entropy": 0.21538237723632694,
            "roc-auc": 0.9641844391245908,
            "score": 0.9143486642798128
        },
        "val": {
            "0": {
                "precision": 0.9454545454545454,
                "recall": 0.859504132231405,
                "f1-score": 0.9004329004329004,
                "support": 242.0
            },
            "1": {
                "precision": 0.8623481781376519,
                "recall": 0.9466666666666667,
                "f1-score": 0.902542372881356,
                "support": 225.0
            },
            "accuracy": 0.9014989293361885,
            "macro avg": {
                "precision": 0.9039013617960987,
                "recall": 0.9030853994490358,
                "f1-score": 0.9014876366571282,
                "support": 467.0
            },
            "weighted avg": {
                "precision": 0.9054140044560421,
                "recall": 0.9014989293361885,
                "f1-score": 0.9014492415483233,
                "support": 467.0
            },
            "cross-entropy": 0.2544456150321887,
            "roc-auc": 0.9546556473829201,
            "score": 0.9014989293361885
        },
        "test": {
            "0": {
                "precision": 0.9202586206896551,
                "recall": 0.8180076628352491,
                "f1-score": 0.8661257606490872,
                "support": 522.0
            },
            "1": {
                "precision": 0.8482428115015974,
                "recall": 0.9348591549295775,
                "f1-score": 0.8894472361809045,
                "support": 568.0
            },
            "accuracy": 0.8788990825688073,
            "macro avg": {
                "precision": 0.8842507160956263,
                "recall": 0.8764334088824133,
                "f1-score": 0.8777864984149959,
                "support": 1090.0
            },
            "weighted avg": {
                "precision": 0.8827311164522085,
                "recall": 0.8788990825688073,
                "f1-score": 0.8782786029445663,
                "support": 1090.0
            },
            "cross-entropy": 0.28986456213725414,
            "roc-auc": 0.9407513086179914,
            "score": 0.8788990825688073
        }
    }
}