{
    "function": "bin.model.main",
    "gpus": [
        "NVIDIA A100-SXM4-80GB"
    ],
    "config": {
        "seed": 7,
        "batch_size": 256,
        "patience": 16,
        "n_epochs": -1,
        "gradient_clipping_norm": 1.0,
        "amp": true,
        "data": {
            "cache": true,
            "path": "data/regression-num-medium-1-MiamiHousing2016",
            "num_policy": "noisy-quantile"
        },
        "optimizer": {
            "type": "AdamW",
            "lr": 0.0025198979903674167,
            "weight_decay": 0.008642192189916747
        },
        "model": {
            "arch_type": "tabm-mini",
            "k": 32,
            "share_training_batches": false,
            "backbone": {
                "type": "MLP",
                "n_blocks": 4,
                "d_block": 704,
                "dropout": 0.0
            },
            "num_embeddings": {
                "type": "PiecewiseLinearEmbeddings",
                "d_embedding": 8
            }
        },
        "bins": {
            "n_bins": 20
        }
    },
    "n_parameters": 1591056,
    "prediction_type": "labels",
    "epoch_size": 39,
    "best_step": 1482,
    "metrics": {
        "train": {
            "rmse": 0.09759919884275446,
            "mae": 0.07047534734010696,
            "r2": 0.9707541353199018,
            "score": -0.09759919884275446
        },
        "val": {
            "rmse": 0.1331447694431327,
            "mae": 0.09207870066165924,
            "r2": 0.9403242243149316,
            "score": -0.1331447694431327
        },
        "test": {
            "rmse": 0.14285229098327498,
            "mae": 0.09671539068222046,
            "r2": 0.9366208847240755,
            "score": -0.14285229098327498
        }
    },
    "time": "0:00:07.361409",
    "chunk_size": null,
    "eval_batch_size": 32768
}