{
    "function": "bin.model.main",
    "gpus": [
        "NVIDIA A100-SXM4-80GB"
    ],
    "config": {
        "seed": 13,
        "batch_size": 32,
        "patience": 16,
        "n_epochs": -1,
        "gradient_clipping_norm": 1.0,
        "amp": true,
        "data": {
            "cache": true,
            "path": "data/classif-num-medium-1-wine",
            "num_policy": "noisy-quantile"
        },
        "optimizer": {
            "type": "AdamW",
            "lr": 0.003589745379021542,
            "weight_decay": 0.00010086838290423136
        },
        "model": {
            "arch_type": "tabm-mini",
            "k": 32,
            "backbone": {
                "type": "MLP",
                "n_blocks": 5,
                "d_block": 624,
                "dropout": 0.0
            }
        }
    },
    "n_parameters": 1607840,
    "prediction_type": "probs",
    "epoch_size": 56,
    "best_step": 2744,
    "metrics": {
        "train": {
            "0": {
                "precision": 1.0,
                "recall": 0.9955406911928651,
                "f1-score": 0.9977653631284916,
                "support": 897.0
            },
            "1": {
                "precision": 0.9955257270693513,
                "recall": 1.0,
                "f1-score": 0.9977578475336324,
                "support": 890.0
            },
            "accuracy": 0.9977616116396195,
            "macro avg": {
                "precision": 0.9977628635346756,
                "recall": 0.9977703455964326,
                "f1-score": 0.9977616053310621,
                "support": 1787.0
            },
            "weighted avg": {
                "precision": 0.9977716268000687,
                "recall": 0.9977616116396195,
                "f1-score": 0.9977616200510295,
                "support": 1787.0
            },
            "cross-entropy": 0.04167701446191115,
            "roc-auc": 0.9999824633923315,
            "score": 0.9977616116396195
        },
        "val": {
            "0": {
                "precision": 0.7819548872180451,
                "recall": 0.859504132231405,
                "f1-score": 0.8188976377952756,
                "support": 121.0
            },
            "1": {
                "precision": 0.8247422680412371,
                "recall": 0.7339449541284404,
                "f1-score": 0.7766990291262136,
                "support": 109.0
            },
            "accuracy": 0.8,
            "macro avg": {
                "precision": 0.8033485776296411,
                "recall": 0.7967245431799227,
                "f1-score": 0.7977983334607446,
                "support": 230.0
            },
            "weighted avg": {
                "precision": 0.8022323850864272,
                "recall": 0.8,
                "f1-score": 0.7988991667303723,
                "support": 230.0
            },
            "cross-entropy": 0.4993059671513459,
            "roc-auc": 0.866479642126014,
            "score": 0.8
        },
        "test": {
            "0": {
                "precision": 0.7983870967741935,
                "recall": 0.7644787644787645,
                "f1-score": 0.7810650887573964,
                "support": 259.0
            },
            "1": {
                "precision": 0.7889273356401384,
                "recall": 0.8201438848920863,
                "f1-score": 0.8042328042328043,
                "support": 278.0
            },
            "accuracy": 0.7932960893854749,
            "macro avg": {
                "precision": 0.793657216207166,
                "recall": 0.7923113246854254,
                "f1-score": 0.7926489464951003,
                "support": 537.0
            },
            "weighted avg": {
                "precision": 0.7934898647532115,
                "recall": 0.7932960893854749,
                "f1-score": 0.7930588036590042,
                "support": 537.0
            },
            "cross-entropy": 0.48965328532223384,
            "roc-auc": 0.8677120079997778,
            "score": 0.7932960893854749
        }
    },
    "time": "0:00:10.901013",
    "chunk_size": null,
    "eval_batch_size": 32768
}