{
    "function": "bin.ensemble.main",
    "config": {
        "seeds": [
            0,
            1,
            2,
            3,
            4
        ],
        "data": {
            "path": "data/black-friday"
        }
    },
    "single_model_function": "bin.model.main",
    "prediction_type": "labels",
    "metrics": {
        "train": {
            "rmse": 0.6490023347521667,
            "mae": 0.5017973780632019,
            "r2": 0.5780818567920785,
            "score": -0.6490023347521667
        },
        "val": {
            "rmse": 0.6802956064112927,
            "mae": 0.5252504348754883,
            "r2": 0.535880239371588,
            "score": -0.6802956064112927
        },
        "test": {
            "rmse": 0.6812254945039731,
            "mae": 0.5273129343986511,
            "r2": 0.5394358504003285,
            "score": -0.6812254945039731
        }
    }
}