{
    "function": "bin.model.main",
    "gpus": [
        "NVIDIA A100-SXM4-80GB"
    ],
    "config": {
        "seed": 6,
        "batch_size": 256,
        "patience": 16,
        "n_epochs": -1,
        "gradient_clipping_norm": 1.0,
        "amp": true,
        "data": {
            "cache": true,
            "path": "data/regression-cat-medium-1-Brazilian_houses",
            "num_policy": "noisy-quantile",
            "cat_policy": "ordinal"
        },
        "optimizer": {
            "type": "AdamW",
            "lr": 0.0029493837188771725,
            "weight_decay": 0.0747268213300676
        },
        "model": {
            "arch_type": "tabm",
            "k": 32,
            "share_training_batches": false,
            "backbone": {
                "type": "MLP",
                "n_blocks": 2,
                "d_block": 320,
                "dropout": 0.20183543795322934
            }
        }
    },
    "n_parameters": 169856,
    "prediction_type": "labels",
    "epoch_size": 30,
    "best_step": 1980,
    "metrics": {
        "train": {
            "rmse": 0.04067173050260504,
            "mae": 0.012259761802852154,
            "r2": 0.997441760711313,
            "score": -0.04067173050260504
        },
        "val": {
            "rmse": 0.02312286480465345,
            "mae": 0.011429320089519024,
            "r2": 0.9991368781038591,
            "score": -0.02312286480465345
        },
        "test": {
            "rmse": 0.03283154255777323,
            "mae": 0.011807138100266457,
            "r2": 0.9982436967658169,
            "score": -0.03283154255777323
        }
    },
    "time": "0:00:06.412391",
    "chunk_size": null,
    "eval_batch_size": 32768
}