{
    "function": "bin.model.main",
    "gpus": [
        "NVIDIA A100-SXM4-80GB"
    ],
    "config": {
        "seed": 3,
        "batch_size": 64,
        "patience": 16,
        "n_epochs": -1,
        "gradient_clipping_norm": 1.0,
        "amp": true,
        "data": {
            "cache": true,
            "path": "data/regression-cat-medium-4-Mercedes_Benz_Greener_Manufacturing",
            "cat_policy": "ordinal"
        },
        "optimizer": {
            "type": "AdamW",
            "lr": 0.00017195336016980137,
            "weight_decay": 0.0005572911627670297
        },
        "model": {
            "arch_type": "tabm-mini",
            "k": 32,
            "backbone": {
                "type": "MLP",
                "n_blocks": 5,
                "d_block": 64,
                "dropout": 0.3708474922070821
            }
        }
    },
    "n_parameters": 88672,
    "prediction_type": "labels",
    "epoch_size": 47,
    "best_step": 4465,
    "metrics": {
        "train": {
            "rmse": 8.252559380466462,
            "mae": 5.137353420257568,
            "r2": 0.5844602446362053,
            "score": -8.252559380466462
        },
        "val": {
            "rmse": 8.042384878181881,
            "mae": 5.392605304718018,
            "r2": 0.5780435805189484,
            "score": -8.042384878181881
        },
        "test": {
            "rmse": 8.014146218519874,
            "mae": 5.280281066894531,
            "r2": 0.5810334102056449,
            "score": -8.014146218519874
        }
    },
    "time": "0:01:11.486655",
    "chunk_size": null,
    "eval_batch_size": 32768
}