{
    "function": "bin.model.main",
    "gpus": [
        "NVIDIA A100-SXM4-40GB"
    ],
    "config": {
        "seed": 11,
        "batch_size": 256,
        "patience": 16,
        "n_epochs": -1,
        "gradient_clipping_norm": 1.0,
        "amp": true,
        "data": {
            "cache": true,
            "path": "data/classif-num-medium-1-credit",
            "num_policy": "noisy-quantile"
        },
        "optimizer": {
            "type": "AdamW",
            "lr": 0.0002598602645370558,
            "weight_decay": 0.0
        },
        "model": {
            "arch_type": "tabm",
            "k": 32,
            "backbone": {
                "type": "MLP",
                "n_blocks": 5,
                "d_block": 880,
                "dropout": 0.0
            }
        }
    },
    "n_parameters": 3557344,
    "prediction_type": "probs",
    "epoch_size": 40,
    "best_step": 960,
    "metrics": {
        "train": {
            "0": {
                "precision": 0.785108024691358,
                "recall": 0.807219357397858,
                "f1-score": 0.7960101701545081,
                "support": 5042.0
            },
            "1": {
                "precision": 0.7981727574750831,
                "recall": 0.7753126260588947,
                "f1-score": 0.7865766318804994,
                "support": 4958.0
            },
            "accuracy": 0.7914,
            "macro avg": {
                "precision": 0.7916403910832206,
                "recall": 0.7912659917283764,
                "f1-score": 0.7912934010175038,
                "support": 10000.0
            },
            "weighted avg": {
                "precision": 0.7915855192055289,
                "recall": 0.7914,
                "f1-score": 0.7913330218782546,
                "support": 10000.0
            },
            "cross-entropy": 0.44773380483771924,
            "roc-auc": 0.8731593901265673,
            "score": 0.7914
        },
        "val": {
            "0": {
                "precision": 0.7647628267182962,
                "recall": 0.7798617966436328,
                "f1-score": 0.7722385141739979,
                "support": 1013.0
            },
            "1": {
                "precision": 0.7726809378185525,
                "recall": 0.7572427572427572,
                "f1-score": 0.7648839556004036,
                "support": 1001.0
            },
            "accuracy": 0.7686196623634558,
            "macro avg": {
                "precision": 0.7687218822684243,
                "recall": 0.768552276943195,
                "f1-score": 0.7685612348872007,
                "support": 2014.0
            },
            "weighted avg": {
                "precision": 0.7686982930595855,
                "recall": 0.7686196623634558,
                "f1-score": 0.7685831451907964,
                "support": 2014.0
            },
            "cross-entropy": 0.4891095896370387,
            "roc-auc": 0.8456952721513432,
            "score": 0.7686196623634558
        },
        "test": {
            "0": {
                "precision": 0.7654530059271804,
                "recall": 0.7854039965247611,
                "f1-score": 0.7753001715265867,
                "support": 2302.0
            },
            "1": {
                "precision": 0.7887082976903336,
                "recall": 0.7689741451209341,
                "f1-score": 0.7787162162162161,
                "support": 2398.0
            },
            "accuracy": 0.7770212765957447,
            "macro avg": {
                "precision": 0.777080651808757,
                "recall": 0.7771890708228476,
                "f1-score": 0.7770081938714014,
                "support": 4700.0
            },
            "weighted avg": {
                "precision": 0.7773181526608062,
                "recall": 0.7770212765957447,
                "f1-score": 0.7770430811363168,
                "support": 4700.0
            },
            "cross-entropy": 0.4836271091255822,
            "roc-auc": 0.8513733026870786,
            "score": 0.7770212765957447
        }
    },
    "time": "0:00:24.935368",
    "chunk_size": null,
    "eval_batch_size": 32768
}