{
    "function": "bin.model.main",
    "gpus": [
        "NVIDIA A100-SXM4-80GB"
    ],
    "config": {
        "seed": 3,
        "batch_size": 64,
        "patience": 16,
        "n_epochs": -1,
        "gradient_clipping_norm": 1.0,
        "amp": true,
        "data": {
            "cache": true,
            "path": "data/classif-num-medium-2-kdd_ipums_la_97-small",
            "num_policy": "noisy-quantile"
        },
        "optimizer": {
            "type": "AdamW",
            "lr": 0.002751906902221753,
            "weight_decay": 0.00015595491622494173
        },
        "model": {
            "arch_type": "tabm",
            "k": 32,
            "backbone": {
                "type": "MLP",
                "n_blocks": 4,
                "d_block": 912,
                "dropout": 0.0
            }
        }
    },
    "n_parameters": 2893568,
    "prediction_type": "probs",
    "epoch_size": 57,
    "best_step": 342,
    "metrics": {
        "train": {
            "0": {
                "precision": 0.9610223642172524,
                "recall": 0.8350916157690172,
                "f1-score": 0.8936423054070114,
                "support": 1801.0
            },
            "1": {
                "precision": 0.856243949661181,
                "recall": 0.9666666666666667,
                "f1-score": 0.9081108829568788,
                "support": 1830.0
            },
            "accuracy": 0.9014045717433214,
            "macro avg": {
                "precision": 0.9086331569392168,
                "recall": 0.900879141217842,
                "f1-score": 0.9008765941819451,
                "support": 3631.0
            },
            "weighted avg": {
                "precision": 0.9082147358400531,
                "recall": 0.9014045717433214,
                "f1-score": 0.9009343728584731,
                "support": 3631.0
            },
            "cross-entropy": 0.24372047742304273,
            "roc-auc": 0.9569367958905648,
            "score": 0.9014045717433214
        },
        "val": {
            "0": {
                "precision": 0.9690721649484536,
                "recall": 0.8245614035087719,
                "f1-score": 0.8909952606635071,
                "support": 228.0
            },
            "1": {
                "precision": 0.8534798534798534,
                "recall": 0.9748953974895398,
                "f1-score": 0.91015625,
                "support": 239.0
            },
            "accuracy": 0.9014989293361885,
            "macro avg": {
                "precision": 0.9112760092141535,
                "recall": 0.8997284004991559,
                "f1-score": 0.9005757553317535,
                "support": 467.0
            },
            "weighted avg": {
                "precision": 0.9099146436615255,
                "recall": 0.9014989293361885,
                "f1-score": 0.9008014200883933,
                "support": 467.0
            },
            "cross-entropy": 0.24509676110417153,
            "roc-auc": 0.9593151288262497,
            "score": 0.9014989293361885
        },
        "test": {
            "0": {
                "precision": 0.9621848739495799,
                "recall": 0.8106194690265487,
                "f1-score": 0.8799231508165226,
                "support": 565.0
            },
            "1": {
                "precision": 0.8257328990228013,
                "recall": 0.9657142857142857,
                "f1-score": 0.8902546093064092,
                "support": 525.0
            },
            "accuracy": 0.8853211009174312,
            "macro avg": {
                "precision": 0.8939588864861906,
                "recall": 0.8881668773704172,
                "f1-score": 0.8850888800614659,
                "support": 1090.0
            },
            "weighted avg": {
                "precision": 0.8964625924481499,
                "recall": 0.8853211009174312,
                "f1-score": 0.8848993120157799,
                "support": 1090.0
            },
            "cross-entropy": 0.2729296312358065,
            "roc-auc": 0.9429009692372524,
            "score": 0.8853211009174312
        }
    },
    "time": "0:00:04.454186",
    "chunk_size": null,
    "eval_batch_size": 32768
}