{
    "function": "bin.model.main",
    "gpus": [
        "NVIDIA A100-SXM4-80GB"
    ],
    "config": {
        "seed": 8,
        "batch_size": 64,
        "patience": 16,
        "n_epochs": -1,
        "gradient_clipping_norm": 1.0,
        "amp": true,
        "data": {
            "cache": true,
            "path": "data/classif-cat-medium-1-KDDCup09_upselling",
            "num_policy": "noisy-quantile",
            "cat_policy": "ordinal"
        },
        "optimizer": {
            "type": "AdamW",
            "lr": 0.0012310456106994143,
            "weight_decay": 0.0
        },
        "model": {
            "arch_type": "tabm-mini",
            "k": 32,
            "backbone": {
                "type": "MLP",
                "n_blocks": 4,
                "d_block": 464,
                "dropout": 0.28595522403103607
            }
        }
    },
    "n_parameters": 729088,
    "prediction_type": "probs",
    "epoch_size": 57,
    "best_step": 1197,
    "metrics": {
        "train": {
            "0": {
                "precision": 0.783068783068783,
                "recall": 0.9110240626748741,
                "f1-score": 0.8422141748577341,
                "support": 1787.0
            },
            "1": {
                "precision": 0.8947019867549669,
                "recall": 0.7497225305216426,
                "f1-score": 0.8158212560386474,
                "support": 1802.0
            },
            "accuracy": 0.8300362217887991,
            "macro avg": {
                "precision": 0.8388853849118749,
                "recall": 0.8303732965982584,
                "f1-score": 0.8290177154481908,
                "support": 3589.0
            },
            "weighted avg": {
                "precision": 0.8391186668922724,
                "recall": 0.8300362217887991,
                "f1-score": 0.8289625616752335,
                "support": 3589.0
            },
            "cross-entropy": 0.3206194969368765,
            "roc-auc": 0.9346041549307583,
            "score": 0.8300362217887991
        },
        "val": {
            "0": {
                "precision": 0.8007380073800738,
                "recall": 0.9194915254237288,
                "f1-score": 0.8560157790927022,
                "support": 236.0
            },
            "1": {
                "precision": 0.9,
                "recall": 0.76,
                "f1-score": 0.8240963855421687,
                "support": 225.0
            },
            "accuracy": 0.841648590021692,
            "macro avg": {
                "precision": 0.8503690036900369,
                "recall": 0.8397457627118644,
                "f1-score": 0.8400560823174354,
                "support": 461.0
            },
            "weighted avg": {
                "precision": 0.8491847499819901,
                "recall": 0.841648590021692,
                "f1-score": 0.8404368993771489,
                "support": 461.0
            },
            "cross-entropy": 0.3176355699535209,
            "roc-auc": 0.9291525423728814,
            "score": 0.841648590021692
        },
        "test": {
            "0": {
                "precision": 0.7548076923076923,
                "recall": 0.8706099815157117,
                "f1-score": 0.8085836909871246,
                "support": 541.0
            },
            "1": {
                "precision": 0.8458149779735683,
                "recall": 0.7150837988826816,
                "f1-score": 0.7749747729566094,
                "support": 537.0
            },
            "accuracy": 0.7931354359925789,
            "macro avg": {
                "precision": 0.8003113351406304,
                "recall": 0.7928468901991966,
                "f1-score": 0.7917792319718671,
                "support": 1078.0
            },
            "weighted avg": {
                "precision": 0.8001424904547939,
                "recall": 0.7931354359925789,
                "f1-score": 0.7918415861797158,
                "support": 1078.0
            },
            "cross-entropy": 0.3848301447881362,
            "roc-auc": 0.8979440101611955,
            "score": 0.7931354359925789
        }
    },
    "time": "0:00:07.115547",
    "chunk_size": null,
    "eval_batch_size": 32768
}