{
    "function": "bin.model.main",
    "gpus": [
        "NVIDIA A100-SXM4-40GB"
    ],
    "config": {
        "seed": 5,
        "batch_size": 256,
        "patience": 16,
        "n_epochs": -1,
        "gradient_clipping_norm": 1.0,
        "amp": true,
        "data": {
            "cache": true,
            "path": "data/regression-num-medium-0-elevators",
            "num_policy": "noisy-quantile"
        },
        "optimizer": {
            "type": "AdamW",
            "lr": 0.002749447473543278,
            "weight_decay": 0.0
        },
        "model": {
            "arch_type": "tabm",
            "k": 32,
            "backbone": {
                "type": "MLP",
                "n_blocks": 5,
                "d_block": 176,
                "dropout": 0.0
            }
        }
    },
    "n_parameters": 211744,
    "prediction_type": "labels",
    "epoch_size": 40,
    "best_step": 1160,
    "metrics": {
        "train": {
            "rmse": 0.0017193332958767194,
            "mae": 0.0012942623579874635,
            "r2": 0.9330732663008802,
            "score": -0.0017193332958767194
        },
        "val": {
            "rmse": 0.0019405081927621724,
            "mae": 0.0014144089072942734,
            "r2": 0.9172016688984268,
            "score": -0.0019405081927621724
        },
        "test": {
            "rmse": 0.0018570295024385424,
            "mae": 0.001394608523696661,
            "r2": 0.92663222589347,
            "score": -0.0018570295024385424
        }
    },
    "time": "0:00:15.424041",
    "chunk_size": null,
    "eval_batch_size": 32768
}