{
    "function": "bin.ensemble.main",
    "config": {
        "seeds": [
            5,
            6,
            7,
            8,
            9
        ],
        "data": {
            "path": "data/higgs-small"
        }
    },
    "single_model_function": "bin.model.main",
    "prediction_type": "probs",
    "metrics": {
        "train": {
            "0": {
                "precision": 0.7641465053763441,
                "recall": 0.7687445067946724,
                "f1-score": 0.7664386100906609,
                "support": 29582.0
            },
            "1": {
                "precision": 0.792640417083447,
                "recall": 0.7883867466610389,
                "f1-score": 0.7905078597339783,
                "support": 33169.0
            },
            "accuracy": 0.7791270258641296,
            "macro avg": {
                "precision": 0.7783934612298955,
                "recall": 0.7785656267278557,
                "f1-score": 0.7784732349123196,
                "support": 62751.0
            },
            "weighted avg": {
                "precision": 0.7792078519272022,
                "recall": 0.7791270258641296,
                "f1-score": 0.7791611633793607,
                "support": 62751.0
            },
            "cross-entropy": 0.46712152284619013,
            "roc-auc": 0.8650272968648016,
            "score": 0.7791270258641296
        },
        "val": {
            "0": {
                "precision": 0.7260612721527683,
                "recall": 0.7145754461871282,
                "f1-score": 0.7202725724020442,
                "support": 7396.0
            },
            "1": {
                "precision": 0.748959448210251,
                "recall": 0.7595272551857212,
                "f1-score": 0.7542063349500031,
                "support": 8292.0
            },
            "accuracy": 0.7383350331463538,
            "macro avg": {
                "precision": 0.7375103601815096,
                "recall": 0.7370513506864247,
                "f1-score": 0.7372394536760236,
                "support": 15688.0
            },
            "weighted avg": {
                "precision": 0.7381642601607137,
                "recall": 0.7383350331463538,
                "f1-score": 0.7382084953398104,
                "support": 15688.0
            },
            "cross-entropy": 0.5125235416300632,
            "roc-auc": 0.8223081155326525,
            "score": 0.7383350331463538
        },
        "test": {
            "0": {
                "precision": 0.721206877906348,
                "recall": 0.721362898864251,
                "f1-score": 0.7212848799480857,
                "support": 9245.0
            },
            "1": {
                "precision": 0.7514233330116762,
                "recall": 0.7512783405692234,
                "f1-score": 0.7513508297954458,
                "support": 10365.0
            },
            "accuracy": 0.7371749107598164,
            "macro avg": {
                "precision": 0.736315105459012,
                "recall": 0.7363206197167371,
                "f1-score": 0.7363178548717657,
                "support": 19610.0
            },
            "weighted avg": {
                "precision": 0.7371779924992458,
                "recall": 0.7371749107598164,
                "f1-score": 0.7371764439546071,
                "support": 19610.0
            },
            "cross-entropy": 0.519163654359361,
            "roc-auc": 0.8170479081925094,
            "score": 0.7371749107598164
        }
    }
}