{
    "function": "bin.model.main",
    "gpus": [
        "NVIDIA A100-SXM4-80GB"
    ],
    "config": {
        "seed": 2,
        "batch_size": 256,
        "patience": 16,
        "n_epochs": -1,
        "gradient_clipping_norm": 1.0,
        "amp": true,
        "data": {
            "cache": true,
            "path": "data/regression-num-medium-0-elevators",
            "num_policy": "noisy-quantile"
        },
        "optimizer": {
            "type": "AdamW",
            "lr": 0.0018105172770957899,
            "weight_decay": 0.0027631012943488205
        },
        "model": {
            "arch_type": "tabm",
            "k": 32,
            "share_training_batches": false,
            "backbone": {
                "type": "MLP",
                "n_blocks": 5,
                "d_block": 112,
                "dropout": 0.0
            }
        }
    },
    "n_parameters": 106272,
    "prediction_type": "labels",
    "epoch_size": 40,
    "best_step": 4040,
    "metrics": {
        "train": {
            "rmse": 0.001593176027822804,
            "mae": 0.001216593780554831,
            "r2": 0.9425345186422254,
            "score": -0.001593176027822804
        },
        "val": {
            "rmse": 0.0018876944236567033,
            "mae": 0.001386061543598771,
            "r2": 0.921647293520239,
            "score": -0.0018876944236567033
        },
        "test": {
            "rmse": 0.0018511124332737177,
            "mae": 0.0013831318356096745,
            "r2": 0.9270990218338327,
            "score": -0.0018511124332737177
        }
    },
    "time": "0:00:17.992446",
    "chunk_size": null,
    "eval_batch_size": 32768
}