{
    "function": "bin.model.main",
    "gpus": [
        "NVIDIA A100-SXM4-80GB"
    ],
    "config": {
        "seed": 6,
        "batch_size": 64,
        "patience": 16,
        "n_epochs": -1,
        "gradient_clipping_norm": 1.0,
        "amp": true,
        "data": {
            "cache": true,
            "path": "data/regression-cat-medium-1-analcatdata_supreme",
            "num_policy": "noisy-quantile"
        },
        "optimizer": {
            "type": "AdamW",
            "lr": 0.00011006135392857827,
            "weight_decay": 0.00019877404038645346
        },
        "model": {
            "arch_type": "tabm-mini",
            "k": 32,
            "share_training_batches": false,
            "backbone": {
                "type": "MLP",
                "n_blocks": 4,
                "d_block": 128,
                "dropout": 0.03923028844227863
            },
            "num_embeddings": {
                "type": "PiecewiseLinearEmbeddingsV2",
                "d_embedding": 8
            }
        },
        "bins": {
            "n_bins": 26
        }
    },
    "n_parameters": 58400,
    "prediction_type": "labels",
    "epoch_size": 45,
    "best_step": 2970,
    "metrics": {
        "train": {
            "rmse": 0.07927719680084572,
            "mae": 0.018148399889469147,
            "r2": 0.9792711247702205,
            "score": -0.07927719680084572
        },
        "val": {
            "rmse": 0.04554313242701536,
            "mae": 0.014372335746884346,
            "r2": 0.9931188791450045,
            "score": -0.04554313242701536
        },
        "test": {
            "rmse": 0.08839642893708693,
            "mae": 0.02072153426706791,
            "r2": 0.9737435585205221,
            "score": -0.08839642893708693
        }
    },
    "time": "0:00:13.619177",
    "chunk_size": null,
    "eval_batch_size": 32768
}