{
    "function": "bin.model.main",
    "gpus": [
        "NVIDIA A100-SXM4-40GB"
    ],
    "config": {
        "seed": 13,
        "batch_size": 256,
        "patience": 16,
        "n_epochs": -1,
        "gradient_clipping_norm": 1.0,
        "amp": true,
        "data": {
            "cache": true,
            "path": "data/regression-num-medium-2-MiamiHousing2016",
            "num_policy": "noisy-quantile"
        },
        "optimizer": {
            "type": "AdamW",
            "lr": 0.00020330562722916737,
            "weight_decay": 0.0
        },
        "model": {
            "arch_type": "plain",
            "backbone": {
                "type": "MLP",
                "n_blocks": 4,
                "d_block": 144,
                "dropout": 0.0
            },
            "num_embeddings": {
                "type": "PeriodicEmbeddings",
                "n_frequencies": 80,
                "d_embedding": 28,
                "frequency_init_scale": 0.1945492097533875,
                "lite": true
            }
        }
    },
    "n_parameters": 120893,
    "prediction_type": "labels",
    "epoch_size": 39,
    "best_step": 2067,
    "metrics": {
        "train": {
            "rmse": 0.12622596390347268,
            "mae": 0.08922567963600159,
            "r2": 0.9509617885640205,
            "score": -0.12622596390347268
        },
        "val": {
            "rmse": 0.14225765033096555,
            "mae": 0.09896881878376007,
            "r2": 0.9350398819361494,
            "score": -0.14225765033096555
        },
        "test": {
            "rmse": 0.15282071470831057,
            "mae": 0.10568857938051224,
            "r2": 0.9266985977243638,
            "score": -0.15282071470831057
        }
    },
    "time": "0:00:07.856293",
    "chunk_size": null,
    "eval_batch_size": 32768
}