{
    "function": "bin.model.main",
    "gpus": [
        "NVIDIA A100-SXM4-40GB"
    ],
    "config": {
        "seed": 0,
        "batch_size": 32,
        "patience": 16,
        "n_epochs": -1,
        "gradient_clipping_norm": 1.0,
        "amp": true,
        "data": {
            "cache": true,
            "path": "data/classif-num-medium-2-wine",
            "num_policy": "noisy-quantile"
        },
        "optimizer": {
            "type": "AdamW",
            "lr": 0.002984833645205143,
            "weight_decay": 0.00023521225662317353
        },
        "model": {
            "arch_type": "tabm",
            "k": 32,
            "backbone": {
                "type": "MLP",
                "n_blocks": 5,
                "d_block": 848,
                "dropout": 0.0
            }
        }
    },
    "n_parameters": 3320336,
    "prediction_type": "probs",
    "epoch_size": 56,
    "best_step": 1512,
    "metrics": {
        "train": {
            "0": {
                "precision": 0.9876819708846585,
                "recall": 0.9681668496158068,
                "f1-score": 0.9778270509977827,
                "support": 911.0
            },
            "1": {
                "precision": 0.9675615212527964,
                "recall": 0.9874429223744292,
                "f1-score": 0.9774011299435028,
                "support": 876.0
            },
            "accuracy": 0.9776161163961947,
            "macro avg": {
                "precision": 0.9776217460687274,
                "recall": 0.9778048859951181,
                "f1-score": 0.9776140904706427,
                "support": 1787.0
            },
            "weighted avg": {
                "precision": 0.9778187846073718,
                "recall": 0.9776161163961947,
                "f1-score": 0.977618261493838,
                "support": 1787.0
            },
            "cross-entropy": 0.12899917726330007,
            "roc-auc": 0.9983797723410973,
            "score": 0.9776161163961947
        },
        "val": {
            "0": {
                "precision": 0.8804347826086957,
                "recall": 0.7714285714285715,
                "f1-score": 0.8223350253807107,
                "support": 105.0
            },
            "1": {
                "precision": 0.8260869565217391,
                "recall": 0.912,
                "f1-score": 0.8669201520912547,
                "support": 125.0
            },
            "accuracy": 0.8478260869565217,
            "macro avg": {
                "precision": 0.8532608695652174,
                "recall": 0.8417142857142857,
                "f1-score": 0.8446275887359826,
                "support": 230.0
            },
            "weighted avg": {
                "precision": 0.850897920604915,
                "recall": 0.8478260869565217,
                "f1-score": 0.8465660725060065,
                "support": 230.0
            },
            "cross-entropy": 0.4176385427764778,
            "roc-auc": 0.8944761904761904,
            "score": 0.8478260869565217
        },
        "test": {
            "0": {
                "precision": 0.8007968127490039,
                "recall": 0.7701149425287356,
                "f1-score": 0.7851562499999999,
                "support": 261.0
            },
            "1": {
                "precision": 0.7902097902097902,
                "recall": 0.8188405797101449,
                "f1-score": 0.804270462633452,
                "support": 276.0
            },
            "accuracy": 0.7951582867783985,
            "macro avg": {
                "precision": 0.7955033014793971,
                "recall": 0.7944777611194402,
                "f1-score": 0.7947133563167259,
                "support": 537.0
            },
            "weighted avg": {
                "precision": 0.7953554380361119,
                "recall": 0.7951582867783985,
                "f1-score": 0.7949803145937295,
                "support": 537.0
            },
            "cross-entropy": 0.4395509732517244,
            "roc-auc": 0.8836970403687046,
            "score": 0.7951582867783985
        }
    },
    "time": "0:00:23.122391",
    "chunk_size": null,
    "eval_batch_size": 32768
}