{
    "function": "bin.ensemble.main",
    "config": {
        "seeds": [
            0,
            1,
            2,
            3,
            4
        ],
        "data": {
            "path": "data/regression-num-medium-1-wine_quality"
        }
    },
    "single_model_function": "bin.model.main",
    "prediction_type": "labels",
    "metrics": {
        "train": {
            "rmse": 0.4268701086978862,
            "mae": 0.3306189775466919,
            "r2": 0.7644744093876832,
            "score": -0.4268701086978862
        },
        "val": {
            "rmse": 0.6166867989613147,
            "mae": 0.48125144839286804,
            "r2": 0.474603767382647,
            "score": -0.6166867989613147
        },
        "test": {
            "rmse": 0.6364930343741225,
            "mae": 0.47860124707221985,
            "r2": 0.4523530565439783,
            "score": -0.6364930343741225
        }
    }
}