{
    "function": "bin.model.main",
    "gpus": [
        "NVIDIA A100-SXM4-80GB"
    ],
    "config": {
        "seed": 4,
        "batch_size": 32,
        "patience": 16,
        "n_epochs": -1,
        "gradient_clipping_norm": 1.0,
        "amp": true,
        "data": {
            "cache": true,
            "path": "data/classif-num-medium-2-phoneme",
            "num_policy": "noisy-quantile"
        },
        "optimizer": {
            "type": "AdamW",
            "lr": 0.0001406144869739008,
            "weight_decay": 0.021600820741402058
        },
        "model": {
            "arch_type": "tabm",
            "k": 32,
            "backbone": {
                "type": "MLP",
                "n_blocks": 5,
                "d_block": 1008,
                "dropout": 0.0
            }
        }
    },
    "n_parameters": 4585616,
    "prediction_type": "probs",
    "epoch_size": 70,
    "best_step": 3850,
    "metrics": {
        "train": {
            "0": {
                "precision": 0.9247863247863248,
                "recall": 0.9482909728308502,
                "f1-score": 0.9363911726525315,
                "support": 1141.0
            },
            "1": {
                "precision": 0.9438095238095238,
                "recall": 0.9184430027803522,
                "f1-score": 0.9309534992954438,
                "support": 1079.0
            },
            "accuracy": 0.9337837837837838,
            "macro avg": {
                "precision": 0.9342979242979244,
                "recall": 0.9333669878056012,
                "f1-score": 0.9336723359739876,
                "support": 2220.0
            },
            "weighted avg": {
                "precision": 0.934032285032285,
                "recall": 0.9337837837837838,
                "f1-score": 0.9337482674487938,
                "support": 2220.0
            },
            "cross-entropy": 0.17013338897858085,
            "roc-auc": 0.9855418437723118,
            "score": 0.9337837837837838
        },
        "val": {
            "0": {
                "precision": 0.8741258741258742,
                "recall": 0.9124087591240876,
                "f1-score": 0.8928571428571428,
                "support": 137.0
            },
            "1": {
                "precision": 0.9154929577464789,
                "recall": 0.8783783783783784,
                "f1-score": 0.896551724137931,
                "support": 148.0
            },
            "accuracy": 0.8947368421052632,
            "macro avg": {
                "precision": 0.8948094159361766,
                "recall": 0.895393568751233,
                "f1-score": 0.8947044334975369,
                "support": 285.0
            },
            "weighted avg": {
                "precision": 0.8956077280762234,
                "recall": 0.8947368421052632,
                "f1-score": 0.8947757324345347,
                "support": 285.0
            },
            "cross-entropy": 0.3037143309312574,
            "roc-auc": 0.948855790096666,
            "score": 0.8947368421052632
        },
        "test": {
            "0": {
                "precision": 0.8292682926829268,
                "recall": 0.8831168831168831,
                "f1-score": 0.8553459119496856,
                "support": 308.0
            },
            "1": {
                "precision": 0.8938053097345132,
                "recall": 0.8440111420612814,
                "f1-score": 0.8681948424068768,
                "support": 359.0
            },
            "accuracy": 0.8620689655172413,
            "macro avg": {
                "precision": 0.86153680120872,
                "recall": 0.8635640125890822,
                "f1-score": 0.8617703771782812,
                "support": 667.0
            },
            "weighted avg": {
                "precision": 0.8640041084573188,
                "recall": 0.8620689655172413,
                "f1-score": 0.8622616031552803,
                "support": 667.0
            },
            "cross-entropy": 0.3294963739742847,
            "roc-auc": 0.9420739427703215,
            "score": 0.8620689655172413
        }
    },
    "time": "0:00:46.247035",
    "chunk_size": null,
    "eval_batch_size": 32768
}