{
    "function": "bin.model.main",
    "gpus": [
        "NVIDIA A100-SXM4-40GB"
    ],
    "config": {
        "seed": 2,
        "batch_size": 64,
        "patience": 16,
        "n_epochs": -1,
        "gradient_clipping_norm": 1.0,
        "amp": true,
        "data": {
            "cache": true,
            "path": "data/classif-cat-medium-1-KDDCup09_upselling",
            "num_policy": "noisy-quantile",
            "cat_policy": "ordinal"
        },
        "optimizer": {
            "type": "AdamW",
            "lr": 0.0003843636675217808,
            "weight_decay": 0.0
        },
        "model": {
            "arch_type": "plain",
            "backbone": {
                "type": "MLP",
                "n_blocks": 5,
                "d_block": 960,
                "dropout": 0.3213789548671532
            }
        }
    },
    "n_parameters": 3792962,
    "prediction_type": "probs",
    "epoch_size": 57,
    "best_step": 342,
    "metrics": {
        "train": {
            "0": {
                "precision": 0.7844168260038241,
                "recall": 0.9182988248461108,
                "f1-score": 0.8460943542150039,
                "support": 1787.0
            },
            "1": {
                "precision": 0.9024716098864396,
                "recall": 0.7497225305216426,
                "f1-score": 0.8190360715368294,
                "support": 1802.0
            },
            "accuracy": 0.83365840066871,
            "macro avg": {
                "precision": 0.8434442179451318,
                "recall": 0.8340106776838767,
                "f1-score": 0.8325652128759167,
                "support": 3589.0
            },
            "weighted avg": {
                "precision": 0.8436909192210079,
                "recall": 0.83365840066871,
                "f1-score": 0.8325086686797377,
                "support": 3589.0
            },
            "cross-entropy": 0.3298500807002482,
            "roc-auc": 0.9296399821872978,
            "score": 0.83365840066871
        },
        "val": {
            "0": {
                "precision": 0.7881040892193308,
                "recall": 0.8983050847457628,
                "f1-score": 0.8396039603960396,
                "support": 236.0
            },
            "1": {
                "precision": 0.875,
                "recall": 0.7466666666666667,
                "f1-score": 0.8057553956834532,
                "support": 225.0
            },
            "accuracy": 0.824295010845987,
            "macro avg": {
                "precision": 0.8315520446096654,
                "recall": 0.8224858757062148,
                "f1-score": 0.8226796780397464,
                "support": 461.0
            },
            "weighted avg": {
                "precision": 0.8305153255005684,
                "recall": 0.824295010845987,
                "f1-score": 0.8230835112413066,
                "support": 461.0
            },
            "cross-entropy": 0.3629620022429204,
            "roc-auc": 0.9058851224105461,
            "score": 0.824295010845987
        },
        "test": {
            "0": {
                "precision": 0.7451923076923077,
                "recall": 0.8595194085027726,
                "f1-score": 0.7982832618025751,
                "support": 541.0
            },
            "1": {
                "precision": 0.8325991189427313,
                "recall": 0.7039106145251397,
                "f1-score": 0.7628657921291624,
                "support": 537.0
            },
            "accuracy": 0.7820037105751392,
            "macro avg": {
                "precision": 0.7888957133175195,
                "recall": 0.7817150115139562,
                "f1-score": 0.7805745269658688,
                "support": 1078.0
            },
            "weighted avg": {
                "precision": 0.7887335485471105,
                "recall": 0.7820037105751392,
                "f1-score": 0.7806402365570996,
                "support": 1078.0
            },
            "cross-entropy": 0.4175717315249543,
            "roc-auc": 0.8796283866348613,
            "score": 0.7820037105751392
        }
    },
    "time": "0:00:11.810117",
    "chunk_size": null,
    "eval_batch_size": 32768
}