{
    "function": "bin.ensemble.main",
    "config": {
        "seeds": [
            0,
            1,
            2,
            3,
            4
        ],
        "data": {
            "path": "data/classif-cat-medium-1-KDDCup09_upselling"
        }
    },
    "single_model_function": "bin.model.main",
    "prediction_type": "probs",
    "metrics": {
        "train": {
            "0": {
                "precision": 0.7934131736526946,
                "recall": 0.8897593732512591,
                "f1-score": 0.8388288050646269,
                "support": 1787.0
            },
            "1": {
                "precision": 0.8757097791798107,
                "recall": 0.7702552719200888,
                "f1-score": 0.8196043696486567,
                "support": 1802.0
            },
            "accuracy": 0.8297575926441906,
            "macro avg": {
                "precision": 0.8345614764162527,
                "recall": 0.8300073225856739,
                "f1-score": 0.8292165873566417,
                "support": 3589.0
            },
            "weighted avg": {
                "precision": 0.8347334531622691,
                "recall": 0.8297575926441906,
                "f1-score": 0.8291764136966754,
                "support": 3589.0
            },
            "cross-entropy": 0.3569903693316084,
            "roc-auc": 0.9221837080853394,
            "score": 0.8297575926441906
        },
        "val": {
            "0": {
                "precision": 0.8287937743190662,
                "recall": 0.902542372881356,
                "f1-score": 0.8640973630831643,
                "support": 236.0
            },
            "1": {
                "precision": 0.8872549019607843,
                "recall": 0.8044444444444444,
                "f1-score": 0.8438228438228437,
                "support": 225.0
            },
            "accuracy": 0.8546637744034707,
            "macro avg": {
                "precision": 0.8580243381399253,
                "recall": 0.8534934086629002,
                "f1-score": 0.853960103453004,
                "support": 461.0
            },
            "weighted avg": {
                "precision": 0.8573268626474535,
                "recall": 0.8546637744034707,
                "f1-score": 0.854201990342227,
                "support": 461.0
            },
            "cross-entropy": 0.3366273632946056,
            "roc-auc": 0.93045197740113,
            "score": 0.8546637744034707
        },
        "test": {
            "0": {
                "precision": 0.7723440134907251,
                "recall": 0.8465804066543438,
                "f1-score": 0.8077601410934744,
                "support": 541.0
            },
            "1": {
                "precision": 0.8288659793814434,
                "recall": 0.7486033519553073,
                "f1-score": 0.786692759295499,
                "support": 537.0
            },
            "accuracy": 0.7977736549165121,
            "macro avg": {
                "precision": 0.8006049964360842,
                "recall": 0.7975918793048256,
                "f1-score": 0.7972264501944867,
                "support": 1078.0
            },
            "weighted avg": {
                "precision": 0.8005001319353594,
                "recall": 0.7977736549165121,
                "f1-score": 0.7972655362460599,
                "support": 1078.0
            },
            "cross-entropy": 0.3851215765727847,
            "roc-auc": 0.9019575446531528,
            "score": 0.7977736549165121
        }
    }
}