{
    "function": "bin.ensemble.main",
    "config": {
        "seeds": [
            0,
            1,
            2,
            3,
            4
        ],
        "data": {
            "path": "data/classif-cat-medium-1-KDDCup09_upselling"
        }
    },
    "single_model_function": "bin.model.main",
    "prediction_type": "probs",
    "metrics": {
        "train": {
            "0": {
                "precision": 0.7804878048780488,
                "recall": 0.9132624510352546,
                "f1-score": 0.8416709644146467,
                "support": 1787.0
            },
            "1": {
                "precision": 0.8965287049399199,
                "recall": 0.7452830188679245,
                "f1-score": 0.8139393939393939,
                "support": 1802.0
            },
            "accuracy": 0.828921705210365,
            "macro avg": {
                "precision": 0.8385082549089844,
                "recall": 0.8292727349515896,
                "f1-score": 0.8278051791770202,
                "support": 3589.0
            },
            "weighted avg": {
                "precision": 0.8387507477344132,
                "recall": 0.828921705210365,
                "f1-score": 0.827747227998819,
                "support": 3589.0
            },
            "cross-entropy": 0.32895108784758514,
            "roc-auc": 0.9330219422925594,
            "score": 0.828921705210365
        },
        "val": {
            "0": {
                "precision": 0.7927272727272727,
                "recall": 0.923728813559322,
                "f1-score": 0.853228962818004,
                "support": 236.0
            },
            "1": {
                "precision": 0.9032258064516129,
                "recall": 0.7466666666666667,
                "f1-score": 0.8175182481751825,
                "support": 225.0
            },
            "accuracy": 0.8373101952277657,
            "macro avg": {
                "precision": 0.8479765395894427,
                "recall": 0.8351977401129944,
                "f1-score": 0.8353736054965932,
                "support": 461.0
            },
            "weighted avg": {
                "precision": 0.8466582273649659,
                "recall": 0.8373101952277657,
                "f1-score": 0.8357996552374513,
                "support": 461.0
            },
            "cross-entropy": 0.3239992807780799,
            "roc-auc": 0.9289642184557438,
            "score": 0.8373101952277657
        },
        "test": {
            "0": {
                "precision": 0.7496062992125985,
                "recall": 0.8798521256931608,
                "f1-score": 0.8095238095238095,
                "support": 541.0
            },
            "1": {
                "precision": 0.8532731376975169,
                "recall": 0.7039106145251397,
                "f1-score": 0.7714285714285715,
                "support": 537.0
            },
            "accuracy": 0.7922077922077922,
            "macro avg": {
                "precision": 0.8014397184550577,
                "recall": 0.7918813701091503,
                "f1-score": 0.7904761904761906,
                "support": 1078.0
            },
            "weighted avg": {
                "precision": 0.8012473866582396,
                "recall": 0.7922077922077922,
                "f1-score": 0.7905468680978885,
                "support": 1078.0
            },
            "cross-entropy": 0.37734093214767916,
            "roc-auc": 0.8989078091815624,
            "score": 0.7922077922077922
        }
    }
}