{
    "function": "bin.model.main",
    "gpus": [
        "NVIDIA A100-SXM4-40GB"
    ],
    "config": {
        "seed": 9,
        "batch_size": 128,
        "patience": 16,
        "n_epochs": -1,
        "gradient_clipping_norm": 1.0,
        "amp": true,
        "data": {
            "cache": true,
            "path": "data/regression-num-medium-0-cpu_act",
            "num_policy": "noisy-quantile"
        },
        "optimizer": {
            "type": "AdamW",
            "lr": 0.0007163566627981509,
            "weight_decay": 0.0
        },
        "model": {
            "arch_type": "plain",
            "backbone": {
                "type": "MLP",
                "n_blocks": 6,
                "d_block": 624,
                "dropout": 0.0
            }
        }
    },
    "n_parameters": 1964353,
    "prediction_type": "labels",
    "epoch_size": 45,
    "best_step": 765,
    "metrics": {
        "train": {
            "rmse": 1.9020683198846753,
            "mae": 1.4385099411010742,
            "r2": 0.98913613418458,
            "score": -1.9020683198846753
        },
        "val": {
            "rmse": 2.4365009314466577,
            "mae": 1.8078182935714722,
            "r2": 0.9824647617553909,
            "score": -2.4365009314466577
        },
        "test": {
            "rmse": 2.662371325181864,
            "mae": 1.8786544799804688,
            "r2": 0.9801515178012314,
            "score": -2.662371325181864
        }
    },
    "time": "0:00:04.569106",
    "chunk_size": null,
    "eval_batch_size": 32768
}