{
    "function": "bin.ensemble.main",
    "config": {
        "seeds": [
            5,
            6,
            7,
            8,
            9
        ],
        "data": {
            "path": "data/cooking-time"
        }
    },
    "single_model_function": "bin.model.main",
    "prediction_type": "labels",
    "metrics": {
        "train": {
            "rmse": 0.45151110689943075,
            "mae": 0.3517395853996277,
            "r2": 0.5317287345569821,
            "score": -0.45151110689943075
        },
        "val": {
            "rmse": 0.4652693427050369,
            "mae": 0.36215680837631226,
            "r2": 0.5035510289399828,
            "score": -0.4652693427050369
        },
        "test": {
            "rmse": 0.4822293719877688,
            "mae": 0.3769524395465851,
            "r2": 0.4815249616621027,
            "score": -0.4822293719877688
        }
    }
}