{
    "function": "bin.model.main",
    "gpus": [
        "NVIDIA A100-SXM4-80GB"
    ],
    "config": {
        "seed": 9,
        "batch_size": 256,
        "patience": 16,
        "n_epochs": -1,
        "gradient_clipping_norm": 1.0,
        "amp": true,
        "data": {
            "cache": true,
            "path": "data/churn",
            "num_policy": "noisy-quantile",
            "cat_policy": "ordinal"
        },
        "optimizer": {
            "type": "AdamW",
            "lr": 0.0029873464577278084,
            "weight_decay": 0.0
        },
        "model": {
            "arch_type": "tabm-packed",
            "k": 32,
            "share_training_batches": false,
            "backbone": {
                "type": "MLP",
                "n_blocks": 1,
                "d_block": 80,
                "dropout": 0.0
            }
        }
    },
    "n_parameters": 48704,
    "prediction_type": "probs",
    "epoch_size": 25,
    "best_step": 900,
    "metrics": {
        "train": {
            "0": {
                "precision": 0.8869628024557602,
                "recall": 0.9638932496075353,
                "f1-score": 0.9238292270077112,
                "support": 5096.0
            },
            "1": {
                "precision": 0.7865429234338747,
                "recall": 0.5199386503067485,
                "f1-score": 0.6260387811634349,
                "support": 1304.0
            },
            "accuracy": 0.8734375,
            "macro avg": {
                "precision": 0.8367528629448174,
                "recall": 0.7419159499571419,
                "f1-score": 0.774934004085573,
                "support": 6400.0
            },
            "weighted avg": {
                "precision": 0.8665022521050509,
                "recall": 0.8734375,
                "f1-score": 0.8631544236669398,
                "support": 6400.0
            },
            "cross-entropy": 0.3027989210248813,
            "roc-auc": 0.8949437667941172,
            "score": 0.8734375
        },
        "val": {
            "0": {
                "precision": 0.882183908045977,
                "recall": 0.9638932496075353,
                "f1-score": 0.9212303075768943,
                "support": 1274.0
            },
            "1": {
                "precision": 0.7788461538461539,
                "recall": 0.49693251533742333,
                "f1-score": 0.6067415730337079,
                "support": 326.0
            },
            "accuracy": 0.86875,
            "macro avg": {
                "precision": 0.8305150309460654,
                "recall": 0.7304128824724794,
                "f1-score": 0.7639859403053011,
                "support": 1600.0
            },
            "weighted avg": {
                "precision": 0.8611288406277631,
                "recall": 0.86875,
                "f1-score": 0.8571532279137202,
                "support": 1600.0
            },
            "cross-entropy": 0.33575452570113384,
            "roc-auc": 0.8646550644797797,
            "score": 0.86875
        },
        "test": {
            "0": {
                "precision": 0.8742857142857143,
                "recall": 0.96045197740113,
                "f1-score": 0.9153454980556387,
                "support": 1593.0
            },
            "1": {
                "precision": 0.748,
                "recall": 0.4594594594594595,
                "f1-score": 0.5692541856925419,
                "support": 407.0
            },
            "accuracy": 0.8585,
            "macro avg": {
                "precision": 0.8111428571428572,
                "recall": 0.7099557184302947,
                "f1-score": 0.7422998418740903,
                "support": 2000.0
            },
            "weighted avg": {
                "precision": 0.8485865714285714,
                "recall": 0.8585,
                "f1-score": 0.8449159159897485,
                "support": 2000.0
            },
            "cross-entropy": 0.3437655852591974,
            "roc-auc": 0.8562584155804494,
            "score": 0.8585
        }
    },
    "time": "0:00:03.666994",
    "chunk_size": null,
    "eval_batch_size": 32768
}