{
    "function": "bin.model.main",
    "gpus": [
        "NVIDIA A100-SXM4-40GB"
    ],
    "config": {
        "seed": 0,
        "batch_size": 128,
        "patience": 16,
        "n_epochs": -1,
        "gradient_clipping_norm": 1.0,
        "amp": true,
        "data": {
            "cache": true,
            "path": "data/regression-num-medium-2-cpu_act",
            "num_policy": "noisy-quantile"
        },
        "optimizer": {
            "type": "AdamW",
            "lr": 0.0006622385512312556,
            "weight_decay": 0.0
        },
        "model": {
            "arch_type": "plain",
            "backbone": {
                "type": "MLP",
                "n_blocks": 6,
                "d_block": 384,
                "dropout": 0.15490682654362053
            }
        }
    },
    "n_parameters": 748033,
    "prediction_type": "labels",
    "epoch_size": 45,
    "best_step": 3870,
    "metrics": {
        "train": {
            "rmse": 1.216013452593526,
            "mae": 0.9379465579986572,
            "r2": 0.995531150454566,
            "score": -1.216013452593526
        },
        "val": {
            "rmse": 2.373371770776103,
            "mae": 1.6880487203598022,
            "r2": 0.9865599288651326,
            "score": -2.373371770776103
        },
        "test": {
            "rmse": 2.5523956003985426,
            "mae": 1.7991957664489746,
            "r2": 0.9801957670003987,
            "score": -2.5523956003985426
        }
    },
    "time": "0:00:14.266843",
    "chunk_size": null,
    "eval_batch_size": 32768
}