{
    "function": "bin.model.main",
    "gpus": [
        "NVIDIA A100-SXM4-80GB"
    ],
    "config": {
        "seed": 0,
        "batch_size": 64,
        "patience": 16,
        "n_epochs": -1,
        "gradient_clipping_norm": 1.0,
        "amp": true,
        "data": {
            "cache": true,
            "path": "data/classif-num-medium-0-kdd_ipums_la_97-small",
            "num_policy": "noisy-quantile"
        },
        "optimizer": {
            "type": "AdamW",
            "lr": 0.0006169197221461291,
            "weight_decay": 0.0
        },
        "model": {
            "arch_type": "tabm-mini",
            "k": 32,
            "share_training_batches": false,
            "backbone": {
                "type": "MLP",
                "n_blocks": 3,
                "d_block": 912,
                "dropout": 0.4000862408044721
            },
            "num_embeddings": {
                "type": "PiecewiseLinearEmbeddingsV2",
                "d_embedding": 16
            }
        },
        "bins": {
            "n_bins": 10
        }
    },
    "n_parameters": 2030576,
    "prediction_type": "probs",
    "epoch_size": 57,
    "best_step": 855,
    "metrics": {
        "train": {
            "0": {
                "precision": 0.9692504804612428,
                "recall": 0.826775956284153,
                "f1-score": 0.8923621350634032,
                "support": 1830.0
            },
            "1": {
                "precision": 0.8468599033816425,
                "recall": 0.9733481399222654,
                "f1-score": 0.9057091190906742,
                "support": 1801.0
            },
            "accuracy": 0.8994767281740568,
            "macro avg": {
                "precision": 0.9080551919214427,
                "recall": 0.9000620481032092,
                "f1-score": 0.8990356270770388,
                "support": 3631.0
            },
            "weighted avg": {
                "precision": 0.9085439452587201,
                "recall": 0.8994767281740568,
                "f1-score": 0.898982327361149,
                "support": 3631.0
            },
            "cross-entropy": 0.23462663823043448,
            "roc-auc": 0.958554294365911,
            "score": 0.8994767281740568
        },
        "val": {
            "0": {
                "precision": 0.9674418604651163,
                "recall": 0.859504132231405,
                "f1-score": 0.9102844638949672,
                "support": 242.0
            },
            "1": {
                "precision": 0.8650793650793651,
                "recall": 0.9688888888888889,
                "f1-score": 0.9140461215932913,
                "support": 225.0
            },
            "accuracy": 0.9122055674518201,
            "macro avg": {
                "precision": 0.9162606127722407,
                "recall": 0.914196510560147,
                "f1-score": 0.9121652927441293,
                "support": 467.0
            },
            "weighted avg": {
                "precision": 0.9181237417032447,
                "recall": 0.9122055674518201,
                "f1-score": 0.9120968257410549,
                "support": 467.0
            },
            "cross-entropy": 0.23787491205144792,
            "roc-auc": 0.9593021120293848,
            "score": 0.9122055674518201
        },
        "test": {
            "0": {
                "precision": 0.9276315789473685,
                "recall": 0.8103448275862069,
                "f1-score": 0.8650306748466257,
                "support": 522.0
            },
            "1": {
                "precision": 0.8438485804416404,
                "recall": 0.9419014084507042,
                "f1-score": 0.8901830282861898,
                "support": 568.0
            },
            "accuracy": 0.8788990825688073,
            "macro avg": {
                "precision": 0.8857400796945044,
                "recall": 0.8761231180184555,
                "f1-score": 0.8776068515664077,
                "support": 1090.0
            },
            "weighted avg": {
                "precision": 0.8839721815608974,
                "recall": 0.8788990825688073,
                "f1-score": 0.8781375892995361,
                "support": 1090.0
            },
            "cross-entropy": 0.2753673973156994,
            "roc-auc": 0.9423229992984729,
            "score": 0.8788990825688073
        }
    },
    "time": "0:00:05.618257",
    "chunk_size": null,
    "eval_batch_size": 32768
}