{
    "function": "bin.model.main",
    "gpus": [
        "NVIDIA A100-SXM4-80GB"
    ],
    "config": {
        "seed": 11,
        "batch_size": 256,
        "patience": 16,
        "n_epochs": -1,
        "gradient_clipping_norm": 1.0,
        "amp": true,
        "data": {
            "cache": true,
            "path": "data/regression-num-medium-0-superconduct",
            "num_policy": "noisy-quantile"
        },
        "optimizer": {
            "type": "AdamW",
            "lr": 0.002744738792883171,
            "weight_decay": 0.001479342892281603
        },
        "model": {
            "arch_type": "tabm-mini",
            "k": 32,
            "share_training_batches": false,
            "backbone": {
                "type": "MLP",
                "n_blocks": 5,
                "d_block": 816,
                "dropout": 0.0
            }
        }
    },
    "n_parameters": 2760640,
    "prediction_type": "labels",
    "epoch_size": 40,
    "best_step": 4280,
    "metrics": {
        "train": {
            "rmse": 5.877934473773803,
            "mae": 3.3329882621765137,
            "r2": 0.9707718823964359,
            "score": -5.877934473773803
        },
        "val": {
            "rmse": 9.561755581471672,
            "mae": 5.561482906341553,
            "r2": 0.9214726051098729,
            "score": -9.561755581471672
        },
        "test": {
            "rmse": 10.27590720076958,
            "mae": 5.761318683624268,
            "r2": 0.9094393895033872,
            "score": -10.27590720076958
        }
    },
    "time": "0:00:17.187144",
    "chunk_size": null,
    "eval_batch_size": 32768
}