{
    "function": "bin.model.main",
    "gpus": [
        "NVIDIA A100-SXM4-80GB"
    ],
    "config": {
        "seed": 14,
        "batch_size": 256,
        "patience": 16,
        "n_epochs": -1,
        "gradient_clipping_norm": 1.0,
        "amp": true,
        "data": {
            "cache": true,
            "path": "data/regression-num-medium-1-elevators",
            "num_policy": "noisy-quantile"
        },
        "optimizer": {
            "type": "AdamW",
            "lr": 0.0006117748645367308,
            "weight_decay": 0.06458975171971855
        },
        "model": {
            "arch_type": "tabm",
            "k": 32,
            "share_training_batches": false,
            "backbone": {
                "type": "MLP",
                "n_blocks": 5,
                "d_block": 352,
                "dropout": 0.0
            }
        }
    },
    "n_parameters": 670752,
    "prediction_type": "labels",
    "epoch_size": 40,
    "best_step": 2360,
    "metrics": {
        "train": {
            "rmse": 0.0017279897685877222,
            "mae": 0.0013044329825788736,
            "r2": 0.9339929220699604,
            "score": -0.0017279897685877222
        },
        "val": {
            "rmse": 0.0018439815731839094,
            "mae": 0.0013938688207417727,
            "r2": 0.9243120634122809,
            "score": -0.0018439815731839094
        },
        "test": {
            "rmse": 0.0018156275951700163,
            "mae": 0.0013612468028441072,
            "r2": 0.9266302359044714,
            "score": -0.0018156275951700163
        }
    },
    "time": "0:00:12.363158",
    "chunk_size": null,
    "eval_batch_size": 32768
}