{
    "function": "bin.model.main",
    "gpus": [
        "NVIDIA A100-SXM4-40GB"
    ],
    "config": {
        "seed": 8,
        "batch_size": 1024,
        "patience": 16,
        "n_epochs": -1,
        "gradient_clipping_norm": 1.0,
        "amp": true,
        "data": {
            "cache": true,
            "path": "data/ecom-offers",
            "num_policy": "noisy-quantile"
        },
        "optimizer": {
            "type": "AdamW",
            "lr": 0.0006653957838362962,
            "weight_decay": 0.000583768340687769
        },
        "model": {
            "arch_type": "tabm-mini",
            "k": 32,
            "backbone": {
                "type": "MLP",
                "n_blocks": 1,
                "d_block": 544,
                "dropout": 0.0
            }
        }
    },
    "n_parameters": 102240,
    "prediction_type": "probs",
    "epoch_size": 107,
    "best_step": 214,
    "metrics": {
        "train": {
            "0": {
                "precision": 0.7857889337385785,
                "recall": 0.9736038679480631,
                "f1-score": 0.869671791933276,
                "support": 84179.0
            },
            "1": {
                "precision": 0.5593018643395478,
                "recall": 0.11207376202209682,
                "f1-score": 0.18673023440603892,
                "support": 25162.0
            },
            "accuracy": 0.7753450215381239,
            "macro avg": {
                "precision": 0.6725453990390631,
                "recall": 0.5428388149850799,
                "f1-score": 0.5282010131696575,
                "support": 109341.0
            },
            "weighted avg": {
                "precision": 0.7336687991118749,
                "recall": 0.7753450215381239,
                "f1-score": 0.7125104757709917,
                "support": 109341.0
            },
            "cross-entropy": 0.4963392155668723,
            "roc-auc": 0.691273215194733,
            "score": 0.691273215194733
        },
        "val": {
            "0": {
                "precision": 0.6782081109438438,
                "recall": 0.9580487176182497,
                "f1-score": 0.7941985629958065,
                "support": 15518.0
            },
            "1": {
                "precision": 0.7217948717948718,
                "recall": 0.19318311792290976,
                "f1-score": 0.30479112153748983,
                "support": 8743.0
            },
            "accuracy": 0.6824121017270517,
            "macro avg": {
                "precision": 0.7000014913693577,
                "recall": 0.5756159177705797,
                "f1-score": 0.5494948422666481,
                "support": 24261.0
            },
            "weighted avg": {
                "precision": 0.6939155859086242,
                "recall": 0.6824121017270517,
                "f1-score": 0.6178295237694735,
                "support": 24261.0
            },
            "cross-entropy": 0.7691632164657408,
            "roc-auc": 0.6319462212747018,
            "score": 0.6319462212747018
        },
        "test": {
            "0": {
                "precision": 0.6594254794302539,
                "recall": 0.9794350549580428,
                "f1-score": 0.7881871789994294,
                "support": 16922.0
            },
            "1": {
                "precision": 0.7365632096896291,
                "recall": 0.10206650582188188,
                "f1-score": 0.1792887414777962,
                "support": 9533.0
            },
            "accuracy": 0.6632772632772633,
            "macro avg": {
                "precision": 0.6979943445599415,
                "recall": 0.5407507803899624,
                "f1-score": 0.48373796023861276,
                "support": 26455.0
            },
            "weighted avg": {
                "precision": 0.6872218877675293,
                "recall": 0.6632772632772633,
                "f1-score": 0.5687719907592582,
                "support": 26455.0
            },
            "cross-entropy": 0.8904887326248675,
            "roc-auc": 0.5944535558111372,
            "score": 0.5944535558111372
        }
    },
    "time": "0:00:08.386391",
    "chunk_size": null,
    "eval_batch_size": 32768
}