{
    "function": "bin.model.main",
    "gpus": [
        "NVIDIA A100-SXM4-80GB"
    ],
    "config": {
        "seed": 11,
        "batch_size": 256,
        "patience": 16,
        "n_epochs": -1,
        "gradient_clipping_norm": 1.0,
        "amp": true,
        "data": {
            "cache": true,
            "path": "data/regression-cat-medium-0-house_sales",
            "num_policy": "noisy-quantile"
        },
        "optimizer": {
            "type": "AdamW",
            "lr": 5.7073159588604505e-05,
            "weight_decay": 0.006824728878746647
        },
        "model": {
            "arch_type": "plain",
            "backbone": {
                "type": "MLP",
                "n_blocks": 1,
                "d_block": 736,
                "dropout": 0.0
            },
            "num_embeddings": {
                "type": "PeriodicEmbeddings",
                "n_frequencies": 84,
                "d_embedding": 20,
                "frequency_init_scale": 0.010440958492012911,
                "lite": true
            }
        }
    },
    "n_parameters": 229857,
    "prediction_type": "labels",
    "epoch_size": 40,
    "best_step": 9480,
    "metrics": {
        "train": {
            "rmse": 0.1582034546648523,
            "mae": 0.11472011357545853,
            "r2": 0.9100764921959719,
            "score": -0.1582034546648523
        },
        "val": {
            "rmse": 0.17161151890968498,
            "mae": 0.12227103114128113,
            "r2": 0.89498239129677,
            "score": -0.17161151890968498
        },
        "test": {
            "rmse": 0.16888483982799016,
            "mae": 0.12032447010278702,
            "r2": 0.8962371857786721,
            "score": -0.16888483982799016
        }
    },
    "time": "0:00:24.059584",
    "chunk_size": null,
    "eval_batch_size": 32768
}