{
    "function": "bin.model.main",
    "gpus": [
        "NVIDIA A100-SXM4-80GB"
    ],
    "config": {
        "seed": 6,
        "batch_size": 512,
        "patience": 16,
        "n_epochs": -1,
        "gradient_clipping_norm": 1.0,
        "amp": true,
        "data": {
            "cache": true,
            "path": "data/classif-cat-large-0-road-safety",
            "num_policy": "noisy-quantile",
            "cat_policy": "ordinal"
        },
        "optimizer": {
            "type": "AdamW",
            "lr": 0.0018998402308727383,
            "weight_decay": 0.0
        },
        "model": {
            "arch_type": "tabm",
            "k": 32,
            "share_training_batches": false,
            "backbone": {
                "type": "MLP",
                "n_blocks": 4,
                "d_block": 288,
                "dropout": 0.21495725584142195
            }
        }
    },
    "n_parameters": 379904,
    "prediction_type": "probs",
    "epoch_size": 98,
    "best_step": 5978,
    "metrics": {
        "train": {
            "0": {
                "precision": 0.8377078234450165,
                "recall": 0.7900350206940465,
                "f1-score": 0.8131733093024208,
                "support": 25128.0
            },
            "1": {
                "precision": 0.799406889209946,
                "recall": 0.8453682856223866,
                "f1-score": 0.8217454175948724,
                "support": 24872.0
            },
            "accuracy": 0.81756,
            "macro avg": {
                "precision": 0.8185573563274813,
                "recall": 0.8177016531582166,
                "f1-score": 0.8174593634486467,
                "support": 50000.0
            },
            "weighted avg": {
                "precision": 0.8186554067191232,
                "recall": 0.81756,
                "f1-score": 0.8174374188514179,
                "support": 50000.0
            },
            "cross-entropy": 0.3541798377459433,
            "roc-auc": 0.915510915569345,
            "score": 0.81756
        },
        "val": {
            "0": {
                "precision": 0.8159377817853922,
                "recall": 0.7748876043673731,
                "f1-score": 0.7948830569891291,
                "support": 9342.0
            },
            "1": {
                "precision": 0.7822079536039768,
                "recall": 0.8222294796429349,
                "f1-score": 0.8017195626791213,
                "support": 9186.0
            },
            "accuracy": 0.7983592400690847,
            "macro avg": {
                "precision": 0.7990728676946846,
                "recall": 0.798558542005154,
                "f1-score": 0.7983013098341252,
                "support": 18528.0
            },
            "weighted avg": {
                "precision": 0.7992148650283498,
                "recall": 0.7983592400690847,
                "f1-score": 0.7982725292078395,
                "support": 18528.0
            },
            "cross-entropy": 0.3848305567304483,
            "roc-auc": 0.8964620738240495,
            "score": 0.7983592400690847
        },
        "test": {
            "0": {
                "precision": 0.8093160088256925,
                "recall": 0.7709121479613283,
                "f1-score": 0.7896474190307611,
                "support": 21411.0
            },
            "1": {
                "precision": 0.7852357809010903,
                "recall": 0.8217935205975347,
                "f1-score": 0.8030988312211723,
                "support": 21823.0
            },
            "accuracy": 0.7965952722394412,
            "macro avg": {
                "precision": 0.7972758948633913,
                "recall": 0.7963528342794315,
                "f1-score": 0.7963731251259667,
                "support": 43234.0
            },
            "weighted avg": {
                "precision": 0.7971611581526437,
                "recall": 0.7965952722394412,
                "f1-score": 0.7964372179906386,
                "support": 43234.0
            },
            "cross-entropy": 0.38739877365319453,
            "roc-auc": 0.8946248623010918,
            "score": 0.7965952722394412
        }
    },
    "time": "0:00:58.432570",
    "chunk_size": null,
    "eval_batch_size": 32768
}