{
    "function": "bin.model.main",
    "gpus": [
        "NVIDIA A100-SXM4-40GB"
    ],
    "config": {
        "seed": 13,
        "batch_size": 32,
        "patience": 16,
        "n_epochs": -1,
        "gradient_clipping_norm": 1.0,
        "amp": true,
        "data": {
            "cache": true,
            "path": "data/classif-num-medium-4-wine",
            "num_policy": "noisy-quantile"
        },
        "optimizer": {
            "type": "AdamW",
            "lr": 0.0023918519328168207,
            "weight_decay": 0.0009306173484770005
        },
        "model": {
            "arch_type": "tabm-mini",
            "k": 32,
            "backbone": {
                "type": "MLP",
                "n_blocks": 2,
                "d_block": 896,
                "dropout": 0.0
            }
        }
    },
    "n_parameters": 872224,
    "prediction_type": "probs",
    "epoch_size": 56,
    "best_step": 504,
    "metrics": {
        "train": {
            "0": {
                "precision": 0.8342245989304813,
                "recall": 0.8676307007786429,
                "f1-score": 0.8505997818974917,
                "support": 899.0
            },
            "1": {
                "precision": 0.8603286384976526,
                "recall": 0.8254504504504504,
                "f1-score": 0.8425287356321839,
                "support": 888.0
            },
            "accuracy": 0.846670397313934,
            "macro avg": {
                "precision": 0.847276618714067,
                "recall": 0.8465405756145467,
                "f1-score": 0.8465642587648379,
                "support": 1787.0
            },
            "weighted avg": {
                "precision": 0.8471962761188686,
                "recall": 0.846670397313934,
                "f1-score": 0.8465890997018604,
                "support": 1787.0
            },
            "cross-entropy": 0.3527349051884377,
            "roc-auc": 0.9339431199831646,
            "score": 0.846670397313934
        },
        "val": {
            "0": {
                "precision": 0.847457627118644,
                "recall": 0.8264462809917356,
                "f1-score": 0.8368200836820083,
                "support": 121.0
            },
            "1": {
                "precision": 0.8125,
                "recall": 0.8348623853211009,
                "f1-score": 0.8235294117647057,
                "support": 109.0
            },
            "accuracy": 0.8304347826086956,
            "macro avg": {
                "precision": 0.829978813559322,
                "recall": 0.8306543331564182,
                "f1-score": 0.830174747723357,
                "support": 230.0
            },
            "weighted avg": {
                "precision": 0.8308907516580692,
                "recall": 0.8304347826086956,
                "f1-score": 0.8305214609038084,
                "support": 230.0
            },
            "cross-entropy": 0.43839815770268853,
            "roc-auc": 0.8806581241944044,
            "score": 0.8304347826086956
        },
        "test": {
            "0": {
                "precision": 0.737037037037037,
                "recall": 0.77431906614786,
                "f1-score": 0.7552182163187856,
                "support": 257.0
            },
            "1": {
                "precision": 0.7827715355805244,
                "recall": 0.7464285714285714,
                "f1-score": 0.7641681901279709,
                "support": 280.0
            },
            "accuracy": 0.7597765363128491,
            "macro avg": {
                "precision": 0.7599042863087807,
                "recall": 0.7603738187882156,
                "f1-score": 0.7596932032233783,
                "support": 537.0
            },
            "weighted avg": {
                "precision": 0.7608837029442557,
                "recall": 0.7597765363128491,
                "f1-score": 0.7598848693291615,
                "support": 537.0
            },
            "cross-entropy": 0.4852199365628855,
            "roc-auc": 0.8423707615341857,
            "score": 0.7597765363128491
        }
    },
    "time": "0:00:03.277387",
    "chunk_size": null,
    "eval_batch_size": 32768
}