{
    "function": "bin.model.main",
    "gpus": [
        "NVIDIA A100-SXM4-40GB"
    ],
    "config": {
        "seed": 10,
        "batch_size": 256,
        "patience": 16,
        "n_epochs": -1,
        "gradient_clipping_norm": 1.0,
        "amp": true,
        "data": {
            "cache": true,
            "path": "data/regression-num-medium-0-MiamiHousing2016",
            "num_policy": "noisy-quantile"
        },
        "optimizer": {
            "type": "AdamW",
            "lr": 0.0010598767876561202,
            "weight_decay": 0.0
        },
        "model": {
            "arch_type": "tabm-mini",
            "k": 32,
            "backbone": {
                "type": "MLP",
                "n_blocks": 3,
                "d_block": 272,
                "dropout": 0.13183199774635923
            },
            "num_embeddings": {
                "type": "PiecewiseLinearEmbeddingsV2",
                "d_embedding": 32
            }
        },
        "bins": {
            "n_bins": 89
        }
    },
    "n_parameters": 321840,
    "prediction_type": "labels",
    "epoch_size": 39,
    "best_step": 3471,
    "metrics": {
        "train": {
            "rmse": 0.11277882788724318,
            "mae": 0.07929470390081406,
            "r2": 0.9605495071146928,
            "score": -0.11277882788724318
        },
        "val": {
            "rmse": 0.13591977036711855,
            "mae": 0.09296559542417526,
            "r2": 0.9424902783860313,
            "score": -0.13591977036711855
        },
        "test": {
            "rmse": 0.1392401615850072,
            "mae": 0.0960441380739212,
            "r2": 0.939916463017335,
            "score": -0.1392401615850072
        }
    },
    "time": "0:00:13.171499",
    "chunk_size": null,
    "eval_batch_size": 32768
}