{
    "function": "bin.model.main",
    "gpus": [
        "NVIDIA A100-SXM4-40GB"
    ],
    "config": {
        "seed": 9,
        "batch_size": 256,
        "patience": 16,
        "n_epochs": -1,
        "gradient_clipping_norm": 1.0,
        "amp": true,
        "data": {
            "cache": true,
            "path": "data/regression-num-medium-0-elevators",
            "num_policy": "noisy-quantile"
        },
        "optimizer": {
            "type": "AdamW",
            "lr": 0.0009899187253429728,
            "weight_decay": 0.0
        },
        "model": {
            "arch_type": "plain",
            "backbone": {
                "type": "MLP",
                "n_blocks": 4,
                "d_block": 480,
                "dropout": 0.0
            }
        }
    },
    "n_parameters": 701281,
    "prediction_type": "labels",
    "epoch_size": 40,
    "best_step": 440,
    "metrics": {
        "train": {
            "rmse": 0.0016926081672237676,
            "mae": 0.0012777938973158598,
            "r2": 0.9351376953176537,
            "score": -0.0016926081672237676
        },
        "val": {
            "rmse": 0.0020336746467572945,
            "mae": 0.001476920791901648,
            "r2": 0.9090602794861452,
            "score": -0.0020336746467572945
        },
        "test": {
            "rmse": 0.0019980266710207953,
            "mae": 0.0014718747697770596,
            "r2": 0.9150681963246587,
            "score": -0.0019980266710207953
        }
    },
    "time": "0:00:02.593726",
    "chunk_size": null,
    "eval_batch_size": 32768
}