{
    "function": "bin.model.main",
    "gpus": [
        "NVIDIA A100-SXM4-40GB"
    ],
    "config": {
        "seed": 13,
        "batch_size": 256,
        "patience": 16,
        "n_epochs": -1,
        "gradient_clipping_norm": 1.0,
        "amp": true,
        "data": {
            "cache": true,
            "path": "data/classif-num-medium-0-MagicTelescope",
            "num_policy": "noisy-quantile"
        },
        "optimizer": {
            "type": "AdamW",
            "lr": 0.00043527819125349854,
            "weight_decay": 0.024760942997724338
        },
        "model": {
            "arch_type": "plain",
            "backbone": {
                "type": "MLP",
                "n_blocks": 2,
                "d_block": 912,
                "dropout": 0.43612809108262507
            },
            "num_embeddings": {
                "type": "PeriodicEmbeddings",
                "n_frequencies": 32,
                "d_embedding": 24,
                "frequency_init_scale": 0.023848287265809703,
                "lite": false
            }
        }
    },
    "n_parameters": 1070194,
    "prediction_type": "probs",
    "epoch_size": 37,
    "best_step": 1591,
    "metrics": {
        "train": {
            "0": {
                "precision": 0.8524275570907696,
                "recall": 0.9422995333050488,
                "f1-score": 0.8951133501259446,
                "support": 4714.0
            },
            "1": {
                "precision": 0.9344894026974951,
                "recall": 0.8345880834588083,
                "f1-score": 0.8817179865924326,
                "support": 4649.0
            },
            "accuracy": 0.8888176866388978,
            "macro avg": {
                "precision": 0.8934584798941323,
                "recall": 0.8884438083819286,
                "f1-score": 0.8884156683591886,
                "support": 9363.0
            },
            "weighted avg": {
                "precision": 0.8931736342269082,
                "recall": 0.8888176866388978,
                "f1-score": 0.8884621651353116,
                "support": 9363.0
            },
            "cross-entropy": 0.25910514762153286,
            "roc-auc": 0.958134549854609,
            "score": 0.8888176866388978
        },
        "val": {
            "0": {
                "precision": 0.8385093167701864,
                "recall": 0.9294320137693631,
                "f1-score": 0.8816326530612245,
                "support": 581.0
            },
            "1": {
                "precision": 0.9266547406082289,
                "recall": 0.8327974276527331,
                "f1-score": 0.8772226926333616,
                "support": 622.0
            },
            "accuracy": 0.8794679966749792,
            "macro avg": {
                "precision": 0.8825820286892077,
                "recall": 0.8811147207110481,
                "f1-score": 0.8794276728472931,
                "support": 1203.0
            },
            "weighted avg": {
                "precision": 0.8840840911901884,
                "recall": 0.8794679966749792,
                "f1-score": 0.879352523895696,
                "support": 1203.0
            },
            "cross-entropy": 0.3014954780212464,
            "roc-auc": 0.9419561571965399,
            "score": 0.8794679966749792
        },
        "test": {
            "0": {
                "precision": 0.8130601792573624,
                "recall": 0.9117013639626705,
                "f1-score": 0.8595600676818952,
                "support": 1393.0
            },
            "1": {
                "precision": 0.9014423076923077,
                "recall": 0.7939308398023994,
                "f1-score": 0.8442776735459662,
                "support": 1417.0
            },
            "accuracy": 0.8523131672597865,
            "macro avg": {
                "precision": 0.8572512434748351,
                "recall": 0.852816101882535,
                "f1-score": 0.8519188706139307,
                "support": 2810.0
            },
            "weighted avg": {
                "precision": 0.8576286760517815,
                "recall": 0.8523131672597865,
                "f1-score": 0.8518536077208235,
                "support": 2810.0
            },
            "cross-entropy": 0.3345846862277328,
            "roc-auc": 0.9309150348982538,
            "score": 0.8523131672597865
        }
    },
    "time": "0:00:07.029468",
    "chunk_size": null,
    "eval_batch_size": 32768
}