{
    "function": "bin.model.main",
    "gpus": [
        "NVIDIA A100-SXM4-80GB"
    ],
    "config": {
        "seed": 12,
        "batch_size": 512,
        "patience": 16,
        "n_epochs": -1,
        "gradient_clipping_norm": 1.0,
        "amp": true,
        "data": {
            "cache": true,
            "path": "data/classif-num-large-0-jannis",
            "num_policy": "noisy-quantile"
        },
        "optimizer": {
            "type": "AdamW",
            "lr": 0.002069781048263067,
            "weight_decay": 0.0012219161025983794
        },
        "model": {
            "arch_type": "tabm-mini",
            "k": 32,
            "share_training_batches": false,
            "backbone": {
                "type": "MLP",
                "n_blocks": 4,
                "d_block": 960,
                "dropout": 0.0
            },
            "num_embeddings": {
                "type": "PiecewiseLinearEmbeddingsV2",
                "d_embedding": 20
            }
        },
        "bins": {
            "n_bins": 7
        }
    },
    "n_parameters": 3911224,
    "prediction_type": "probs",
    "epoch_size": 79,
    "best_step": 869,
    "metrics": {
        "train": {
            "0": {
                "precision": 0.9199008647964565,
                "recall": 0.8646840148698884,
                "f1-score": 0.8914382074145993,
                "support": 20175.0
            },
            "1": {
                "precision": 0.8720832161934214,
                "recall": 0.9245442352590532,
                "f1-score": 0.8975478021845538,
                "support": 20131.0
            },
            "accuracy": 0.8945814518930184,
            "macro avg": {
                "precision": 0.895992040494939,
                "recall": 0.8946141250644708,
                "f1-score": 0.8944930047995765,
                "support": 40306.0
            },
            "weighted avg": {
                "precision": 0.8960181405363538,
                "recall": 0.8945814518930184,
                "f1-score": 0.8944896700334143,
                "support": 40306.0
            },
            "cross-entropy": 0.2894377461153109,
            "roc-auc": 0.9607263440573292,
            "score": 0.8945814518930184
        },
        "val": {
            "0": {
                "precision": 0.8389830508474576,
                "recall": 0.7722308892355694,
                "f1-score": 0.8042242079610074,
                "support": 2564.0
            },
            "1": {
                "precision": 0.7930545712260808,
                "recall": 0.8548510313216195,
                "f1-score": 0.8227941176470589,
                "support": 2618.0
            },
            "accuracy": 0.8139714395986106,
            "macro avg": {
                "precision": 0.8160188110367692,
                "recall": 0.8135409602785945,
                "f1-score": 0.8135091628040332,
                "support": 5182.0
            },
            "weighted avg": {
                "precision": 0.8157795078816596,
                "recall": 0.8139714395986106,
                "f1-score": 0.8136059184122005,
                "support": 5182.0
            },
            "cross-entropy": 0.4195379721282426,
            "roc-auc": 0.8873715242727356,
            "score": 0.8139714395986106
        },
        "test": {
            "0": {
                "precision": 0.8328874621009452,
                "recall": 0.7717732606180796,
                "f1-score": 0.8011665808886602,
                "support": 6051.0
            },
            "1": {
                "precision": 0.787047031611411,
                "recall": 0.8448932295977487,
                "f1-score": 0.8149449145776785,
                "support": 6041.0
            },
            "accuracy": 0.8083030102547138,
            "macro avg": {
                "precision": 0.809967246856178,
                "recall": 0.8083332451079142,
                "f1-score": 0.8080557477331693,
                "support": 12092.0
            },
            "weighted avg": {
                "precision": 0.8099862017149647,
                "recall": 0.8083030102547138,
                "f1-score": 0.8080500504400462,
                "support": 12092.0
            },
            "cross-entropy": 0.4246451080307479,
            "roc-auc": 0.8848940054343026,
            "score": 0.8083030102547138
        }
    },
    "time": "0:00:16.604363",
    "chunk_size": null,
    "eval_batch_size": 32768
}