{
    "function": "bin.model.main",
    "gpus": [
        "NVIDIA A100-SXM4-80GB"
    ],
    "config": {
        "seed": 10,
        "batch_size": 256,
        "patience": 16,
        "n_epochs": -1,
        "gradient_clipping_norm": 1.0,
        "amp": true,
        "data": {
            "cache": true,
            "path": "data/regression-num-medium-0-Ailerons",
            "num_policy": "noisy-quantile"
        },
        "optimizer": {
            "type": "AdamW",
            "lr": 0.0049762766869964606,
            "weight_decay": 0.0
        },
        "model": {
            "arch_type": "tabm-mini",
            "k": 32,
            "backbone": {
                "type": "MLP",
                "n_blocks": 3,
                "d_block": 736,
                "dropout": 0.3460005957667046
            }
        }
    },
    "n_parameters": 1134528,
    "prediction_type": "labels",
    "epoch_size": 38,
    "best_step": 912,
    "metrics": {
        "train": {
            "rmse": 0.00014751683574598738,
            "mae": 0.00010864916839636862,
            "r2": 0.872142855054209,
            "score": -0.00014751683574598738
        },
        "val": {
            "rmse": 0.00015247994125766614,
            "mae": 0.00011194041144335642,
            "r2": 0.8427649240067412,
            "score": -0.00015247994125766614
        },
        "test": {
            "rmse": 0.00015559803649530847,
            "mae": 0.00011381038348190486,
            "r2": 0.8495895530366032,
            "score": -0.00015559803649530847
        }
    },
    "time": "0:00:04.069526",
    "chunk_size": null,
    "eval_batch_size": 32768
}