{
    "function": "bin.model.main",
    "gpus": [
        "NVIDIA A100-SXM4-80GB"
    ],
    "config": {
        "seed": 0,
        "batch_size": 64,
        "patience": 16,
        "n_epochs": -1,
        "gradient_clipping_norm": 1.0,
        "amp": true,
        "data": {
            "cache": true,
            "path": "data/regression-cat-medium-2-Mercedes_Benz_Greener_Manufacturing",
            "cat_policy": "ordinal"
        },
        "optimizer": {
            "type": "AdamW",
            "lr": 0.0037008671923880565,
            "weight_decay": 0.0
        },
        "model": {
            "arch_type": "tabm",
            "k": 32,
            "backbone": {
                "type": "MLP",
                "n_blocks": 5,
                "d_block": 416,
                "dropout": 0.13269170810831338
            }
        }
    },
    "n_parameters": 1218528,
    "prediction_type": "labels",
    "epoch_size": 47,
    "best_step": 517,
    "metrics": {
        "train": {
            "rmse": 8.162647997228605,
            "mae": 5.216100215911865,
            "r2": 0.5817943492836856,
            "score": -8.162647997228605
        },
        "val": {
            "rmse": 9.41751144355826,
            "mae": 5.9860334396362305,
            "r2": 0.5165988555246638,
            "score": -9.41751144355826
        },
        "test": {
            "rmse": 7.840941636893737,
            "mae": 5.4218339920043945,
            "r2": 0.6045860019169154,
            "score": -7.840941636893737
        }
    },
    "time": "0:00:17.627043",
    "chunk_size": null,
    "eval_batch_size": 32768
}