{
    "function": "bin.model.main",
    "gpus": [
        "NVIDIA A100-SXM4-40GB"
    ],
    "config": {
        "seed": 0,
        "batch_size": 256,
        "patience": 16,
        "n_epochs": -1,
        "gradient_clipping_norm": 1.0,
        "amp": true,
        "data": {
            "cache": true,
            "path": "data/regression-num-medium-1-MiamiHousing2016",
            "num_policy": "noisy-quantile"
        },
        "optimizer": {
            "type": "AdamW",
            "lr": 0.00017657879310869026,
            "weight_decay": 0.007018547058939809
        },
        "model": {
            "arch_type": "plain",
            "backbone": {
                "type": "MLP",
                "n_blocks": 3,
                "d_block": 608,
                "dropout": 0.3498429519037111
            },
            "num_embeddings": {
                "type": "PeriodicEmbeddings",
                "n_frequencies": 44,
                "d_embedding": 24,
                "frequency_init_scale": 0.05265912174608059,
                "lite": true
            }
        }
    },
    "n_parameters": 934165,
    "prediction_type": "labels",
    "epoch_size": 39,
    "best_step": 3588,
    "metrics": {
        "train": {
            "rmse": 0.11356358039606561,
            "mae": 0.0803106278181076,
            "r2": 0.9604041107863894,
            "score": -0.11356358039606561
        },
        "val": {
            "rmse": 0.136541128581332,
            "mae": 0.09486480057239532,
            "r2": 0.9372408807378767,
            "score": -0.136541128581332
        },
        "test": {
            "rmse": 0.15228703861558074,
            "mae": 0.1026725098490715,
            "r2": 0.9279726243333231,
            "score": -0.15228703861558074
        }
    },
    "time": "0:00:12.746201",
    "chunk_size": null,
    "eval_batch_size": 32768
}