{
    "function": "bin.model.main",
    "gpus": [
        "NVIDIA A100-SXM4-40GB"
    ],
    "config": {
        "seed": 12,
        "batch_size": 512,
        "patience": 16,
        "n_epochs": -1,
        "gradient_clipping_norm": 1.0,
        "amp": true,
        "data": {
            "cache": true,
            "path": "data/classif-num-large-0-jannis",
            "num_policy": "noisy-quantile"
        },
        "optimizer": {
            "type": "AdamW",
            "lr": 0.00016151352457103183,
            "weight_decay": 0.00033113460072945486
        },
        "model": {
            "arch_type": "plain",
            "backbone": {
                "type": "MLP",
                "n_blocks": 1,
                "d_block": 816,
                "dropout": 0.4775586683584535
            },
            "num_embeddings": {
                "type": "PeriodicEmbeddings",
                "n_frequencies": 96,
                "d_embedding": 28,
                "frequency_init_scale": 0.02762946933913689,
                "lite": false
            }
        }
    },
    "n_parameters": 1533242,
    "prediction_type": "probs",
    "epoch_size": 79,
    "best_step": 2449,
    "metrics": {
        "train": {
            "0": {
                "precision": 0.8580472103004292,
                "recall": 0.7927633209417596,
                "f1-score": 0.8241143887672292,
                "support": 20175.0
            },
            "1": {
                "precision": 0.807024831533278,
                "recall": 0.8685609259351249,
                "f1-score": 0.836662918391272,
                "support": 20131.0
            },
            "accuracy": 0.8306207512529152,
            "macro avg": {
                "precision": 0.8325360209168535,
                "recall": 0.8306621234384423,
                "f1-score": 0.8303886535792506,
                "support": 40306.0
            },
            "weighted avg": {
                "precision": 0.8325638701783252,
                "recall": 0.8306207512529152,
                "f1-score": 0.8303818042850581,
                "support": 40306.0
            },
            "cross-entropy": 0.3796007348547407,
            "roc-auc": 0.9102447543558712,
            "score": 0.8306207512529152
        },
        "val": {
            "0": {
                "precision": 0.8371490280777538,
                "recall": 0.7558502340093604,
                "f1-score": 0.794425087108014,
                "support": 2564.0
            },
            "1": {
                "precision": 0.7816532961283572,
                "recall": 0.8559969442322384,
                "f1-score": 0.8171376481312671,
                "support": 2618.0
            },
            "accuracy": 0.806445387881127,
            "macro avg": {
                "precision": 0.8094011621030555,
                "recall": 0.8059235891207994,
                "f1-score": 0.8057813676196406,
                "support": 5182.0
            },
            "weighted avg": {
                "precision": 0.8091120102769972,
                "recall": 0.806445387881127,
                "f1-score": 0.8058997078642619,
                "support": 5182.0
            },
            "cross-entropy": 0.4423135546776046,
            "roc-auc": 0.8755655822107598,
            "score": 0.806445387881127
        },
        "test": {
            "0": {
                "precision": 0.8238052299368801,
                "recall": 0.7549165427202116,
                "f1-score": 0.7878578820282857,
                "support": 6051.0
            },
            "1": {
                "precision": 0.7734840384909119,
                "recall": 0.8382718093030955,
                "f1-score": 0.8045757864632983,
                "support": 6041.0
            },
            "accuracy": 0.7965597088984453,
            "macro avg": {
                "precision": 0.798644634213896,
                "recall": 0.7965941760116535,
                "f1-score": 0.796216834245792,
                "support": 12092.0
            },
            "weighted avg": {
                "precision": 0.7986654418517747,
                "recall": 0.7965597088984453,
                "f1-score": 0.7962099214503757,
                "support": 12092.0
            },
            "cross-entropy": 0.445273052291088,
            "roc-auc": 0.8744159306272996,
            "score": 0.7965597088984453
        }
    },
    "time": "0:00:11.282531",
    "chunk_size": null,
    "eval_batch_size": 32768
}