{
    "function": "bin.model.main",
    "gpus": [
        "NVIDIA A100-SXM4-40GB"
    ],
    "config": {
        "seed": 3,
        "batch_size": 256,
        "patience": 16,
        "n_epochs": -1,
        "gradient_clipping_norm": 1.0,
        "amp": true,
        "data": {
            "cache": true,
            "path": "data/regression-num-medium-0-Ailerons",
            "num_policy": "noisy-quantile"
        },
        "optimizer": {
            "type": "AdamW",
            "lr": 3.8797164735291903e-05,
            "weight_decay": 0.0003568703036052359
        },
        "model": {
            "arch_type": "plain",
            "backbone": {
                "type": "MLP",
                "n_blocks": 2,
                "d_block": 816,
                "dropout": 0.0
            }
        }
    },
    "n_parameters": 695233,
    "prediction_type": "labels",
    "epoch_size": 38,
    "best_step": 1216,
    "metrics": {
        "train": {
            "rmse": 0.00015144431846036624,
            "mae": 0.00011163028830196708,
            "r2": 0.8652441175012785,
            "score": -0.00015144431846036624
        },
        "val": {
            "rmse": 0.0001572611651919251,
            "mae": 0.00011603409802773967,
            "r2": 0.8327496786301031,
            "score": -0.0001572611651919251
        },
        "test": {
            "rmse": 0.00016049458485570067,
            "mae": 0.0001177306694444269,
            "r2": 0.8399739978936339,
            "score": -0.00016049458485570067
        }
    },
    "time": "0:00:03.791341",
    "chunk_size": null,
    "eval_batch_size": 32768
}