{
    "function": "bin.model.main",
    "gpus": [
        "NVIDIA A100-SXM4-80GB"
    ],
    "config": {
        "seed": 8,
        "batch_size": 256,
        "patience": 16,
        "n_epochs": -1,
        "gradient_clipping_norm": 1.0,
        "amp": true,
        "data": {
            "cache": true,
            "path": "data/regression-num-medium-0-fifa",
            "num_policy": "noisy-quantile"
        },
        "optimizer": {
            "type": "AdamW",
            "lr": 0.0003684593803501098,
            "weight_decay": 0.0
        },
        "model": {
            "arch_type": "tabm-mini",
            "k": 32,
            "share_training_batches": false,
            "backbone": {
                "type": "MLP",
                "n_blocks": 3,
                "d_block": 960,
                "dropout": 0.01010919872016286
            },
            "num_embeddings": {
                "type": "PiecewiseLinearEmbeddings",
                "d_embedding": 28
            }
        },
        "bins": {
            "n_bins": 100
        }
    },
    "n_parameters": 2028032,
    "prediction_type": "labels",
    "epoch_size": 40,
    "best_step": 2000,
    "metrics": {
        "train": {
            "rmse": 0.7193052800626838,
            "mae": 0.532800018787384,
            "r2": 0.7196057905492699,
            "score": -0.7193052800626838
        },
        "val": {
            "rmse": 0.7470000988246541,
            "mae": 0.5547321438789368,
            "r2": 0.703032209379407,
            "score": -0.7470000988246541
        },
        "test": {
            "rmse": 0.7901219724100167,
            "mae": 0.5821711421012878,
            "r2": 0.6619586511137541,
            "score": -0.7901219724100167
        }
    },
    "time": "0:00:08.955731",
    "chunk_size": null,
    "eval_batch_size": 32768
}