{
    "function": "bin.model.main",
    "gpus": [
        "NVIDIA A100-SXM4-80GB"
    ],
    "config": {
        "seed": 2,
        "batch_size": 64,
        "patience": 16,
        "n_epochs": -1,
        "gradient_clipping_norm": 1.0,
        "amp": true,
        "data": {
            "cache": true,
            "path": "data/classif-num-medium-1-kdd_ipums_la_97-small",
            "num_policy": "noisy-quantile"
        },
        "optimizer": {
            "type": "AdamW",
            "lr": 0.00027620936277706373,
            "weight_decay": 0.005494864467898597
        },
        "model": {
            "arch_type": "tabm-mini",
            "k": 32,
            "backbone": {
                "type": "MLP",
                "n_blocks": 5,
                "d_block": 112,
                "dropout": 0.0
            }
        }
    },
    "n_parameters": 60848,
    "prediction_type": "probs",
    "epoch_size": 57,
    "best_step": 2793,
    "metrics": {
        "train": {
            "0": {
                "precision": 0.952258064516129,
                "recall": 0.8209121245828699,
                "f1-score": 0.8817204301075269,
                "support": 1798.0
            },
            "1": {
                "precision": 0.8452666987025469,
                "recall": 0.9596290234588107,
                "f1-score": 0.8988247317322433,
                "support": 1833.0
            },
            "accuracy": 0.8909391352244561,
            "macro avg": {
                "precision": 0.898762381609338,
                "recall": 0.8902705740208403,
                "f1-score": 0.890272580919885,
                "support": 3631.0
            },
            "weighted avg": {
                "precision": 0.8982467250679615,
                "recall": 0.8909391352244561,
                "f1-score": 0.89035501696462,
                "support": 3631.0
            },
            "cross-entropy": 0.2506361012328474,
            "roc-auc": 0.9542088348149457,
            "score": 0.8909391352244561
        },
        "val": {
            "0": {
                "precision": 0.9620853080568721,
                "recall": 0.8787878787878788,
                "f1-score": 0.918552036199095,
                "support": 231.0
            },
            "1": {
                "precision": 0.890625,
                "recall": 0.9661016949152542,
                "f1-score": 0.9268292682926829,
                "support": 236.0
            },
            "accuracy": 0.9229122055674518,
            "macro avg": {
                "precision": 0.926355154028436,
                "recall": 0.9224447868515665,
                "f1-score": 0.9226906522458889,
                "support": 467.0
            },
            "weighted avg": {
                "precision": 0.9259726041994378,
                "recall": 0.9229122055674518,
                "f1-score": 0.9227349629102015,
                "support": 467.0
            },
            "cross-entropy": 0.23534693390986555,
            "roc-auc": 0.9550774084672389,
            "score": 0.9229122055674518
        },
        "test": {
            "0": {
                "precision": 0.9352941176470588,
                "recall": 0.8442477876106195,
                "f1-score": 0.8874418604651164,
                "support": 565.0
            },
            "1": {
                "precision": 0.8482758620689655,
                "recall": 0.9371428571428572,
                "f1-score": 0.890497737556561,
                "support": 525.0
            },
            "accuracy": 0.8889908256880734,
            "macro avg": {
                "precision": 0.8917849898580121,
                "recall": 0.8906953223767383,
                "f1-score": 0.8889697990108387,
                "support": 1090.0
            },
            "weighted avg": {
                "precision": 0.8933816550979773,
                "recall": 0.8889908256880734,
                "f1-score": 0.8889137278715462,
                "support": 1090.0
            },
            "cross-entropy": 0.2621095201453291,
            "roc-auc": 0.9484736620311842,
            "score": 0.8889908256880734
        }
    },
    "time": "0:00:12.606648",
    "chunk_size": null,
    "eval_batch_size": 32768
}