{
    "function": "bin.model.main",
    "gpus": [
        "NVIDIA A100-SXM4-80GB"
    ],
    "config": {
        "seed": 3,
        "batch_size": 256,
        "patience": 16,
        "n_epochs": -1,
        "gradient_clipping_norm": 1.0,
        "amp": true,
        "data": {
            "cache": true,
            "path": "data/regression-num-medium-1-pol",
            "num_policy": "noisy-quantile"
        },
        "optimizer": {
            "type": "AdamW",
            "lr": 0.00017927469112134545,
            "weight_decay": 0.004176255238335041
        },
        "model": {
            "arch_type": "plain",
            "backbone": {
                "type": "MLP",
                "n_blocks": 5,
                "d_block": 160,
                "dropout": 0.0
            },
            "num_embeddings": {
                "type": "PeriodicEmbeddings",
                "n_frequencies": 84,
                "d_embedding": 16,
                "frequency_init_scale": 0.09916062114127447,
                "lite": true
            }
        }
    },
    "n_parameters": 174809,
    "prediction_type": "labels",
    "epoch_size": 40,
    "best_step": 1480,
    "metrics": {
        "train": {
            "rmse": 2.8496940448567445,
            "mae": 1.2768961191177368,
            "r2": 0.9952963736506389,
            "score": -2.8496940448567445
        },
        "val": {
            "rmse": 3.3804659909333408,
            "mae": 1.56279718875885,
            "r2": 0.9936386815852313,
            "score": -3.3804659909333408
        },
        "test": {
            "rmse": 3.438185190056383,
            "mae": 1.507045865058899,
            "r2": 0.9932690029334885,
            "score": -3.438185190056383
        }
    },
    "time": "0:00:06.784972",
    "chunk_size": null,
    "eval_batch_size": 32768
}