{
    "function": "bin.model.main",
    "gpus": [
        "NVIDIA A100-SXM4-40GB"
    ],
    "config": {
        "seed": 4,
        "batch_size": 256,
        "patience": 16,
        "n_epochs": -1,
        "gradient_clipping_norm": 1.0,
        "amp": true,
        "data": {
            "cache": true,
            "path": "data/regression-num-medium-1-pol",
            "num_policy": "noisy-quantile"
        },
        "optimizer": {
            "type": "AdamW",
            "lr": 0.0006594375075483318,
            "weight_decay": 0.09686973613580671
        },
        "model": {
            "arch_type": "plain",
            "backbone": {
                "type": "MLP",
                "n_blocks": 4,
                "d_block": 880,
                "dropout": 0.0
            }
        }
    },
    "n_parameters": 2350481,
    "prediction_type": "labels",
    "epoch_size": 40,
    "best_step": 1200,
    "metrics": {
        "train": {
            "rmse": 2.2166030597404407,
            "mae": 1.3597121238708496,
            "r2": 0.9971541489790378,
            "score": -2.2166030597404407
        },
        "val": {
            "rmse": 5.888974391068627,
            "mae": 2.6818313598632812,
            "r2": 0.9806948428890406,
            "score": -5.888974391068627
        },
        "test": {
            "rmse": 4.991586663948254,
            "mae": 2.4198782444000244,
            "r2": 0.9858127530070062,
            "score": -4.991586663948254
        }
    },
    "time": "0:00:12.960440",
    "chunk_size": null,
    "eval_batch_size": 32768
}