{
    "function": "bin.model.main",
    "gpus": [
        "NVIDIA A100-SXM4-80GB"
    ],
    "config": {
        "seed": 14,
        "batch_size": 256,
        "patience": 16,
        "n_epochs": -1,
        "gradient_clipping_norm": 1.0,
        "amp": true,
        "data": {
            "cache": true,
            "path": "data/classif-num-medium-2-bank-marketing",
            "num_policy": "noisy-quantile"
        },
        "optimizer": {
            "type": "AdamW",
            "lr": 0.0007332038931692587,
            "weight_decay": 0.014430413022687329
        },
        "model": {
            "arch_type": "tabm-mini",
            "k": 32,
            "share_training_batches": false,
            "backbone": {
                "type": "MLP",
                "n_blocks": 2,
                "d_block": 992,
                "dropout": 0.33612902776453624
            },
            "num_embeddings": {
                "type": "PiecewiseLinearEmbeddingsV2",
                "d_embedding": 28
            }
        },
        "bins": {
            "n_bins": 19
        }
    },
    "n_parameters": 1254420,
    "prediction_type": "probs",
    "epoch_size": 29,
    "best_step": 580,
    "metrics": {
        "train": {
            "0": {
                "precision": 0.8247045582442318,
                "recall": 0.7923763179237632,
                "f1-score": 0.8082172893974906,
                "support": 3699.0
            },
            "1": {
                "precision": 0.8005194805194805,
                "recall": 0.8318488529014845,
                "f1-score": 0.815883520847121,
                "support": 3705.0
            },
            "accuracy": 0.8121285791464073,
            "macro avg": {
                "precision": 0.8126120193818562,
                "recall": 0.8121125854126239,
                "f1-score": 0.8120504051223059,
                "support": 7404.0
            },
            "weighted avg": {
                "precision": 0.8126022199176242,
                "recall": 0.8121285791464073,
                "f1-score": 0.8120535113749191,
                "support": 7404.0
            },
            "cross-entropy": 0.41379197789646555,
            "roc-auc": 0.8916106734905558,
            "score": 0.8121285791464073
        },
        "val": {
            "0": {
                "precision": 0.8318181818181818,
                "recall": 0.7904967602591793,
                "f1-score": 0.8106312292358804,
                "support": 463.0
            },
            "1": {
                "precision": 0.810546875,
                "recall": 0.8486707566462167,
                "f1-score": 0.8291708291708293,
                "support": 489.0
            },
            "accuracy": 0.8203781512605042,
            "macro avg": {
                "precision": 0.8211825284090909,
                "recall": 0.8195837584526979,
                "f1-score": 0.8199010292033548,
                "support": 952.0
            },
            "weighted avg": {
                "precision": 0.8208920588832124,
                "recall": 0.8203781512605042,
                "f1-score": 0.8201541960091893,
                "support": 952.0
            },
            "cross-entropy": 0.42343474044984825,
            "roc-auc": 0.8868983732835116,
            "score": 0.8203781512605042
        },
        "test": {
            "0": {
                "precision": 0.8135135135135135,
                "recall": 0.8012422360248447,
                "f1-score": 0.8073312472060795,
                "support": 1127.0
            },
            "1": {
                "precision": 0.7985611510791367,
                "recall": 0.810958904109589,
                "f1-score": 0.8047122791119166,
                "support": 1095.0
            },
            "accuracy": 0.806030603060306,
            "macro avg": {
                "precision": 0.8060373322963251,
                "recall": 0.8061005700672168,
                "f1-score": 0.8060217631589981,
                "support": 2222.0
            },
            "weighted avg": {
                "precision": 0.8061450000726302,
                "recall": 0.806030603060306,
                "f1-score": 0.8060406216151217,
                "support": 2222.0
            },
            "cross-entropy": 0.42398152649042065,
            "roc-auc": 0.886650216965881,
            "score": 0.806030603060306
        }
    },
    "time": "0:00:03.863331",
    "chunk_size": null,
    "eval_batch_size": 32768
}