{
    "function": "bin.model.main",
    "gpus": [
        "NVIDIA A100-SXM4-40GB"
    ],
    "config": {
        "seed": 6,
        "batch_size": 1024,
        "patience": 16,
        "n_epochs": -1,
        "gradient_clipping_norm": 1.0,
        "amp": true,
        "data": {
            "cache": true,
            "path": "data/covtype2",
            "num_policy": "noisy-quantile",
            "cat_policy": "ordinal"
        },
        "optimizer": {
            "type": "AdamW",
            "lr": 0.0004946404034512881,
            "weight_decay": 0.0
        },
        "model": {
            "arch_type": "tabm",
            "k": 32,
            "backbone": {
                "type": "MLP",
                "n_blocks": 4,
                "d_block": 880,
                "dropout": 0.0466486071997953
            },
            "num_embeddings": {
                "type": "PiecewiseLinearEmbeddingsV2",
                "d_embedding": 12
            }
        },
        "bins": {
            "n_bins": 128
        }
    },
    "n_parameters": 2999120,
    "prediction_type": "probs",
    "epoch_size": 364,
    "best_step": 46956,
    "metrics": {
        "train": {
            "0": {
                "precision": 0.9985235929841139,
                "recall": 0.9976839900278807,
                "f1-score": 0.9981036149379063,
                "support": 135578.0
            },
            "1": {
                "precision": 0.9984836203426467,
                "recall": 0.9987094069890575,
                "f1-score": 0.9985965009030373,
                "support": 181312.0
            },
            "2": {
                "precision": 0.99960647135986,
                "recall": 0.9990822480552399,
                "f1-score": 0.999344290959958,
                "support": 22882.0
            },
            "3": {
                "precision": 0.9932241671372106,
                "recall": 1.0,
                "f1-score": 0.996600566572238,
                "support": 1759.0
            },
            "4": {
                "precision": 0.9939334317101164,
                "recall": 0.9978600823045267,
                "f1-score": 0.9958928864793822,
                "support": 6075.0
            },
            "5": {
                "precision": 0.9982922883336329,
                "recall": 0.9992802519118309,
                "f1-score": 0.9987860258081921,
                "support": 11115.0
            },
            "6": {
                "precision": 0.9952142206016409,
                "recall": 0.9980953832088983,
                "f1-score": 0.9966527196652719,
                "support": 13126.0
            },
            "accuracy": 0.9983460939579989,
            "macro avg": {
                "precision": 0.9967539703527459,
                "recall": 0.9986730517853477,
                "f1-score": 0.9977109436179978,
                "support": 371847.0
            },
            "weighted avg": {
                "precision": 0.9983469456279093,
                "recall": 0.9983460939579989,
                "f1-score": 0.998346246441886,
                "support": 371847.0
            },
            "cross-entropy": 0.013755830801077952,
            "score": 0.9983460939579989
        },
        "val": {
            "0": {
                "precision": 0.977430504268707,
                "recall": 0.9761904761904762,
                "f1-score": 0.9768100966861024,
                "support": 33894.0
            },
            "1": {
                "precision": 0.9807806880116507,
                "recall": 0.9805859512883869,
                "f1-score": 0.98068330998268,
                "support": 45328.0
            },
            "2": {
                "precision": 0.9735736786839342,
                "recall": 0.9723824506205209,
                "f1-score": 0.9729777000437254,
                "support": 5721.0
            },
            "3": {
                "precision": 0.9044444444444445,
                "recall": 0.9271070615034168,
                "f1-score": 0.9156355455568055,
                "support": 439.0
            },
            "4": {
                "precision": 0.9193233571893299,
                "recall": 0.9302172481895984,
                "f1-score": 0.924738219895288,
                "support": 1519.0
            },
            "5": {
                "precision": 0.9521428571428572,
                "recall": 0.9593378913278158,
                "f1-score": 0.9557268327657286,
                "support": 2779.0
            },
            "6": {
                "precision": 0.9711333941051352,
                "recall": 0.9737964655697745,
                "f1-score": 0.9724631066484102,
                "support": 3282.0
            },
            "accuracy": 0.9765280437167875,
            "macro avg": {
                "precision": 0.9541184176922942,
                "recall": 0.9599453635271413,
                "f1-score": 0.9570049730826772,
                "support": 92962.0
            },
            "weighted avg": {
                "precision": 0.9765542871685335,
                "recall": 0.9765280437167875,
                "f1-score": 0.9765393392861627,
                "support": 92962.0
            },
            "cross-entropy": 0.059260347985478856,
            "score": 0.9765280437167875
        },
        "test": {
            "0": {
                "precision": 0.9777525324245007,
                "recall": 0.9750755287009063,
                "f1-score": 0.9764121956984164,
                "support": 42368.0
            },
            "1": {
                "precision": 0.9791956839859659,
                "recall": 0.9801980198019802,
                "f1-score": 0.979696595519492,
                "support": 56661.0
            },
            "2": {
                "precision": 0.9707978203157748,
                "recall": 0.9716123619074255,
                "f1-score": 0.9712049203242941,
                "support": 7151.0
            },
            "3": {
                "precision": 0.8969804618117229,
                "recall": 0.9198542805100182,
                "f1-score": 0.908273381294964,
                "support": 549.0
            },
            "4": {
                "precision": 0.9178515007898894,
                "recall": 0.9178515007898894,
                "f1-score": 0.9178515007898894,
                "support": 1899.0
            },
            "5": {
                "precision": 0.9509466437177281,
                "recall": 0.9545061906133027,
                "f1-score": 0.952723092398333,
                "support": 3473.0
            },
            "6": {
                "precision": 0.9718924157984008,
                "recall": 0.9778156996587031,
                "f1-score": 0.9748450601531171,
                "support": 4102.0
            },
            "accuracy": 0.9756460676574615,
            "macro avg": {
                "precision": 0.9522024369777118,
                "recall": 0.956701940283175,
                "f1-score": 0.954429535168358,
                "support": 116203.0
            },
            "weighted avg": {
                "precision": 0.9756596973739018,
                "recall": 0.9756460676574615,
                "f1-score": 0.9756509807345585,
                "support": 116203.0
            },
            "cross-entropy": 0.06072009769256054,
            "score": 0.9756460676574615
        }
    },
    "time": "0:19:26.210237",
    "chunk_size": null,
    "eval_batch_size": 32768
}