{
    "function": "bin.ensemble.main",
    "config": {
        "seeds": [
            5,
            6,
            7,
            8,
            9
        ],
        "data": {
            "path": "data/classif-num-medium-0-kdd_ipums_la_97-small"
        }
    },
    "single_model_function": "bin.model.main",
    "prediction_type": "probs",
    "metrics": {
        "train": {
            "0": {
                "precision": 0.9730069052102951,
                "recall": 0.8469945355191257,
                "f1-score": 0.9056383289512124,
                "support": 1830.0
            },
            "1": {
                "precision": 0.8626104023552502,
                "recall": 0.9761243753470294,
                "f1-score": 0.9158635061213858,
                "support": 1801.0
            },
            "accuracy": 0.9110437895896447,
            "macro avg": {
                "precision": 0.9178086537827727,
                "recall": 0.9115594554330776,
                "f1-score": 0.9107509175362991,
                "support": 3631.0
            },
            "weighted avg": {
                "precision": 0.9182495101009764,
                "recall": 0.9110437895896447,
                "f1-score": 0.9107100844134769,
                "support": 3631.0
            },
            "cross-entropy": 0.21892929396616878,
            "roc-auc": 0.9619206694520045,
            "score": 0.9110437895896447
        },
        "val": {
            "0": {
                "precision": 0.9497716894977168,
                "recall": 0.859504132231405,
                "f1-score": 0.9023861171366594,
                "support": 242.0
            },
            "1": {
                "precision": 0.8629032258064516,
                "recall": 0.9511111111111111,
                "f1-score": 0.904862579281184,
                "support": 225.0
            },
            "accuracy": 0.9036402569593148,
            "macro avg": {
                "precision": 0.9063374576520842,
                "recall": 0.9053076216712581,
                "f1-score": 0.9036243482089217,
                "support": 467.0
            },
            "weighted avg": {
                "precision": 0.9079185752995698,
                "recall": 0.9036402569593148,
                "f1-score": 0.9035792734161413,
                "support": 467.0
            },
            "cross-entropy": 0.25443792898103784,
            "roc-auc": 0.9555922865013775,
            "score": 0.9036402569593148
        },
        "test": {
            "0": {
                "precision": 0.9163090128755365,
                "recall": 0.8180076628352491,
                "f1-score": 0.8643724696356275,
                "support": 522.0
            },
            "1": {
                "precision": 0.8477564102564102,
                "recall": 0.9313380281690141,
                "f1-score": 0.8875838926174496,
                "support": 568.0
            },
            "accuracy": 0.8770642201834863,
            "macro avg": {
                "precision": 0.8820327115659734,
                "recall": 0.8746728455021315,
                "f1-score": 0.8759781811265386,
                "support": 1090.0
            },
            "weighted avg": {
                "precision": 0.8805861887584138,
                "recall": 0.8770642201834863,
                "f1-score": 0.8764679634463385,
                "support": 1090.0
            },
            "cross-entropy": 0.29707605850959273,
            "roc-auc": 0.9406703631752199,
            "score": 0.8770642201834863
        }
    }
}