{
    "function": "bin.model.main",
    "gpus": [
        "NVIDIA A100-SXM4-80GB"
    ],
    "config": {
        "seed": 6,
        "batch_size": 256,
        "patience": 16,
        "n_epochs": -1,
        "gradient_clipping_norm": 1.0,
        "amp": true,
        "data": {
            "cache": true,
            "path": "data/regression-num-medium-1-Ailerons",
            "num_policy": "noisy-quantile"
        },
        "optimizer": {
            "type": "AdamW",
            "lr": 0.0022217248247845796,
            "weight_decay": 0.059895547222137094
        },
        "model": {
            "arch_type": "tabm-mini",
            "k": 32,
            "share_training_batches": false,
            "backbone": {
                "type": "MLP",
                "n_blocks": 4,
                "d_block": 528,
                "dropout": 0.16232123712081217
            },
            "num_embeddings": {
                "type": "PiecewiseLinearEmbeddingsV2",
                "d_embedding": 20
            }
        },
        "bins": {
            "n_bins": 21
        }
    },
    "n_parameters": 1240172,
    "prediction_type": "labels",
    "epoch_size": 38,
    "best_step": 1254,
    "metrics": {
        "train": {
            "rmse": 9.732008952121811e-05,
            "mae": 7.410239049931988e-05,
            "r2": 0.942866671913605,
            "score": -9.732008952121811e-05
        },
        "val": {
            "rmse": 0.00014268270743788062,
            "mae": 0.00010443955397931859,
            "r2": 0.875021584097891,
            "score": -0.00014268270743788062
        },
        "test": {
            "rmse": 0.00015567634986118618,
            "mae": 0.00010844798816833645,
            "r2": 0.8569725971962943,
            "score": -0.00015567634986118618
        }
    },
    "time": "0:00:06.882809",
    "chunk_size": null,
    "eval_batch_size": 32768
}