{
    "function": "bin.model.main",
    "gpus": [
        "NVIDIA A100-SXM4-40GB"
    ],
    "config": {
        "seed": 13,
        "batch_size": 256,
        "patience": 16,
        "n_epochs": -1,
        "gradient_clipping_norm": 1.0,
        "amp": true,
        "data": {
            "cache": true,
            "path": "data/classif-num-medium-0-credit",
            "num_policy": "noisy-quantile"
        },
        "optimizer": {
            "type": "AdamW",
            "lr": 0.0004673247622580847,
            "weight_decay": 0.00206857313403222
        },
        "model": {
            "arch_type": "tabm-mini",
            "k": 32,
            "backbone": {
                "type": "MLP",
                "n_blocks": 1,
                "d_block": 288,
                "dropout": 0.0
            },
            "num_embeddings": {
                "type": "PiecewiseLinearEmbeddingsV2",
                "d_embedding": 28
            }
        },
        "bins": {
            "n_bins": 10
        }
    },
    "n_parameters": 111744,
    "prediction_type": "probs",
    "epoch_size": 40,
    "best_step": 1240,
    "metrics": {
        "train": {
            "0": {
                "precision": 0.7836117740652346,
                "recall": 0.7829888712241654,
                "f1-score": 0.7833001988071572,
                "support": 5032.0
            },
            "1": {
                "precision": 0.7803700724054706,
                "recall": 0.7809983896940419,
                "f1-score": 0.7806841046277666,
                "support": 4968.0
            },
            "accuracy": 0.782,
            "macro avg": {
                "precision": 0.7819909232353526,
                "recall": 0.7819936304591036,
                "f1-score": 0.781992151717462,
                "support": 10000.0
            },
            "weighted avg": {
                "precision": 0.7820012966806639,
                "recall": 0.782,
                "f1-score": 0.782000523218836,
                "support": 10000.0
            },
            "cross-entropy": 0.46470249843986766,
            "roc-auc": 0.8619436852133464,
            "score": 0.782
        },
        "val": {
            "0": {
                "precision": 0.7905811623246493,
                "recall": 0.7953629032258065,
                "f1-score": 0.792964824120603,
                "support": 992.0
            },
            "1": {
                "precision": 0.8001968503937008,
                "recall": 0.7954990215264188,
                "f1-score": 0.7978410206084396,
                "support": 1022.0
            },
            "accuracy": 0.7954319761668321,
            "macro avg": {
                "precision": 0.7953890063591751,
                "recall": 0.7954309623761127,
                "f1-score": 0.7954029223645214,
                "support": 2014.0
            },
            "weighted avg": {
                "precision": 0.7954606227052703,
                "recall": 0.7954319761668321,
                "f1-score": 0.7954392396174098,
                "support": 2014.0
            },
            "cross-entropy": 0.46075042027009855,
            "roc-auc": 0.8640641768196453,
            "score": 0.7954319761668321
        },
        "test": {
            "0": {
                "precision": 0.7678646934460888,
                "recall": 0.778396913844835,
                "f1-score": 0.7730949340144744,
                "support": 2333.0
            },
            "1": {
                "precision": 0.7785867237687366,
                "recall": 0.7680608365019012,
                "f1-score": 0.7732879625691195,
                "support": 2367.0
            },
            "accuracy": 0.7731914893617021,
            "macro avg": {
                "precision": 0.7732257086074127,
                "recall": 0.773228875173368,
                "f1-score": 0.773191448291797,
                "support": 4700.0
            },
            "weighted avg": {
                "precision": 0.773264490419218,
                "recall": 0.7731914893617021,
                "f1-score": 0.7731921464801861,
                "support": 4700.0
            },
            "cross-entropy": 0.47821117300825317,
            "roc-auc": 0.8533149131751756,
            "score": 0.7731914893617021
        }
    },
    "time": "0:00:06.154428",
    "chunk_size": null,
    "eval_batch_size": 32768
}