{
    "function": "bin.model.main",
    "gpus": [
        "NVIDIA A100-SXM4-40GB"
    ],
    "config": {
        "seed": 5,
        "batch_size": 256,
        "patience": 16,
        "n_epochs": -1,
        "gradient_clipping_norm": 1.0,
        "amp": true,
        "data": {
            "cache": true,
            "path": "data/classif-num-medium-1-MagicTelescope",
            "num_policy": "noisy-quantile"
        },
        "optimizer": {
            "type": "AdamW",
            "lr": 0.00038529457648533424,
            "weight_decay": 0.040074104699834114
        },
        "model": {
            "arch_type": "plain",
            "backbone": {
                "type": "MLP",
                "n_blocks": 1,
                "d_block": 496,
                "dropout": 0.14262947687369218
            },
            "num_embeddings": {
                "type": "PeriodicEmbeddings",
                "n_frequencies": 64,
                "d_embedding": 24,
                "frequency_init_scale": 0.037078981159040576,
                "lite": true
            }
        }
    },
    "n_parameters": 124266,
    "prediction_type": "probs",
    "epoch_size": 37,
    "best_step": 1036,
    "metrics": {
        "train": {
            "0": {
                "precision": 0.8346718903036239,
                "recall": 0.9118339396533276,
                "f1-score": 0.8715483739005931,
                "support": 4673.0
            },
            "1": {
                "precision": 0.9032409581963363,
                "recall": 0.8200426439232409,
                "f1-score": 0.8596334376396959,
                "support": 4690.0
            },
            "accuracy": 0.8658549610167682,
            "macro avg": {
                "precision": 0.8689564242499801,
                "recall": 0.8659382917882843,
                "f1-score": 0.8655909057701445,
                "support": 9363.0
            },
            "weighted avg": {
                "precision": 0.8690186732168804,
                "recall": 0.8658549610167682,
                "f1-score": 0.8655800890491985,
                "support": 9363.0
            },
            "cross-entropy": 0.30823398951914693,
            "roc-auc": 0.9389452724150943,
            "score": 0.8658549610167682
        },
        "val": {
            "0": {
                "precision": 0.8629283489096573,
                "recall": 0.8892455858747994,
                "f1-score": 0.8758893280632412,
                "support": 623.0
            },
            "1": {
                "precision": 0.8770053475935828,
                "recall": 0.8482758620689655,
                "f1-score": 0.8624014022787028,
                "support": 580.0
            },
            "accuracy": 0.8694929343308395,
            "macro avg": {
                "precision": 0.8699668482516201,
                "recall": 0.8687607239718824,
                "f1-score": 0.869145365170972,
                "support": 1203.0
            },
            "weighted avg": {
                "precision": 0.8697152643183662,
                "recall": 0.8694929343308395,
                "f1-score": 0.8693864212012027,
                "support": 1203.0
            },
            "cross-entropy": 0.32211515679777064,
            "roc-auc": 0.9347982509547794,
            "score": 0.8694929343308395
        },
        "test": {
            "0": {
                "precision": 0.8264516129032258,
                "recall": 0.9202586206896551,
                "f1-score": 0.8708361658735555,
                "support": 1392.0
            },
            "1": {
                "precision": 0.9119047619047619,
                "recall": 0.810296191819464,
                "f1-score": 0.8581030619865572,
                "support": 1418.0
            },
            "accuracy": 0.8647686832740213,
            "macro avg": {
                "precision": 0.8691781874039939,
                "recall": 0.8652774062545596,
                "f1-score": 0.8644696139300563,
                "support": 2810.0
            },
            "weighted avg": {
                "precision": 0.8695735222570258,
                "recall": 0.8647686832740213,
                "f1-score": 0.8644107063320027,
                "support": 2810.0
            },
            "cross-entropy": 0.31077773278023796,
            "roc-auc": 0.9381535431156073,
            "score": 0.8647686832740213
        }
    },
    "time": "0:00:04.401632",
    "chunk_size": null,
    "eval_batch_size": 32768
}