{
    "function": "bin.ensemble.main",
    "config": {
        "seeds": [
            0,
            1,
            2,
            3,
            4
        ],
        "data": {
            "path": "data/classif-num-medium-2-wine"
        }
    },
    "single_model_function": "bin.model.main",
    "prediction_type": "probs",
    "metrics": {
        "train": {
            "0": {
                "precision": 0.991494532199271,
                "recall": 0.8957189901207464,
                "f1-score": 0.9411764705882352,
                "support": 911.0
            },
            "1": {
                "precision": 0.9014522821576764,
                "recall": 0.9920091324200914,
                "f1-score": 0.9445652173913044,
                "support": 876.0
            },
            "accuracy": 0.9429210968102966,
            "macro avg": {
                "precision": 0.9464734071784737,
                "recall": 0.9438640612704189,
                "f1-score": 0.9428708439897697,
                "support": 1787.0
            },
            "weighted avg": {
                "precision": 0.9473551863478793,
                "recall": 0.9429210968102966,
                "f1-score": 0.9428376581648935,
                "support": 1787.0
            },
            "cross-entropy": 0.1679898009795016,
            "roc-auc": 0.9880105659393812,
            "score": 0.9429210968102966
        },
        "val": {
            "0": {
                "precision": 0.9367088607594937,
                "recall": 0.7047619047619048,
                "f1-score": 0.8043478260869565,
                "support": 105.0
            },
            "1": {
                "precision": 0.7947019867549668,
                "recall": 0.96,
                "f1-score": 0.8695652173913043,
                "support": 125.0
            },
            "accuracy": 0.8434782608695652,
            "macro avg": {
                "precision": 0.8657054237572303,
                "recall": 0.8323809523809524,
                "f1-score": 0.8369565217391304,
                "support": 230.0
            },
            "weighted avg": {
                "precision": 0.85953121184399,
                "recall": 0.8434782608695652,
                "f1-score": 0.8397920604914935,
                "support": 230.0
            },
            "cross-entropy": 0.4778423695793324,
            "roc-auc": 0.8677333333333334,
            "score": 0.8434782608695652
        },
        "test": {
            "0": {
                "precision": 0.8427947598253275,
                "recall": 0.7394636015325671,
                "f1-score": 0.7877551020408163,
                "support": 261.0
            },
            "1": {
                "precision": 0.7792207792207793,
                "recall": 0.8695652173913043,
                "f1-score": 0.821917808219178,
                "support": 276.0
            },
            "accuracy": 0.8063314711359404,
            "macro avg": {
                "precision": 0.8110077695230533,
                "recall": 0.8045144094619356,
                "f1-score": 0.8048364551299971,
                "support": 537.0
            },
            "weighted avg": {
                "precision": 0.8101198647660066,
                "recall": 0.8063314711359404,
                "f1-score": 0.8053135878978513,
                "support": 537.0
            },
            "cross-entropy": 0.47510729222173137,
            "roc-auc": 0.8810733522127825,
            "score": 0.8063314711359404
        }
    }
}