{
    "function": "bin.model.main",
    "gpus": [
        "NVIDIA A100-SXM4-80GB"
    ],
    "config": {
        "seed": 12,
        "batch_size": 128,
        "patience": 16,
        "n_epochs": -1,
        "gradient_clipping_norm": 1.0,
        "amp": true,
        "data": {
            "cache": true,
            "path": "data/regression-num-medium-1-cpu_act",
            "num_policy": "noisy-quantile"
        },
        "optimizer": {
            "type": "AdamW",
            "lr": 0.0029760713414629107,
            "weight_decay": 0.07587870523294592
        },
        "model": {
            "arch_type": "tabm-packed",
            "k": 32,
            "share_training_batches": false,
            "backbone": {
                "type": "MLP",
                "n_blocks": 5,
                "d_block": 64,
                "dropout": 0.010589345175863428
            }
        }
    },
    "n_parameters": 579616,
    "prediction_type": "labels",
    "epoch_size": 45,
    "best_step": 6975,
    "metrics": {
        "train": {
            "rmse": 1.5062124825391545,
            "mae": 1.1237226724624634,
            "r2": 0.9929164320455349,
            "score": -1.5062124825391545
        },
        "val": {
            "rmse": 2.099938314530978,
            "mae": 1.486099362373352,
            "r2": 0.9901645302753478,
            "score": -2.099938314530978
        },
        "test": {
            "rmse": 2.2441114086775826,
            "mae": 1.5643447637557983,
            "r2": 0.9856841988284443,
            "score": -2.2441114086775826
        }
    },
    "time": "0:00:26.770006",
    "chunk_size": null,
    "eval_batch_size": 32768
}