{
    "function": "bin.ensemble.main",
    "config": {
        "seeds": [
            5,
            6,
            7,
            8,
            9
        ],
        "data": {
            "path": "data/sberbank-housing"
        }
    },
    "single_model_function": "bin.model.main",
    "prediction_type": "labels",
    "metrics": {
        "train": {
            "rmse": 0.22304354830530815,
            "mae": 0.11527404934167862,
            "r2": 0.6821712524785897,
            "score": -0.22304354830530815
        },
        "val": {
            "rmse": 0.23530336733367008,
            "mae": 0.12572826445102692,
            "r2": 0.6301654268893031,
            "score": -0.23530336733367008
        },
        "test": {
            "rmse": 0.2326114586573908,
            "mae": 0.14348740875720978,
            "r2": 0.630255436685085,
            "score": -0.2326114586573908
        }
    }
}