{
    "function": "bin.model.main",
    "gpus": [
        "NVIDIA A100-SXM4-40GB"
    ],
    "config": {
        "seed": 6,
        "batch_size": 32,
        "patience": 16,
        "n_epochs": -1,
        "gradient_clipping_norm": 1.0,
        "amp": true,
        "data": {
            "cache": true,
            "path": "data/classif-num-medium-0-phoneme",
            "num_policy": "noisy-quantile"
        },
        "optimizer": {
            "type": "AdamW",
            "lr": 0.0008277822675883571,
            "weight_decay": 0.0
        },
        "model": {
            "arch_type": "tabm",
            "k": 32,
            "backbone": {
                "type": "MLP",
                "n_blocks": 2,
                "d_block": 240,
                "dropout": 0.0
            },
            "num_embeddings": {
                "type": "PiecewiseLinearEmbeddings",
                "d_embedding": 12
            }
        },
        "bins": {
            "n_bins": 113
        }
    },
    "n_parameters": 134644,
    "prediction_type": "probs",
    "epoch_size": 70,
    "best_step": 3430,
    "metrics": {
        "train": {
            "0": {
                "precision": 0.9532273152478953,
                "recall": 0.9297445255474452,
                "f1-score": 0.9413394919168593,
                "support": 1096.0
            },
            "1": {
                "precision": 0.9331016507384883,
                "recall": 0.9555160142348754,
                "f1-score": 0.9441758241758242,
                "support": 1124.0
            },
            "accuracy": 0.9427927927927928,
            "macro avg": {
                "precision": 0.9431644829931918,
                "recall": 0.9426302698911604,
                "f1-score": 0.9427576580463417,
                "support": 2220.0
            },
            "weighted avg": {
                "precision": 0.9430375643881775,
                "recall": 0.9427927927927928,
                "f1-score": 0.9427755448263532,
                "support": 2220.0
            },
            "cross-entropy": 0.15372972501227122,
            "roc-auc": 0.9885112800997481,
            "score": 0.9427927927927928
        },
        "val": {
            "0": {
                "precision": 0.9166666666666666,
                "recall": 0.88,
                "f1-score": 0.8979591836734694,
                "support": 150.0
            },
            "1": {
                "precision": 0.8723404255319149,
                "recall": 0.9111111111111111,
                "f1-score": 0.891304347826087,
                "support": 135.0
            },
            "accuracy": 0.8947368421052632,
            "macro avg": {
                "precision": 0.8945035460992907,
                "recall": 0.8955555555555555,
                "f1-score": 0.8946317657497782,
                "support": 285.0
            },
            "weighted avg": {
                "precision": 0.8956700261291526,
                "recall": 0.8947368421052632,
                "f1-score": 0.8948068930089199,
                "support": 285.0
            },
            "cross-entropy": 0.30342993170278343,
            "roc-auc": 0.9434074074074075,
            "score": 0.8947368421052632
        },
        "test": {
            "0": {
                "precision": 0.9290322580645162,
                "recall": 0.8470588235294118,
                "f1-score": 0.8861538461538462,
                "support": 340.0
            },
            "1": {
                "precision": 0.8543417366946778,
                "recall": 0.9327217125382263,
                "f1-score": 0.8918128654970762,
                "support": 327.0
            },
            "accuracy": 0.889055472263868,
            "macro avg": {
                "precision": 0.891686997379597,
                "recall": 0.889890268033819,
                "f1-score": 0.8889833558254612,
                "support": 667.0
            },
            "weighted avg": {
                "precision": 0.8924148660286285,
                "recall": 0.889055472263868,
                "f1-score": 0.8889282079607971,
                "support": 667.0
            },
            "cross-entropy": 0.2923883979442183,
            "roc-auc": 0.9477064220183486,
            "score": 0.889055472263868
        }
    },
    "time": "0:00:13.564582",
    "chunk_size": null,
    "eval_batch_size": 32768
}