{
    "function": "bin.model.main",
    "gpus": [
        "NVIDIA A100-SXM4-80GB"
    ],
    "config": {
        "seed": 2,
        "batch_size": 128,
        "patience": 16,
        "n_epochs": -1,
        "gradient_clipping_norm": 1.0,
        "amp": true,
        "data": {
            "cache": true,
            "path": "data/regression-num-medium-2-isolet",
            "num_policy": "noisy-quantile"
        },
        "optimizer": {
            "type": "AdamW",
            "lr": 0.001864385017250235,
            "weight_decay": 0.00011031187969490146
        },
        "model": {
            "arch_type": "tabm",
            "k": 32,
            "share_training_batches": false,
            "backbone": {
                "type": "MLP",
                "n_blocks": 4,
                "d_block": 912,
                "dropout": 0.12239672999459525
            },
            "num_embeddings": {
                "type": "PiecewiseLinearEmbeddings",
                "d_embedding": 12
            }
        },
        "bins": {
            "n_bins": 35
        }
    },
    "n_parameters": 10061708,
    "prediction_type": "labels",
    "epoch_size": 43,
    "best_step": 1720,
    "metrics": {
        "train": {
            "rmse": 0.2296834351705425,
            "mae": 0.18422472476959229,
            "r2": 0.999065776250666,
            "score": -0.2296834351705425
        },
        "val": {
            "rmse": 2.08987033149713,
            "mae": 0.7396348118782043,
            "r2": 0.9203559587031298,
            "score": -2.08987033149713
        },
        "test": {
            "rmse": 1.818204912125701,
            "mae": 0.6594086289405823,
            "r2": 0.9410985504279955,
            "score": -1.818204912125701
        }
    },
    "time": "0:00:27.922717",
    "chunk_size": null,
    "eval_batch_size": 32768
}