{
    "function": "bin.model.main",
    "gpus": [
        "NVIDIA A100-SXM4-40GB"
    ],
    "config": {
        "seed": 10,
        "batch_size": 1024,
        "patience": 16,
        "n_epochs": -1,
        "gradient_clipping_norm": 1.0,
        "amp": true,
        "data": {
            "cache": true,
            "path": "data/homecredit-default",
            "num_policy": "noisy-quantile",
            "cat_policy": "ordinal"
        },
        "optimizer": {
            "type": "AdamW",
            "lr": 0.0007635047889015031,
            "weight_decay": 0.0
        },
        "model": {
            "arch_type": "tabm",
            "k": 32,
            "backbone": {
                "type": "MLP",
                "n_blocks": 3,
                "d_block": 432,
                "dropout": 0.0
            },
            "num_embeddings": {
                "type": "PiecewiseLinearEmbeddings",
                "d_embedding": 8
            }
        },
        "bins": {
            "n_bins": 128
        }
    },
    "n_parameters": 3516592,
    "prediction_type": "probs",
    "epoch_size": 262,
    "best_step": 2096,
    "metrics": {
        "train": {
            "0": {
                "precision": 0.9699343716695025,
                "recall": 0.9998496611593823,
                "f1-score": 0.9846648533015459,
                "support": 259414.0
            },
            "1": {
                "precision": 0.8304347826086956,
                "recall": 0.02320495687036812,
                "f1-score": 0.0451483276208486,
                "support": 8231.0
            },
            "accuracy": 0.9698144930785182,
            "macro avg": {
                "precision": 0.900184577139099,
                "recall": 0.5115273090148752,
                "f1-score": 0.5149065904611972,
                "support": 267645.0
            },
            "weighted avg": {
                "precision": 0.965644281746061,
                "recall": 0.9698144930785182,
                "f1-score": 0.9557715038166766,
                "support": 267645.0
            },
            "cross-entropy": 0.0978779238880269,
            "roc-auc": 0.9028038732591359,
            "score": 0.9028038732591359
        },
        "val": {
            "0": {
                "precision": 0.9562433113542997,
                "recall": 0.9994227057061933,
                "f1-score": 0.9773563269086579,
                "support": 55431.0
            },
            "1": {
                "precision": 0.6190476190476191,
                "recall": 0.020100502512562814,
                "f1-score": 0.038936727817296894,
                "support": 2587.0
            },
            "accuracy": 0.9557551104829536,
            "macro avg": {
                "precision": 0.7876454652009595,
                "recall": 0.5097616041093781,
                "f1-score": 0.5081465273629774,
                "support": 58018.0
            },
            "weighted avg": {
                "precision": 0.9412078868998652,
                "recall": 0.9557551104829536,
                "f1-score": 0.9355125628552718,
                "support": 58018.0
            },
            "cross-entropy": 0.14451527950335316,
            "roc-auc": 0.8422668272440758,
            "score": 0.8422668272440758
        },
        "test": {
            "0": {
                "precision": 0.9785522788203753,
                "recall": 0.9995983349156503,
                "f1-score": 0.988963349650476,
                "support": 54772.0
            },
            "1": {
                "precision": 0.5686274509803921,
                "recall": 0.023596419853539462,
                "f1-score": 0.0453125,
                "support": 1229.0
            },
            "accuracy": 0.9781789610899805,
            "macro avg": {
                "precision": 0.7735898649003837,
                "recall": 0.5115973773845949,
                "f1-score": 0.517137924825238,
                "support": 56001.0
            },
            "weighted avg": {
                "precision": 0.9695560535134105,
                "recall": 0.9781789610899805,
                "f1-score": 0.9682539534928997,
                "support": 56001.0
            },
            "cross-entropy": 0.08980312261541885,
            "roc-auc": 0.8545755948900858,
            "score": 0.8545755948900858
        }
    },
    "time": "0:02:45.889706",
    "chunk_size": null,
    "eval_batch_size": 32768
}