{
    "function": "bin.model.main",
    "gpus": [
        "NVIDIA A100-SXM4-40GB"
    ],
    "config": {
        "seed": 9,
        "batch_size": 128,
        "patience": 16,
        "n_epochs": -1,
        "gradient_clipping_norm": 1.0,
        "amp": true,
        "data": {
            "cache": true,
            "path": "data/regression-num-medium-0-cpu_act",
            "num_policy": "noisy-quantile"
        },
        "optimizer": {
            "type": "AdamW",
            "lr": 0.003515661594229258,
            "weight_decay": 0.001070431259625978
        },
        "model": {
            "arch_type": "tabm",
            "k": 32,
            "backbone": {
                "type": "MLP",
                "n_blocks": 4,
                "d_block": 720,
                "dropout": 0.13524206207680753
            }
        }
    },
    "n_parameters": 1847504,
    "prediction_type": "labels",
    "epoch_size": 45,
    "best_step": 2790,
    "metrics": {
        "train": {
            "rmse": 1.6733625692622647,
            "mae": 1.2246500253677368,
            "r2": 0.9915916213987573,
            "score": -1.6733625692622647
        },
        "val": {
            "rmse": 2.178183853908623,
            "mae": 1.5588947534561157,
            "r2": 0.9859858210070098,
            "score": -2.178183853908623
        },
        "test": {
            "rmse": 2.113919258762822,
            "mae": 1.527842402458191,
            "r2": 0.9874868446026582,
            "score": -2.113919258762822
        }
    },
    "time": "0:00:30.412732",
    "chunk_size": null,
    "eval_batch_size": 32768
}