{
    "function": "bin.ensemble.main",
    "config": {
        "seeds": [
            5,
            6,
            7,
            8,
            9
        ],
        "data": {
            "path": "data/classif-num-large-0-jannis"
        }
    },
    "single_model_function": "bin.model.main",
    "prediction_type": "probs",
    "metrics": {
        "train": {
            "0": {
                "precision": 0.8393845826235093,
                "recall": 0.7815117719950434,
                "f1-score": 0.80941502605303,
                "support": 20175.0
            },
            "1": {
                "precision": 0.7951863209738872,
                "recall": 0.8501316377725895,
                "f1-score": 0.8217415312222408,
                "support": 20131.0
            },
            "accuracy": 0.815784250483799,
            "macro avg": {
                "precision": 0.8172854517986983,
                "recall": 0.8158217048838164,
                "f1-score": 0.8155782786376353,
                "support": 40306.0
            },
            "weighted avg": {
                "precision": 0.8173095762902451,
                "recall": 0.815784250483799,
                "f1-score": 0.8155715505298171,
                "support": 40306.0
            },
            "cross-entropy": 0.40992384215608707,
            "roc-auc": 0.8932998488155369,
            "score": 0.815784250483799
        },
        "val": {
            "0": {
                "precision": 0.8311300639658848,
                "recall": 0.7601404056162246,
                "f1-score": 0.7940517416989203,
                "support": 2564.0
            },
            "1": {
                "precision": 0.7832217130771942,
                "recall": 0.8487394957983193,
                "f1-score": 0.8146654445462879,
                "support": 2618.0
            },
            "accuracy": 0.8049015824006175,
            "macro avg": {
                "precision": 0.8071758885215395,
                "recall": 0.8044399507072719,
                "f1-score": 0.804358593122604,
                "support": 5182.0
            },
            "weighted avg": {
                "precision": 0.8069262695570482,
                "recall": 0.8049015824006175,
                "f1-score": 0.8044659975951781,
                "support": 5182.0
            },
            "cross-entropy": 0.4410744473949231,
            "roc-auc": 0.8740528192556275,
            "score": 0.8049015824006175
        },
        "test": {
            "0": {
                "precision": 0.8169214361891219,
                "recall": 0.7595438770451165,
                "f1-score": 0.7871884901943993,
                "support": 6051.0
            },
            "1": {
                "precision": 0.7749768017321373,
                "recall": 0.82949842741268,
                "f1-score": 0.801311265691213,
                "support": 6041.0
            },
            "accuracy": 0.7944922262652994,
            "macro avg": {
                "precision": 0.7959491189606296,
                "recall": 0.7945211522288982,
                "f1-score": 0.7942498779428062,
                "support": 12092.0
            },
            "weighted avg": {
                "precision": 0.7959664629212884,
                "recall": 0.7944922262652994,
                "f1-score": 0.7942440382241919,
                "support": 12092.0
            },
            "cross-entropy": 0.44324069163007634,
            "roc-auc": 0.8730601589846674,
            "score": 0.7944922262652994
        }
    }
}