{
    "function": "bin.ensemble.main",
    "config": {
        "seeds": [
            5,
            6,
            7,
            8,
            9
        ],
        "data": {
            "path": "data/regression-cat-medium-0-OnlineNewsPopularity"
        }
    },
    "single_model_function": "bin.model.main",
    "prediction_type": "labels",
    "metrics": {
        "train": {
            "rmse": 0.8038227657050847,
            "mae": 0.592566967010498,
            "r2": 0.2536827418370028,
            "score": -0.8038227657050847
        },
        "val": {
            "rmse": 0.8422868546178529,
            "mae": 0.6240531206130981,
            "r2": 0.1586325442682629,
            "score": -0.8422868546178529
        },
        "test": {
            "rmse": 0.8584789112546858,
            "mae": 0.631967306137085,
            "r2": 0.1553904759666095,
            "score": -0.8584789112546858
        }
    }
}