{
    "function": "bin.model.main",
    "gpus": [
        "NVIDIA A100-SXM4-40GB"
    ],
    "config": {
        "seed": 10,
        "batch_size": 256,
        "patience": 16,
        "n_epochs": -1,
        "gradient_clipping_norm": 1.0,
        "amp": true,
        "data": {
            "cache": true,
            "path": "data/classif-num-medium-0-MagicTelescope",
            "num_policy": "noisy-quantile"
        },
        "optimizer": {
            "type": "AdamW",
            "lr": 0.00431820132415054,
            "weight_decay": 0.0
        },
        "model": {
            "arch_type": "tabm-mini",
            "k": 32,
            "backbone": {
                "type": "MLP",
                "n_blocks": 4,
                "d_block": 736,
                "dropout": 0.4282651555517393
            },
            "num_embeddings": {
                "type": "PiecewiseLinearEmbeddings",
                "d_embedding": 24
            }
        },
        "bins": {
            "n_bins": 6
        }
    },
    "n_parameters": 1861440,
    "prediction_type": "probs",
    "epoch_size": 37,
    "best_step": 1332,
    "metrics": {
        "train": {
            "0": {
                "precision": 0.8577397910731244,
                "recall": 0.9579974543911752,
                "f1-score": 0.9051007114941377,
                "support": 4714.0
            },
            "1": {
                "precision": 0.9516837481698389,
                "recall": 0.8388900838890084,
                "f1-score": 0.8917343089059107,
                "support": 4649.0
            },
            "accuracy": 0.8988572038876429,
            "macro avg": {
                "precision": 0.9047117696214817,
                "recall": 0.8984437691400918,
                "f1-score": 0.8984175102000242,
                "support": 9363.0
            },
            "weighted avg": {
                "precision": 0.9043856798419618,
                "recall": 0.8988572038876429,
                "f1-score": 0.8984639064495294,
                "support": 9363.0
            },
            "cross-entropy": 0.2443292516672875,
            "roc-auc": 0.966390005633485,
            "score": 0.8988572038876429
        },
        "val": {
            "0": {
                "precision": 0.8395061728395061,
                "recall": 0.9363166953528399,
                "f1-score": 0.8852725793327908,
                "support": 581.0
            },
            "1": {
                "precision": 0.9333333333333333,
                "recall": 0.8327974276527331,
                "f1-score": 0.8802039082412914,
                "support": 622.0
            },
            "accuracy": 0.8827930174563591,
            "macro avg": {
                "precision": 0.8864197530864197,
                "recall": 0.8845570615027865,
                "f1-score": 0.882738243787041,
                "support": 1203.0
            },
            "weighted avg": {
                "precision": 0.8880186365362315,
                "recall": 0.8827930174563591,
                "f1-score": 0.8826518699238859,
                "support": 1203.0
            },
            "cross-entropy": 0.29622126901058604,
            "roc-auc": 0.943558339928386,
            "score": 0.8827930174563591
        },
        "test": {
            "0": {
                "precision": 0.810126582278481,
                "recall": 0.9188801148600143,
                "f1-score": 0.8610830810628993,
                "support": 1393.0
            },
            "1": {
                "precision": 0.908130081300813,
                "recall": 0.7882851093860268,
                "f1-score": 0.8439743105402342,
                "support": 1417.0
            },
            "accuracy": 0.8530249110320285,
            "macro avg": {
                "precision": 0.859128331789647,
                "recall": 0.8535826121230206,
                "f1-score": 0.8525286958015668,
                "support": 2810.0
            },
            "weighted avg": {
                "precision": 0.8595468520701693,
                "recall": 0.8530249110320285,
                "f1-score": 0.8524556334363453,
                "support": 2810.0
            },
            "cross-entropy": 0.34110831301304523,
            "roc-auc": 0.927730699064432,
            "score": 0.8530249110320285
        }
    },
    "time": "0:00:08.825781",
    "chunk_size": null,
    "eval_batch_size": 32768
}