{
    "function": "bin.model.main",
    "gpus": [
        "NVIDIA A100-SXM4-80GB"
    ],
    "config": {
        "seed": 1,
        "batch_size": 1024,
        "patience": 16,
        "n_epochs": -1,
        "gradient_clipping_norm": 1.0,
        "amp": true,
        "data": {
            "cache": true,
            "path": "data/microsoft",
            "num_policy": "noisy-quantile"
        },
        "optimizer": {
            "type": "AdamW",
            "lr": 0.00047231373660289357,
            "weight_decay": 0.0
        },
        "model": {
            "arch_type": "tabm-packed",
            "k": 32,
            "share_training_batches": false,
            "backbone": {
                "type": "MLP",
                "n_blocks": 3,
                "d_block": 80,
                "dropout": 0.0
            }
        }
    },
    "n_parameters": 780832,
    "prediction_type": "labels",
    "epoch_size": 707,
    "best_step": 57974,
    "metrics": {
        "train": {
            "rmse": 0.6854576639670655,
            "mae": 0.5404305458068848,
            "r2": 0.304841727327286,
            "score": -0.6854576639670655
        },
        "val": {
            "rmse": 0.7406082618206195,
            "mae": 0.5783114433288574,
            "r2": 0.20386178680606626,
            "score": -0.7406082618206195
        },
        "test": {
            "rmse": 0.7444786445470309,
            "mae": 0.57912278175354,
            "r2": 0.20072315186403544,
            "score": -0.7444786445470309
        }
    },
    "time": "0:03:13.228624",
    "chunk_size": null,
    "eval_batch_size": 32768
}