{
    "function": "bin.ensemble.main",
    "config": {
        "seeds": [
            5,
            6,
            7,
            8,
            9
        ],
        "data": {
            "path": "data/regression-num-medium-2-wine_quality"
        }
    },
    "single_model_function": "bin.model.main",
    "prediction_type": "labels",
    "metrics": {
        "train": {
            "rmse": 0.5977491917367382,
            "mae": 0.46396544575691223,
            "r2": 0.5362560844094528,
            "score": -0.5977491917367382
        },
        "val": {
            "rmse": 0.6421600883555182,
            "mae": 0.5055594444274902,
            "r2": 0.44780143702444264,
            "score": -0.6421600883555182
        },
        "test": {
            "rmse": 0.6690480619723048,
            "mae": 0.5199426412582397,
            "r2": 0.3953418867195003,
            "score": -0.6690480619723048
        }
    }
}