{
    "function": "bin.model.main",
    "gpus": [
        "NVIDIA A100-SXM4-80GB"
    ],
    "config": {
        "seed": 7,
        "batch_size": 256,
        "patience": 16,
        "n_epochs": -1,
        "gradient_clipping_norm": 1.0,
        "amp": true,
        "data": {
            "cache": true,
            "path": "data/classif-num-medium-1-MagicTelescope",
            "num_policy": "noisy-quantile"
        },
        "optimizer": {
            "type": "AdamW",
            "lr": 0.0010260946493635126,
            "weight_decay": 0.0
        },
        "model": {
            "arch_type": "tabm",
            "k": 32,
            "backbone": {
                "type": "MLP",
                "n_blocks": 4,
                "d_block": 448,
                "dropout": 0.13939556503393177
            },
            "num_embeddings": {
                "type": "PiecewiseLinearEmbeddings",
                "d_embedding": 16
            }
        },
        "bins": {
            "n_bins": 35
        }
    },
    "n_parameters": 871264,
    "prediction_type": "probs",
    "epoch_size": 37,
    "best_step": 1295,
    "metrics": {
        "train": {
            "0": {
                "precision": 0.8605252686032631,
                "recall": 0.9255296383479563,
                "f1-score": 0.8918445200536137,
                "support": 4673.0
            },
            "1": {
                "precision": 0.9197602029052341,
                "recall": 0.8505330490405117,
                "f1-score": 0.8837930652486984,
                "support": 4690.0
            },
            "accuracy": 0.8879632596390046,
            "macro avg": {
                "precision": 0.8901427357542486,
                "recall": 0.888031343694234,
                "f1-score": 0.887818792651156,
                "support": 9363.0
            },
            "weighted avg": {
                "precision": 0.8901965109269033,
                "recall": 0.8879632596390046,
                "f1-score": 0.887811483309509,
                "support": 9363.0
            },
            "cross-entropy": 0.2601272065915687,
            "roc-auc": 0.9578811180866175,
            "score": 0.8879632596390046
        },
        "val": {
            "0": {
                "precision": 0.8673946957878315,
                "recall": 0.8924558587479936,
                "f1-score": 0.879746835443038,
                "support": 623.0
            },
            "1": {
                "precision": 0.8807829181494662,
                "recall": 0.853448275862069,
                "f1-score": 0.8669001751313484,
                "support": 580.0
            },
            "accuracy": 0.8736492103075644,
            "macro avg": {
                "precision": 0.8740888069686488,
                "recall": 0.8729520673050313,
                "f1-score": 0.8733235052871933,
                "support": 1203.0
            },
            "weighted avg": {
                "precision": 0.8738495328366661,
                "recall": 0.8736492103075644,
                "f1-score": 0.873553100629422,
                "support": 1203.0
            },
            "cross-entropy": 0.3123953698310764,
            "roc-auc": 0.9372945148613493,
            "score": 0.8736492103075644
        },
        "test": {
            "0": {
                "precision": 0.8451827242524917,
                "recall": 0.9137931034482759,
                "f1-score": 0.8781498101484294,
                "support": 1392.0
            },
            "1": {
                "precision": 0.9080459770114943,
                "recall": 0.8356840620592384,
                "f1-score": 0.8703635695923614,
                "support": 1418.0
            },
            "accuracy": 0.8743772241992882,
            "macro avg": {
                "precision": 0.876614350631993,
                "recall": 0.8747385827537572,
                "f1-score": 0.8742566898703954,
                "support": 2810.0
            },
            "weighted avg": {
                "precision": 0.8769051770682446,
                "recall": 0.8743772241992882,
                "f1-score": 0.8742206681169332,
                "support": 2810.0
            },
            "cross-entropy": 0.299785162795619,
            "roc-auc": 0.9433996198304233,
            "score": 0.8743772241992882
        }
    },
    "time": "0:00:09.023047",
    "chunk_size": null,
    "eval_batch_size": 32768
}