{
    "function": "bin.model.main",
    "gpus": [
        "NVIDIA A100-SXM4-40GB"
    ],
    "config": {
        "seed": 7,
        "batch_size": 256,
        "patience": 16,
        "n_epochs": -1,
        "gradient_clipping_norm": 1.0,
        "amp": true,
        "data": {
            "cache": true,
            "path": "data/classif-num-medium-1-bank-marketing",
            "num_policy": "noisy-quantile"
        },
        "optimizer": {
            "type": "AdamW",
            "lr": 0.00032536180415149445,
            "weight_decay": 0.0
        },
        "model": {
            "arch_type": "tabm",
            "k": 32,
            "backbone": {
                "type": "MLP",
                "n_blocks": 4,
                "d_block": 480,
                "dropout": 0.28498245535063244
            }
        }
    },
    "n_parameters": 894528,
    "prediction_type": "probs",
    "epoch_size": 29,
    "best_step": 696,
    "metrics": {
        "train": {
            "0": {
                "precision": 0.7992277992277992,
                "recall": 0.7918032786885246,
                "f1-score": 0.7954982157562449,
                "support": 3660.0
            },
            "1": {
                "precision": 0.7983059820010587,
                "recall": 0.8055555555555556,
                "f1-score": 0.8019143844722147,
                "support": 3744.0
            },
            "accuracy": 0.7987574284170719,
            "macro avg": {
                "precision": 0.798766890614429,
                "recall": 0.7986794171220402,
                "f1-score": 0.7987063001142298,
                "support": 7404.0
            },
            "weighted avg": {
                "precision": 0.7987616615053631,
                "recall": 0.7987574284170719,
                "f1-score": 0.7987426965332021,
                "support": 7404.0
            },
            "cross-entropy": 0.4386759815630204,
            "roc-auc": 0.8781108425575641,
            "score": 0.7987574284170719
        },
        "val": {
            "0": {
                "precision": 0.847870182555781,
                "recall": 0.8132295719844358,
                "f1-score": 0.8301886792452832,
                "support": 514.0
            },
            "1": {
                "precision": 0.7908496732026143,
                "recall": 0.8287671232876712,
                "f1-score": 0.8093645484949834,
                "support": 438.0
            },
            "accuracy": 0.8203781512605042,
            "macro avg": {
                "precision": 0.8193599278791976,
                "recall": 0.8209983476360535,
                "f1-score": 0.8197766138701332,
                "support": 952.0
            },
            "weighted avg": {
                "precision": 0.8216359566138829,
                "recall": 0.8203781512605042,
                "f1-score": 0.8206078291731915,
                "support": 952.0
            },
            "cross-entropy": 0.41448002406309603,
            "roc-auc": 0.8904687028054652,
            "score": 0.8203781512605042
        },
        "test": {
            "0": {
                "precision": 0.7821782178217822,
                "recall": 0.7793721973094171,
                "f1-score": 0.7807726864330639,
                "support": 1115.0
            },
            "1": {
                "precision": 0.7785778577857786,
                "recall": 0.7813911472448057,
                "f1-score": 0.7799819657348962,
                "support": 1107.0
            },
            "accuracy": 0.7803780378037803,
            "macro avg": {
                "precision": 0.7803780378037803,
                "recall": 0.7803816722771114,
                "f1-score": 0.78037732608398,
                "support": 2222.0
            },
            "weighted avg": {
                "precision": 0.7803845190999747,
                "recall": 0.7803780378037803,
                "f1-score": 0.7803787495235808,
                "support": 2222.0
            },
            "cross-entropy": 0.4668263844069915,
            "roc-auc": 0.8594002292788249,
            "score": 0.7803780378037803
        }
    },
    "time": "0:00:12.605712",
    "chunk_size": null,
    "eval_batch_size": 32768
}