{
    "function": "bin.model.main",
    "gpus": [
        "NVIDIA A100-SXM4-80GB"
    ],
    "config": {
        "seed": 3,
        "batch_size": 64,
        "patience": 16,
        "n_epochs": -1,
        "gradient_clipping_norm": 1.0,
        "amp": true,
        "data": {
            "cache": true,
            "path": "data/classif-num-medium-2-kdd_ipums_la_97-small",
            "num_policy": "noisy-quantile"
        },
        "optimizer": {
            "type": "AdamW",
            "lr": 0.00016476225340542202,
            "weight_decay": 0.0004044563707779507
        },
        "model": {
            "arch_type": "tabm-mini",
            "k": 32,
            "share_training_batches": false,
            "backbone": {
                "type": "MLP",
                "n_blocks": 1,
                "d_block": 624,
                "dropout": 0.0
            },
            "num_embeddings": {
                "type": "PiecewiseLinearEmbeddingsV2",
                "d_embedding": 28
            }
        },
        "bins": {
            "n_bins": 9
        }
    },
    "n_parameters": 414144,
    "prediction_type": "probs",
    "epoch_size": 57,
    "best_step": 228,
    "metrics": {
        "train": {
            "0": {
                "precision": 0.8955489614243324,
                "recall": 0.8378678511937813,
                "f1-score": 0.8657487091222031,
                "support": 1801.0
            },
            "1": {
                "precision": 0.8499486125385406,
                "recall": 0.9038251366120219,
                "f1-score": 0.8760593220338984,
                "support": 1830.0
            },
            "accuracy": 0.871109887083448,
            "macro avg": {
                "precision": 0.8727487869814365,
                "recall": 0.8708464939029016,
                "f1-score": 0.8709040155780507,
                "support": 3631.0
            },
            "weighted avg": {
                "precision": 0.8725666869927711,
                "recall": 0.871109887083448,
                "f1-score": 0.8709451898791303,
                "support": 3631.0
            },
            "cross-entropy": 0.2935432673298405,
            "roc-auc": 0.9423729379245895,
            "score": 0.871109887083448
        },
        "val": {
            "0": {
                "precision": 0.9468599033816425,
                "recall": 0.8596491228070176,
                "f1-score": 0.9011494252873563,
                "support": 228.0
            },
            "1": {
                "precision": 0.8769230769230769,
                "recall": 0.9539748953974896,
                "f1-score": 0.9138276553106213,
                "support": 239.0
            },
            "accuracy": 0.9079229122055674,
            "macro avg": {
                "precision": 0.9118914901523597,
                "recall": 0.9068120091022536,
                "f1-score": 0.9074885402989887,
                "support": 467.0
            },
            "weighted avg": {
                "precision": 0.9110678230313274,
                "recall": 0.9079229122055674,
                "f1-score": 0.9076378556418752,
                "support": 467.0
            },
            "cross-entropy": 0.2567265298927237,
            "roc-auc": 0.9614805843059532,
            "score": 0.9079229122055674
        },
        "test": {
            "0": {
                "precision": 0.905587668593449,
                "recall": 0.831858407079646,
                "f1-score": 0.8671586715867158,
                "support": 565.0
            },
            "1": {
                "precision": 0.8336252189141856,
                "recall": 0.9066666666666666,
                "f1-score": 0.8686131386861314,
                "support": 525.0
            },
            "accuracy": 0.8678899082568807,
            "macro avg": {
                "precision": 0.8696064437538173,
                "recall": 0.8692625368731564,
                "f1-score": 0.8678859051364236,
                "support": 1090.0
            },
            "weighted avg": {
                "precision": 0.8709268556745378,
                "recall": 0.8678899082568807,
                "f1-score": 0.8678592176667096,
                "support": 1090.0
            },
            "cross-entropy": 0.3045160585212151,
            "roc-auc": 0.9374698693636747,
            "score": 0.8678899082568807
        }
    },
    "time": "0:00:02.640944",
    "chunk_size": null,
    "eval_batch_size": 32768
}