{
    "function": "bin.model.main",
    "gpus": [
        "NVIDIA A100-SXM4-80GB"
    ],
    "config": {
        "seed": 5,
        "batch_size": 512,
        "patience": 16,
        "n_epochs": -1,
        "gradient_clipping_norm": 1.0,
        "amp": true,
        "data": {
            "cache": true,
            "path": "data/higgs-small",
            "num_policy": "noisy-quantile"
        },
        "optimizer": {
            "type": "AdamW",
            "lr": 0.0013233043510463079,
            "weight_decay": 0.0001490133318800419
        },
        "model": {
            "arch_type": "tabm",
            "k": 32,
            "backbone": {
                "type": "MLP",
                "n_blocks": 4,
                "d_block": 416,
                "dropout": 0.0
            },
            "num_embeddings": {
                "type": "PiecewiseLinearEmbeddingsV2",
                "d_embedding": 12
            }
        },
        "bins": {
            "n_bins": 8
        }
    },
    "n_parameters": 846176,
    "prediction_type": "probs",
    "epoch_size": 123,
    "best_step": 3198,
    "metrics": {
        "train": {
            "0": {
                "precision": 0.8021649241940364,
                "recall": 0.8066391724697451,
                "f1-score": 0.8043958266614978,
                "support": 29582.0
            },
            "1": {
                "precision": 0.8266876742213065,
                "recall": 0.8225752962103169,
                "f1-score": 0.8246263581823403,
                "support": 33169.0
            },
            "accuracy": 0.8150627081640133,
            "macro avg": {
                "precision": 0.8144262992076714,
                "recall": 0.814607234340031,
                "f1-score": 0.814511092421919,
                "support": 62751.0
            },
            "weighted avg": {
                "precision": 0.8151271892679719,
                "recall": 0.8150627081640133,
                "f1-score": 0.8150893056501167,
                "support": 62751.0
            },
            "cross-entropy": 0.4225664867412338,
            "roc-auc": 0.900790756790792,
            "score": 0.8150627081640133
        },
        "val": {
            "0": {
                "precision": 0.725576289791438,
                "recall": 0.7149810708491077,
                "f1-score": 0.7202397166984473,
                "support": 7396.0
            },
            "1": {
                "precision": 0.7490476190476191,
                "recall": 0.758803666184274,
                "f1-score": 0.7538940809968847,
                "support": 8292.0
            },
            "accuracy": 0.73814380418154,
            "macro avg": {
                "precision": 0.7373119544195286,
                "recall": 0.7368923685166908,
                "f1-score": 0.7370668988476661,
                "support": 15688.0
            },
            "weighted avg": {
                "precision": 0.7379822218536672,
                "recall": 0.73814380418154,
                "f1-score": 0.7380279617751073,
                "support": 15688.0
            },
            "cross-entropy": 0.5140990014398659,
            "roc-auc": 0.8199797034393892,
            "score": 0.73814380418154
        },
        "test": {
            "0": {
                "precision": 0.7171881790525858,
                "recall": 0.714007571660357,
                "f1-score": 0.7155943411567024,
                "support": 9245.0
            },
            "1": {
                "precision": 0.7459158177974246,
                "recall": 0.7488663772310661,
                "f1-score": 0.747388185450869,
                "support": 10365.0
            },
            "accuracy": 0.7324324324324324,
            "macro avg": {
                "precision": 0.7315519984250052,
                "recall": 0.7314369744457115,
                "f1-score": 0.7314912633037858,
                "support": 19610.0
            },
            "weighted avg": {
                "precision": 0.7323723695467343,
                "recall": 0.7324324324324324,
                "f1-score": 0.7323991956242718,
                "support": 19610.0
            },
            "cross-entropy": 0.5214349024159131,
            "roc-auc": 0.814737114258708,
            "score": 0.7324324324324324
        }
    },
    "time": "0:00:36.462879",
    "chunk_size": null,
    "eval_batch_size": 32768
}