{
    "function": "bin.model.main",
    "gpus": [
        "NVIDIA A100-SXM4-80GB"
    ],
    "config": {
        "seed": 7,
        "batch_size": 256,
        "patience": 16,
        "n_epochs": -1,
        "gradient_clipping_norm": 1.0,
        "amp": true,
        "data": {
            "cache": true,
            "path": "data/regression-num-medium-2-MiamiHousing2016",
            "num_policy": "noisy-quantile"
        },
        "optimizer": {
            "type": "AdamW",
            "lr": 0.0012321815715832002,
            "weight_decay": 0.00018203341045080898
        },
        "model": {
            "arch_type": "tabm-mini",
            "k": 32,
            "share_training_batches": false,
            "backbone": {
                "type": "MLP",
                "n_blocks": 4,
                "d_block": 928,
                "dropout": 0.14571322900458689
            },
            "num_embeddings": {
                "type": "PiecewiseLinearEmbeddingsV2",
                "d_embedding": 8
            }
        },
        "bins": {
            "n_bins": 21
        }
    },
    "n_parameters": 2719224,
    "prediction_type": "labels",
    "epoch_size": 39,
    "best_step": 2223,
    "metrics": {
        "train": {
            "rmse": 0.10164578855711873,
            "mae": 0.0729358047246933,
            "r2": 0.9682008089580887,
            "score": -0.10164578855711873
        },
        "val": {
            "rmse": 0.133206561259585,
            "mae": 0.0914551243185997,
            "r2": 0.9430430402323693,
            "score": -0.133206561259585
        },
        "test": {
            "rmse": 0.14135116932271946,
            "mae": 0.09668385982513428,
            "r2": 0.9372885805846813,
            "score": -0.14135116932271946
        }
    },
    "time": "0:00:10.507896",
    "chunk_size": null,
    "eval_batch_size": 32768
}