{
    "function": "bin.model.main",
    "gpus": [
        "NVIDIA A100-SXM4-40GB"
    ],
    "config": {
        "seed": 6,
        "batch_size": 256,
        "patience": 16,
        "n_epochs": -1,
        "gradient_clipping_norm": 1.0,
        "amp": true,
        "data": {
            "cache": true,
            "path": "data/classif-num-medium-2-bank-marketing",
            "num_policy": "noisy-quantile"
        },
        "optimizer": {
            "type": "AdamW",
            "lr": 0.0007202962727096602,
            "weight_decay": 0.0955281486854995
        },
        "model": {
            "arch_type": "plain",
            "backbone": {
                "type": "MLP",
                "n_blocks": 1,
                "d_block": 560,
                "dropout": 0.24647153553177864
            },
            "num_embeddings": {
                "type": "PeriodicEmbeddings",
                "n_frequencies": 84,
                "d_embedding": 16,
                "frequency_init_scale": 0.2575378249835604,
                "lite": true
            }
        }
    },
    "n_parameters": 67694,
    "prediction_type": "probs",
    "epoch_size": 29,
    "best_step": 493,
    "metrics": {
        "train": {
            "0": {
                "precision": 0.8326891220320265,
                "recall": 0.8153555014868884,
                "f1-score": 0.8239311569457726,
                "support": 3699.0
            },
            "1": {
                "precision": 0.8194077207826547,
                "recall": 0.8364372469635628,
                "f1-score": 0.8278349138506745,
                "support": 3705.0
            },
            "accuracy": 0.8259049162614803,
            "macro avg": {
                "precision": 0.8260484214073406,
                "recall": 0.8258963742252257,
                "f1-score": 0.8258830353982236,
                "support": 7404.0
            },
            "weighted avg": {
                "precision": 0.8260430399643707,
                "recall": 0.8259049162614803,
                "f1-score": 0.8258846171473746,
                "support": 7404.0
            },
            "cross-entropy": 0.39182234791344306,
            "roc-auc": 0.905274686706368,
            "score": 0.8259049162614803
        },
        "val": {
            "0": {
                "precision": 0.808695652173913,
                "recall": 0.8034557235421166,
                "f1-score": 0.8060671722643552,
                "support": 463.0
            },
            "1": {
                "precision": 0.8150406504065041,
                "recall": 0.820040899795501,
                "f1-score": 0.8175331294597349,
                "support": 489.0
            },
            "accuracy": 0.8119747899159664,
            "macro avg": {
                "precision": 0.8118681512902086,
                "recall": 0.8117483116688088,
                "f1-score": 0.811800150862045,
                "support": 952.0
            },
            "weighted avg": {
                "precision": 0.8119547951736368,
                "recall": 0.8119747899159664,
                "f1-score": 0.81195672380694,
                "support": 952.0
            },
            "cross-entropy": 0.4269300753973524,
            "roc-auc": 0.8836895502347542,
            "score": 0.8119747899159664
        },
        "test": {
            "0": {
                "precision": 0.8192446043165468,
                "recall": 0.808340727595386,
                "f1-score": 0.8137561411344351,
                "support": 1127.0
            },
            "1": {
                "precision": 0.8054054054054054,
                "recall": 0.8164383561643835,
                "f1-score": 0.8108843537414966,
                "support": 1095.0
            },
            "accuracy": 0.8123312331233123,
            "macro avg": {
                "precision": 0.812325004860976,
                "recall": 0.8123895418798848,
                "f1-score": 0.8123202474379658,
                "support": 2222.0
            },
            "weighted avg": {
                "precision": 0.812424657058356,
                "recall": 0.8123312331233123,
                "f1-score": 0.8123409263750888,
                "support": 2222.0
            },
            "cross-entropy": 0.4308108968613279,
            "roc-auc": 0.8830636959965642,
            "score": 0.8123312331233123
        }
    },
    "time": "0:00:04.382603",
    "chunk_size": null,
    "eval_batch_size": 32768
}