{
    "function": "bin.model.main",
    "gpus": [
        "NVIDIA A100-SXM4-40GB"
    ],
    "config": {
        "seed": 4,
        "batch_size": 1024,
        "patience": 16,
        "n_epochs": -1,
        "gradient_clipping_norm": 1.0,
        "amp": true,
        "data": {
            "cache": true,
            "path": "data/microsoft",
            "num_policy": "noisy-quantile"
        },
        "optimizer": {
            "type": "AdamW",
            "lr": 4.856098694959303e-05,
            "weight_decay": 0.0016378758137215582
        },
        "model": {
            "arch_type": "plain",
            "backbone": {
                "type": "MLP",
                "n_blocks": 1,
                "d_block": 896,
                "dropout": 0.47906682791313926
            },
            "num_embeddings": {
                "type": "PeriodicEmbeddings",
                "n_frequencies": 76,
                "d_embedding": 16,
                "frequency_init_scale": 0.013906891996398796,
                "lite": false
            }
        }
    },
    "n_parameters": 2219413,
    "prediction_type": "labels",
    "epoch_size": 707,
    "best_step": 50197,
    "metrics": {
        "train": {
            "rmse": 0.7082389086074676,
            "mae": 0.5583999156951904,
            "r2": 0.25786672765762575,
            "score": -0.7082389086074676
        },
        "val": {
            "rmse": 0.7410537090579583,
            "mae": 0.5831184387207031,
            "r2": 0.2029038703038507,
            "score": -0.7410537090579583
        },
        "test": {
            "rmse": 0.7445031431963112,
            "mae": 0.5836391448974609,
            "r2": 0.2006706358914906,
            "score": -0.7445031431963112
        }
    },
    "time": "0:06:56.186888",
    "chunk_size": null,
    "eval_batch_size": 32768
}