{
    "function": "bin.model.main",
    "gpus": [
        "NVIDIA A100-SXM4-40GB"
    ],
    "config": {
        "seed": 1,
        "batch_size": 256,
        "patience": 16,
        "n_epochs": -1,
        "gradient_clipping_norm": 1.0,
        "amp": true,
        "data": {
            "cache": true,
            "path": "data/classif-num-medium-0-bank-marketing",
            "num_policy": "noisy-quantile"
        },
        "optimizer": {
            "type": "AdamW",
            "lr": 0.001248899773414625,
            "weight_decay": 0.0
        },
        "model": {
            "arch_type": "tabm-mini",
            "k": 32,
            "backbone": {
                "type": "MLP",
                "n_blocks": 2,
                "d_block": 352,
                "dropout": 0.0
            },
            "num_embeddings": {
                "type": "PiecewiseLinearEmbeddings",
                "d_embedding": 20
            }
        },
        "bins": {
            "n_bins": 70
        }
    },
    "n_parameters": 211040,
    "prediction_type": "probs",
    "epoch_size": 29,
    "best_step": 870,
    "metrics": {
        "train": {
            "0": {
                "precision": 0.8291051017563423,
                "recall": 0.7968917470525188,
                "f1-score": 0.8126793277770187,
                "support": 3732.0
            },
            "1": {
                "precision": 0.8014147236049254,
                "recall": 0.8330610021786492,
                "f1-score": 0.8169314995326479,
                "support": 3672.0
            },
            "accuracy": 0.8148298217179902,
            "macro avg": {
                "precision": 0.8152599126806339,
                "recall": 0.814976374615584,
                "f1-score": 0.8148054136548333,
                "support": 7404.0
            },
            "weighted avg": {
                "precision": 0.8153721103230626,
                "recall": 0.8148298217179902,
                "f1-score": 0.8147881844337814,
                "support": 7404.0
            },
            "cross-entropy": 0.40268773656104356,
            "roc-auc": 0.898382460939598,
            "score": 0.8148298217179902
        },
        "val": {
            "0": {
                "precision": 0.8488372093023255,
                "recall": 0.8004385964912281,
                "f1-score": 0.8239277652370203,
                "support": 456.0
            },
            "1": {
                "precision": 0.8256704980842912,
                "recall": 0.8689516129032258,
                "f1-score": 0.8467583497053046,
                "support": 496.0
            },
            "accuracy": 0.8361344537815126,
            "macro avg": {
                "precision": 0.8372538536933083,
                "recall": 0.8346951046972269,
                "f1-score": 0.8353430574711624,
                "support": 952.0
            },
            "weighted avg": {
                "precision": 0.8367671580794841,
                "recall": 0.8361344537815126,
                "f1-score": 0.8358226915986474,
                "support": 952.0
            },
            "cross-entropy": 0.4014529547228708,
            "roc-auc": 0.8967618138087154,
            "score": 0.8361344537815126
        },
        "test": {
            "0": {
                "precision": 0.8057354301572618,
                "recall": 0.7910990009082652,
                "f1-score": 0.7983501374885427,
                "support": 1101.0
            },
            "1": {
                "precision": 0.7984224364592463,
                "recall": 0.8126672613737734,
                "f1-score": 0.8054818744473917,
                "support": 1121.0
            },
            "accuracy": 0.801980198019802,
            "macro avg": {
                "precision": 0.8020789333082541,
                "recall": 0.8018831311410193,
                "f1-score": 0.8019160059679672,
                "support": 2222.0
            },
            "weighted avg": {
                "precision": 0.8020460215454367,
                "recall": 0.801980198019802,
                "f1-score": 0.8019481019938846,
                "support": 2222.0
            },
            "cross-entropy": 0.4286225848433198,
            "roc-auc": 0.8837590674603657,
            "score": 0.801980198019802
        }
    },
    "time": "0:00:05.136849",
    "chunk_size": null,
    "eval_batch_size": 32768
}