{
    "function": "bin.model.main",
    "gpus": [
        "NVIDIA A100-SXM4-80GB"
    ],
    "config": {
        "seed": 0,
        "batch_size": 256,
        "patience": 16,
        "n_epochs": -1,
        "gradient_clipping_norm": 1.0,
        "amp": true,
        "data": {
            "cache": true,
            "path": "data/classif-num-medium-0-MagicTelescope",
            "num_policy": "noisy-quantile"
        },
        "optimizer": {
            "type": "AdamW",
            "lr": 0.0033593944836421874,
            "weight_decay": 0.00014664931552666436
        },
        "model": {
            "arch_type": "tabm",
            "k": 32,
            "backbone": {
                "type": "MLP",
                "n_blocks": 2,
                "d_block": 224,
                "dropout": 0.30983024058322095
            },
            "num_embeddings": {
                "type": "PiecewiseLinearEmbeddings",
                "d_embedding": 16
            }
        },
        "bins": {
            "n_bins": 6
        }
    },
    "n_parameters": 142656,
    "prediction_type": "probs",
    "epoch_size": 37,
    "best_step": 2997,
    "metrics": {
        "train": {
            "0": {
                "precision": 0.8693830921553694,
                "recall": 0.9686041578277471,
                "f1-score": 0.9163154726068633,
                "support": 4714.0
            },
            "1": {
                "precision": 0.9639990270007297,
                "recall": 0.8524413852441385,
                "f1-score": 0.9047945205479452,
                "support": 4649.0
            },
            "accuracy": 0.9109259852611342,
            "macro avg": {
                "precision": 0.9166910595780495,
                "recall": 0.9105227715359427,
                "f1-score": 0.9105549965774042,
                "support": 9363.0
            },
            "weighted avg": {
                "precision": 0.916362637290057,
                "recall": 0.9109259852611342,
                "f1-score": 0.9105949870657001,
                "support": 9363.0
            },
            "cross-entropy": 0.2207205061503439,
            "roc-auc": 0.9745054912562343,
            "score": 0.9109259852611342
        },
        "val": {
            "0": {
                "precision": 0.8459167950693375,
                "recall": 0.9449225473321858,
                "f1-score": 0.8926829268292683,
                "support": 581.0
            },
            "1": {
                "precision": 0.9422382671480144,
                "recall": 0.8392282958199357,
                "f1-score": 0.8877551020408163,
                "support": 622.0
            },
            "accuracy": 0.8902743142144638,
            "macro avg": {
                "precision": 0.8940775311086759,
                "recall": 0.8920754215760608,
                "f1-score": 0.8902190144350424,
                "support": 1203.0
            },
            "weighted avg": {
                "precision": 0.8957189194524938,
                "recall": 0.8902743142144638,
                "f1-score": 0.8901350406959208,
                "support": 1203.0
            },
            "cross-entropy": 0.2931167184393172,
            "roc-auc": 0.944903177247345,
            "score": 0.8902743142144638
        },
        "test": {
            "0": {
                "precision": 0.8128544423440454,
                "recall": 0.9260588657573582,
                "f1-score": 0.8657718120805369,
                "support": 1393.0
            },
            "1": {
                "precision": 0.9157808667211774,
                "recall": 0.7904022582921666,
                "f1-score": 0.8484848484848485,
                "support": 1417.0
            },
            "accuracy": 0.8576512455516014,
            "macro avg": {
                "precision": 0.8643176545326114,
                "recall": 0.8582305620247623,
                "f1-score": 0.8571283302826926,
                "support": 2810.0
            },
            "weighted avg": {
                "precision": 0.8647571979819086,
                "recall": 0.8576512455516014,
                "f1-score": 0.8570545069506114,
                "support": 2810.0
            },
            "cross-entropy": 0.3285012934980962,
            "roc-auc": 0.9327051630772069,
            "score": 0.8576512455516014
        }
    },
    "time": "0:00:27.039866",
    "chunk_size": null,
    "eval_batch_size": 32768
}