{
    "function": "bin.model.main",
    "gpus": [
        "NVIDIA A100-SXM4-80GB"
    ],
    "config": {
        "seed": 12,
        "batch_size": 256,
        "patience": 16,
        "n_epochs": -1,
        "gradient_clipping_norm": 1.0,
        "amp": true,
        "data": {
            "cache": true,
            "path": "data/regression-num-medium-2-MiamiHousing2016",
            "num_policy": "noisy-quantile"
        },
        "optimizer": {
            "type": "AdamW",
            "lr": 0.0008477890604689761,
            "weight_decay": 0.0
        },
        "model": {
            "arch_type": "tabm",
            "k": 32,
            "share_training_batches": false,
            "backbone": {
                "type": "MLP",
                "n_blocks": 4,
                "d_block": 640,
                "dropout": 0.09193680878250785
            },
            "num_embeddings": {
                "type": "PiecewiseLinearEmbeddingsV2",
                "d_embedding": 28
            }
        },
        "bins": {
            "n_bins": 25
        }
    },
    "n_parameters": 1729028,
    "prediction_type": "labels",
    "epoch_size": 39,
    "best_step": 2418,
    "metrics": {
        "train": {
            "rmse": 0.10574483058572803,
            "mae": 0.07493045181035995,
            "r2": 0.9655843829536741,
            "score": -0.10574483058572803
        },
        "val": {
            "rmse": 0.13237279443776578,
            "mae": 0.09081479161977768,
            "r2": 0.9437538191699543,
            "score": -0.13237279443776578
        },
        "test": {
            "rmse": 0.14064711158482168,
            "mae": 0.09636274725198746,
            "r2": 0.9379117457452838,
            "score": -0.14064711158482168
        }
    },
    "time": "0:00:15.128966",
    "chunk_size": null,
    "eval_batch_size": 32768
}