{
    "function": "bin.model.main",
    "gpus": [
        "NVIDIA A100-SXM4-40GB"
    ],
    "config": {
        "seed": 4,
        "batch_size": 32,
        "patience": 16,
        "n_epochs": -1,
        "gradient_clipping_norm": 1.0,
        "amp": true,
        "data": {
            "cache": true,
            "path": "data/classif-num-medium-2-wine",
            "num_policy": "noisy-quantile"
        },
        "optimizer": {
            "type": "AdamW",
            "lr": 0.00098596951558785,
            "weight_decay": 0.0002775663609756555
        },
        "model": {
            "arch_type": "plain",
            "backbone": {
                "type": "MLP",
                "n_blocks": 5,
                "d_block": 272,
                "dropout": 0.0
            }
        }
    },
    "n_parameters": 300834,
    "prediction_type": "probs",
    "epoch_size": 56,
    "best_step": 392,
    "metrics": {
        "train": {
            "0": {
                "precision": 0.8155339805825242,
                "recall": 0.8298572996706916,
                "f1-score": 0.8226332970620239,
                "support": 911.0
            },
            "1": {
                "precision": 0.8197674418604651,
                "recall": 0.8047945205479452,
                "f1-score": 0.8122119815668204,
                "support": 876.0
            },
            "accuracy": 0.8175713486289872,
            "macro avg": {
                "precision": 0.8176507112214947,
                "recall": 0.8173259101093184,
                "f1-score": 0.8174226393144222,
                "support": 1787.0
            },
            "weighted avg": {
                "precision": 0.8176092531507817,
                "recall": 0.8175713486289872,
                "f1-score": 0.8175246947263786,
                "support": 1787.0
            },
            "cross-entropy": 0.396456891230949,
            "roc-auc": 0.9148872983173693,
            "score": 0.8175713486289872
        },
        "val": {
            "0": {
                "precision": 0.801980198019802,
                "recall": 0.7714285714285715,
                "f1-score": 0.7864077669902912,
                "support": 105.0
            },
            "1": {
                "precision": 0.813953488372093,
                "recall": 0.84,
                "f1-score": 0.8267716535433071,
                "support": 125.0
            },
            "accuracy": 0.808695652173913,
            "macro avg": {
                "precision": 0.8079668431959475,
                "recall": 0.8057142857142857,
                "f1-score": 0.8065897102667992,
                "support": 230.0
            },
            "weighted avg": {
                "precision": 0.8084874210373515,
                "recall": 0.808695652173913,
                "f1-score": 0.8083446618560607,
                "support": 230.0
            },
            "cross-entropy": 0.5135749432649659,
            "roc-auc": 0.866704761904762,
            "score": 0.808695652173913
        },
        "test": {
            "0": {
                "precision": 0.7536231884057971,
                "recall": 0.7969348659003831,
                "f1-score": 0.7746741154562384,
                "support": 261.0
            },
            "1": {
                "precision": 0.7969348659003831,
                "recall": 0.7536231884057971,
                "f1-score": 0.7746741154562384,
                "support": 276.0
            },
            "accuracy": 0.7746741154562383,
            "macro avg": {
                "precision": 0.77527902715309,
                "recall": 0.77527902715309,
                "f1-score": 0.7746741154562384,
                "support": 537.0
            },
            "weighted avg": {
                "precision": 0.7758839388499419,
                "recall": 0.7746741154562383,
                "f1-score": 0.7746741154562383,
                "support": 537.0
            },
            "cross-entropy": 0.6018373196831339,
            "roc-auc": 0.8465628296962631,
            "score": 0.7746741154562383
        }
    },
    "time": "0:00:03.602244",
    "chunk_size": null,
    "eval_batch_size": 32768
}