{
    "function": "bin.model.main",
    "gpus": [
        "NVIDIA A100-SXM4-80GB"
    ],
    "config": {
        "seed": 13,
        "batch_size": 32,
        "patience": 16,
        "n_epochs": -1,
        "gradient_clipping_norm": 1.0,
        "amp": true,
        "data": {
            "cache": true,
            "path": "data/classif-num-medium-4-phoneme",
            "num_policy": "noisy-quantile"
        },
        "optimizer": {
            "type": "AdamW",
            "lr": 0.00033174730282382577,
            "weight_decay": 0.0
        },
        "model": {
            "arch_type": "tabm-packed",
            "k": 32,
            "share_training_batches": false,
            "backbone": {
                "type": "MLP",
                "n_blocks": 4,
                "d_block": 864,
                "dropout": 0.0
            }
        }
    },
    "n_parameters": 71967808,
    "prediction_type": "probs",
    "epoch_size": 70,
    "best_step": 4200,
    "metrics": {
        "train": {
            "0": {
                "precision": 0.9794642857142857,
                "recall": 0.9891794409377818,
                "f1-score": 0.9842978914311349,
                "support": 1109.0
            },
            "1": {
                "precision": 0.9890909090909091,
                "recall": 0.9792979297929792,
                "f1-score": 0.9841700587969245,
                "support": 1111.0
            },
            "accuracy": 0.9842342342342343,
            "macro avg": {
                "precision": 0.9842775974025975,
                "recall": 0.9842386853653805,
                "f1-score": 0.9842339751140297,
                "support": 2220.0
            },
            "weighted avg": {
                "precision": 0.9842819337194337,
                "recall": 0.9842342342342343,
                "f1-score": 0.984233917531762,
                "support": 2220.0
            },
            "cross-entropy": 0.06477481029292757,
            "roc-auc": 0.9992046093698639,
            "score": 0.9842342342342343
        },
        "val": {
            "0": {
                "precision": 0.9432624113475178,
                "recall": 0.8926174496644296,
                "f1-score": 0.9172413793103449,
                "support": 149.0
            },
            "1": {
                "precision": 0.8888888888888888,
                "recall": 0.9411764705882353,
                "f1-score": 0.9142857142857143,
                "support": 136.0
            },
            "accuracy": 0.9157894736842105,
            "macro avg": {
                "precision": 0.9160756501182032,
                "recall": 0.9168969601263324,
                "f1-score": 0.9157635467980296,
                "support": 285.0
            },
            "weighted avg": {
                "precision": 0.9173157479988389,
                "recall": 0.9157894736842105,
                "f1-score": 0.9158309567021,
                "support": 285.0
            },
            "cross-entropy": 0.3130258191250783,
            "roc-auc": 0.9551421239636795,
            "score": 0.9157894736842105
        },
        "test": {
            "0": {
                "precision": 0.8656716417910447,
                "recall": 0.8841463414634146,
                "f1-score": 0.8748114630467572,
                "support": 328.0
            },
            "1": {
                "precision": 0.8855421686746988,
                "recall": 0.8672566371681416,
                "f1-score": 0.8763040238450076,
                "support": 339.0
            },
            "accuracy": 0.8755622188905547,
            "macro avg": {
                "precision": 0.8756069052328718,
                "recall": 0.8757014893157782,
                "f1-score": 0.8755577434458823,
                "support": 667.0
            },
            "weighted avg": {
                "precision": 0.8757707551547009,
                "recall": 0.8755622188905547,
                "f1-score": 0.8755700509187315,
                "support": 667.0
            },
            "cross-entropy": 0.3700646425167951,
            "roc-auc": 0.9494253183682279,
            "score": 0.8755622188905547
        }
    },
    "time": "0:00:39.011049",
    "chunk_size": null,
    "eval_batch_size": 32768
}