{
    "function": "bin.model.main",
    "gpus": [
        "NVIDIA A100-SXM4-40GB"
    ],
    "config": {
        "seed": 13,
        "batch_size": 1024,
        "patience": 16,
        "n_epochs": -1,
        "gradient_clipping_norm": 1.0,
        "amp": true,
        "data": {
            "cache": true,
            "path": "data/maps-routing",
            "cat_policy": "ordinal"
        },
        "optimizer": {
            "type": "AdamW",
            "lr": 0.0020600942680289104,
            "weight_decay": 0.016195534214195815
        },
        "model": {
            "arch_type": "tabm",
            "k": 32,
            "backbone": {
                "type": "MLP",
                "n_blocks": 4,
                "d_block": 112,
                "dropout": 0.0
            }
        }
    },
    "n_parameters": 224672,
    "prediction_type": "labels",
    "epoch_size": 157,
    "best_step": 7222,
    "metrics": {
        "train": {
            "rmse": 0.15110896450117528,
            "mae": 0.11530199646949768,
            "r2": 0.8394196602832116,
            "score": -0.15110896450117528
        },
        "val": {
            "rmse": 0.1611213969030508,
            "mae": 0.12148115783929825,
            "r2": 0.8163894896240163,
            "score": -0.1611213969030508
        },
        "test": {
            "rmse": 0.16117119765405155,
            "mae": 0.12175825983285904,
            "r2": 0.8139357783801948,
            "score": -0.16117119765405155
        }
    },
    "time": "0:01:28.633191",
    "chunk_size": null,
    "eval_batch_size": 32768
}