{
    "function": "bin.model.main",
    "gpus": [
        "NVIDIA A100-SXM4-80GB"
    ],
    "config": {
        "seed": 10,
        "batch_size": 256,
        "patience": 16,
        "n_epochs": -1,
        "gradient_clipping_norm": 1.0,
        "amp": true,
        "data": {
            "cache": true,
            "path": "data/classif-num-medium-2-MagicTelescope",
            "num_policy": "noisy-quantile"
        },
        "optimizer": {
            "type": "AdamW",
            "lr": 0.0011959800669338468,
            "weight_decay": 0.0
        },
        "model": {
            "arch_type": "tabm-packed",
            "k": 32,
            "share_training_batches": false,
            "backbone": {
                "type": "MLP",
                "n_blocks": 3,
                "d_block": 992,
                "dropout": 0.0
            }
        }
    },
    "n_parameters": 63456320,
    "prediction_type": "probs",
    "epoch_size": 37,
    "best_step": 814,
    "metrics": {
        "train": {
            "0": {
                "precision": 0.8974049487024743,
                "recall": 0.956065152164595,
                "f1-score": 0.925806786344298,
                "support": 4666.0
            },
            "1": {
                "precision": 0.9533242258652095,
                "recall": 0.8914200553544815,
                "f1-score": 0.9213334800308065,
                "support": 4697.0
            },
            "accuracy": 0.9236355868845455,
            "macro avg": {
                "precision": 0.9253645872838419,
                "recall": 0.9237426037595382,
                "f1-score": 0.9235701331875523,
                "support": 9363.0
            },
            "weighted avg": {
                "precision": 0.9254571589805228,
                "recall": 0.9236355868845455,
                "f1-score": 0.9235627278422721,
                "support": 9363.0
            },
            "cross-entropy": 0.1947562382621495,
            "roc-auc": 0.9783050457373955,
            "score": 0.9236355868845455
        },
        "val": {
            "0": {
                "precision": 0.8361669242658424,
                "recall": 0.9016666666666666,
                "f1-score": 0.8676824378508421,
                "support": 600.0
            },
            "1": {
                "precision": 0.8938848920863309,
                "recall": 0.824212271973466,
                "f1-score": 0.8576358930112165,
                "support": 603.0
            },
            "accuracy": 0.8628428927680798,
            "macro avg": {
                "precision": 0.8650259081760867,
                "recall": 0.8629394693200663,
                "f1-score": 0.8626591654310293,
                "support": 1203.0
            },
            "weighted avg": {
                "precision": 0.8650978757170099,
                "recall": 0.8628428927680798,
                "f1-score": 0.8626466385671393,
                "support": 1203.0
            },
            "cross-entropy": 0.35088425821802766,
            "roc-auc": 0.9266417910447762,
            "score": 0.8628428927680798
        },
        "test": {
            "0": {
                "precision": 0.8363754889178618,
                "recall": 0.9022503516174403,
                "f1-score": 0.868064952638701,
                "support": 1422.0
            },
            "1": {
                "precision": 0.8910658307210031,
                "recall": 0.819164265129683,
                "f1-score": 0.8536036036036035,
                "support": 1388.0
            },
            "accuracy": 0.8612099644128114,
            "macro avg": {
                "precision": 0.8637206598194325,
                "recall": 0.8607073083735617,
                "f1-score": 0.8608342781211522,
                "support": 2810.0
            },
            "weighted avg": {
                "precision": 0.863389792982901,
                "recall": 0.8612099644128114,
                "f1-score": 0.860921766709621,
                "support": 2810.0
            },
            "cross-entropy": 0.3171793664829513,
            "roc-auc": 0.9375410389231386,
            "score": 0.8612099644128114
        }
    },
    "time": "0:00:12.154736",
    "chunk_size": null,
    "eval_batch_size": 32768
}