{
    "function": "bin.model.main",
    "gpus": [
        "NVIDIA A100-SXM4-40GB"
    ],
    "config": {
        "seed": 9,
        "batch_size": 1024,
        "patience": 16,
        "n_epochs": -1,
        "gradient_clipping_norm": 1.0,
        "amp": true,
        "data": {
            "cache": true,
            "path": "data/covtype2",
            "num_policy": "noisy-quantile",
            "cat_policy": "ordinal"
        },
        "optimizer": {
            "type": "AdamW",
            "lr": 0.0006634872462659631,
            "weight_decay": 0.0
        },
        "model": {
            "arch_type": "plain",
            "backbone": {
                "type": "MLP",
                "n_blocks": 4,
                "d_block": 816,
                "dropout": 0.2814597103721005
            },
            "num_embeddings": {
                "type": "PeriodicEmbeddings",
                "n_frequencies": 72,
                "d_embedding": 16,
                "frequency_init_scale": 1.146191950995961,
                "lite": false
            }
        }
    },
    "n_parameters": 2200199,
    "prediction_type": "probs",
    "epoch_size": 364,
    "best_step": 38948,
    "metrics": {
        "train": {
            "0": {
                "precision": 0.9953802625955999,
                "recall": 0.9964374751065808,
                "f1-score": 0.9959085882786584,
                "support": 135578.0
            },
            "1": {
                "precision": 0.9978814848412773,
                "recall": 0.9949920578891635,
                "f1-score": 0.9964346767044372,
                "support": 181312.0
            },
            "2": {
                "precision": 0.9956840177870782,
                "recall": 0.9981207936369199,
                "f1-score": 0.9969009166302925,
                "support": 22882.0
            },
            "3": {
                "precision": 0.996,
                "recall": 0.9909039226833428,
                "f1-score": 0.9934454260473069,
                "support": 1759.0
            },
            "4": {
                "precision": 0.9660124461464815,
                "recall": 0.9965432098765432,
                "f1-score": 0.9810403500243071,
                "support": 6075.0
            },
            "5": {
                "precision": 0.993193013882669,
                "recall": 0.9976608187134502,
                "f1-score": 0.9954219030520646,
                "support": 11115.0
            },
            "6": {
                "precision": 0.9906945074897866,
                "recall": 0.997638275179034,
                "f1-score": 0.9941542666261768,
                "support": 13126.0
            },
            "accuracy": 0.9958907830371093,
            "macro avg": {
                "precision": 0.9906922475346989,
                "recall": 0.9960423647264334,
                "f1-score": 0.9933294467661777,
                "support": 371847.0
            },
            "weighted avg": {
                "precision": 0.9959109009396031,
                "recall": 0.9958907830371093,
                "f1-score": 0.9958951381766882,
                "support": 371847.0
            },
            "cross-entropy": 0.013981769833536717,
            "score": 0.9958907830371093
        },
        "val": {
            "0": {
                "precision": 0.9725773195876288,
                "recall": 0.9741842213961173,
                "f1-score": 0.9733801073049937,
                "support": 33894.0
            },
            "1": {
                "precision": 0.9800603961275424,
                "recall": 0.9737469114013413,
                "f1-score": 0.9768934531450578,
                "support": 45328.0
            },
            "2": {
                "precision": 0.96157822191592,
                "recall": 0.9755287537143856,
                "f1-score": 0.9685032537960955,
                "support": 5721.0
            },
            "3": {
                "precision": 0.9124087591240876,
                "recall": 0.8542141230068337,
                "f1-score": 0.8823529411764707,
                "support": 439.0
            },
            "4": {
                "precision": 0.8727498448168839,
                "recall": 0.9256089532587228,
                "f1-score": 0.8984025559105431,
                "support": 1519.0
            },
            "5": {
                "precision": 0.9400070997515086,
                "recall": 0.9528607412738395,
                "f1-score": 0.9463902787705503,
                "support": 2779.0
            },
            "6": {
                "precision": 0.9606960696069607,
                "recall": 0.975624619134674,
                "f1-score": 0.9681027966742254,
                "support": 3282.0
            },
            "accuracy": 0.9721068823820486,
            "macro avg": {
                "precision": 0.9428682444186476,
                "recall": 0.947395474740845,
                "f1-score": 0.9448607695397051,
                "support": 92962.0
            },
            "weighted avg": {
                "precision": 0.9722407112964989,
                "recall": 0.9721068823820486,
                "f1-score": 0.9721449334471596,
                "support": 92962.0
            },
            "cross-entropy": 0.08216491881480471,
            "score": 0.9721068823820486
        },
        "test": {
            "0": {
                "precision": 0.9726683174153992,
                "recall": 0.973517749244713,
                "f1-score": 0.9730928479586662,
                "support": 42368.0
            },
            "1": {
                "precision": 0.9792442788717403,
                "recall": 0.9742150685656801,
                "f1-score": 0.9767231998301351,
                "support": 56661.0
            },
            "2": {
                "precision": 0.9652681300361211,
                "recall": 0.9716123619074255,
                "f1-score": 0.9684298557390758,
                "support": 7151.0
            },
            "3": {
                "precision": 0.9180952380952381,
                "recall": 0.8779599271402551,
                "f1-score": 0.8975791433891992,
                "support": 549.0
            },
            "4": {
                "precision": 0.8852956038403234,
                "recall": 0.9225908372827805,
                "f1-score": 0.9035585353274884,
                "support": 1899.0
            },
            "5": {
                "precision": 0.9350210970464135,
                "recall": 0.9570976101353297,
                "f1-score": 0.9459305634604439,
                "support": 3473.0
            },
            "6": {
                "precision": 0.9649964037401103,
                "recall": 0.9812286689419796,
                "f1-score": 0.9730448446754504,
                "support": 4102.0
            },
            "accuracy": 0.9722382382554667,
            "macro avg": {
                "precision": 0.9457984384350493,
                "recall": 0.9511746033168805,
                "f1-score": 0.9483369986257798,
                "support": 116203.0
            },
            "weighted avg": {
                "precision": 0.9723377013578548,
                "recall": 0.9722382382554667,
                "f1-score": 0.9722694621855079,
                "support": 116203.0
            },
            "cross-entropy": 0.08353096272497797,
            "score": 0.9722382382554667
        }
    },
    "time": "0:06:52.074940",
    "chunk_size": null,
    "eval_batch_size": 32768
}