{
    "function": "bin.model.main",
    "gpus": [
        "NVIDIA A100-SXM4-80GB"
    ],
    "config": {
        "seed": 2,
        "batch_size": 256,
        "patience": 16,
        "n_epochs": -1,
        "gradient_clipping_norm": 1.0,
        "amp": true,
        "data": {
            "cache": true,
            "path": "data/classif-num-medium-2-MagicTelescope",
            "num_policy": "noisy-quantile"
        },
        "optimizer": {
            "type": "AdamW",
            "lr": 0.004565494145842647,
            "weight_decay": 0.00013108813258313508
        },
        "model": {
            "arch_type": "tabm-mini",
            "k": 32,
            "backbone": {
                "type": "MLP",
                "n_blocks": 2,
                "d_block": 176,
                "dropout": 0.0
            }
        }
    },
    "n_parameters": 44736,
    "prediction_type": "probs",
    "epoch_size": 37,
    "best_step": 1850,
    "metrics": {
        "train": {
            "0": {
                "precision": 0.8702911830584402,
                "recall": 0.9159879982854694,
                "f1-score": 0.8925550798788765,
                "support": 4666.0
            },
            "1": {
                "precision": 0.9119496855345912,
                "recall": 0.8643815201192251,
                "f1-score": 0.8875286916602907,
                "support": 4697.0
            },
            "accuracy": 0.8900993271387376,
            "macro avg": {
                "precision": 0.8911204342965158,
                "recall": 0.8901847592023473,
                "f1-score": 0.8900418857695835,
                "support": 9363.0
            },
            "weighted avg": {
                "precision": 0.8911893979607665,
                "recall": 0.8900993271387376,
                "f1-score": 0.8900335648235846,
                "support": 9363.0
            },
            "cross-entropy": 0.2569075962795054,
            "roc-auc": 0.9583938859479393,
            "score": 0.8900993271387376
        },
        "val": {
            "0": {
                "precision": 0.8375,
                "recall": 0.8933333333333333,
                "f1-score": 0.8645161290322579,
                "support": 600.0
            },
            "1": {
                "precision": 0.8863232682060391,
                "recall": 0.8275290215588723,
                "f1-score": 0.8559176672384221,
                "support": 603.0
            },
            "accuracy": 0.8603491271820449,
            "macro avg": {
                "precision": 0.8619116341030195,
                "recall": 0.8604311774461029,
                "f1-score": 0.86021689813534,
                "support": 1203.0
            },
            "weighted avg": {
                "precision": 0.8619725109960444,
                "recall": 0.8603491271820449,
                "f1-score": 0.8602061768612829,
                "support": 1203.0
            },
            "cross-entropy": 0.3355947889284676,
            "roc-auc": 0.9296932006633499,
            "score": 0.8603491271820449
        },
        "test": {
            "0": {
                "precision": 0.8400263331138907,
                "recall": 0.8973277074542897,
                "f1-score": 0.8677320639238355,
                "support": 1422.0
            },
            "1": {
                "precision": 0.8869093725793958,
                "recall": 0.8249279538904899,
                "f1-score": 0.854796565882792,
                "support": 1388.0
            },
            "accuracy": 0.8615658362989324,
            "macro avg": {
                "precision": 0.8634678528466433,
                "recall": 0.8611278306723897,
                "f1-score": 0.8612643149033137,
                "support": 2810.0
            },
            "weighted avg": {
                "precision": 0.8631842188000548,
                "recall": 0.8615658362989324,
                "f1-score": 0.8613425723647721,
                "support": 2810.0
            },
            "cross-entropy": 0.3073761897623259,
            "roc-auc": 0.9390926648751403,
            "score": 0.8615658362989324
        }
    },
    "time": "0:00:06.549491",
    "chunk_size": null,
    "eval_batch_size": 32768
}