{
    "function": "bin.model.main",
    "gpus": [
        "NVIDIA A100-SXM4-40GB"
    ],
    "config": {
        "seed": 5,
        "batch_size": 512,
        "patience": 16,
        "n_epochs": -1,
        "gradient_clipping_norm": 1.0,
        "amp": true,
        "data": {
            "cache": true,
            "path": "data/black-friday",
            "num_policy": "noisy-quantile",
            "cat_policy": "ordinal"
        },
        "optimizer": {
            "type": "AdamW",
            "lr": 0.0002684973328782277,
            "weight_decay": 0.0
        },
        "model": {
            "arch_type": "plain",
            "backbone": {
                "type": "MLP",
                "n_blocks": 1,
                "d_block": 736,
                "dropout": 0.4935734937520292
            },
            "num_embeddings": {
                "type": "PeriodicEmbeddings",
                "n_frequencies": 32,
                "d_embedding": 20,
                "frequency_init_scale": 0.9794560803226651,
                "lite": false
            }
        }
    },
    "n_parameters": 79665,
    "prediction_type": "labels",
    "epoch_size": 209,
    "best_step": 18392,
    "metrics": {
        "train": {
            "rmse": 0.6544505152445946,
            "mae": 0.5062734484672546,
            "r2": 0.5709683874871956,
            "score": -0.6544505152445946
        },
        "val": {
            "rmse": 0.6842765667642674,
            "mae": 0.528383731842041,
            "r2": 0.5304324849246681,
            "score": -0.6842765667642674
        },
        "test": {
            "rmse": 0.6861908325370115,
            "mae": 0.5313107371330261,
            "r2": 0.5326974355473089,
            "score": -0.6861908325370115
        }
    },
    "time": "0:00:52.283573",
    "chunk_size": null,
    "eval_batch_size": 32768
}