{
    "function": "bin.model.main",
    "gpus": [
        "NVIDIA A100-SXM4-80GB"
    ],
    "config": {
        "seed": 14,
        "batch_size": 256,
        "patience": 16,
        "n_epochs": -1,
        "gradient_clipping_norm": 1.0,
        "amp": true,
        "data": {
            "cache": true,
            "path": "data/regression-num-medium-1-elevators",
            "num_policy": "noisy-quantile"
        },
        "optimizer": {
            "type": "AdamW",
            "lr": 0.002699563837319579,
            "weight_decay": 0.0
        },
        "model": {
            "arch_type": "tabm-packed",
            "k": 32,
            "share_training_batches": false,
            "backbone": {
                "type": "MLP",
                "n_blocks": 4,
                "d_block": 64,
                "dropout": 0.0
            }
        }
    },
    "n_parameters": 436256,
    "prediction_type": "labels",
    "epoch_size": 40,
    "best_step": 1720,
    "metrics": {
        "train": {
            "rmse": 0.0015494065332949953,
            "mae": 0.0011807737173512578,
            "r2": 0.9469312416312228,
            "score": -0.0015494065332949953
        },
        "val": {
            "rmse": 0.0018625374152498528,
            "mae": 0.00138946995139122,
            "r2": 0.9227811250564052,
            "score": -0.0018625374152498528
        },
        "test": {
            "rmse": 0.0018391867574746533,
            "mae": 0.0013685497688129544,
            "r2": 0.9247138256228237,
            "score": -0.0018391867574746533
        }
    },
    "time": "0:00:06.763388",
    "chunk_size": null,
    "eval_batch_size": 32768
}