{
    "function": "bin.model.main",
    "gpus": [
        "NVIDIA A100-SXM4-80GB"
    ],
    "config": {
        "seed": 5,
        "batch_size": 128,
        "patience": 16,
        "n_epochs": -1,
        "gradient_clipping_norm": 1.0,
        "amp": true,
        "data": {
            "cache": true,
            "path": "data/regression-num-medium-1-wine_quality",
            "num_policy": "noisy-quantile"
        },
        "optimizer": {
            "type": "AdamW",
            "lr": 0.0026195649947561364,
            "weight_decay": 0.0001490133318800419
        },
        "model": {
            "arch_type": "tabm-packed",
            "k": 32,
            "share_training_batches": false,
            "backbone": {
                "type": "MLP",
                "n_blocks": 3,
                "d_block": 544,
                "dropout": 0.017955130700930036
            }
        }
    },
    "n_parameters": 19201056,
    "prediction_type": "labels",
    "epoch_size": 36,
    "best_step": 4932,
    "metrics": {
        "train": {
            "rmse": 0.05546570453879886,
            "mae": 0.032340291887521744,
            "r2": 0.9960235488594988,
            "score": -0.05546570453879886
        },
        "val": {
            "rmse": 0.6078694157564526,
            "mae": 0.41355636715888977,
            "r2": 0.4895205643478219,
            "score": -0.6078694157564526
        },
        "test": {
            "rmse": 0.6307093911466287,
            "mae": 0.422159343957901,
            "r2": 0.46226046884681826,
            "score": -0.6307093911466287
        }
    },
    "time": "0:00:15.700017",
    "chunk_size": null,
    "eval_batch_size": 32768
}