{
    "function": "bin.model.main",
    "gpus": [
        "NVIDIA A100-SXM4-40GB"
    ],
    "config": {
        "seed": 5,
        "batch_size": 256,
        "patience": 16,
        "n_epochs": -1,
        "gradient_clipping_norm": 1.0,
        "amp": true,
        "data": {
            "cache": true,
            "path": "data/regression-num-medium-0-pol",
            "num_policy": "noisy-quantile"
        },
        "optimizer": {
            "type": "AdamW",
            "lr": 0.002369202783563083,
            "weight_decay": 0.0
        },
        "model": {
            "arch_type": "tabm",
            "k": 32,
            "backbone": {
                "type": "MLP",
                "n_blocks": 4,
                "d_block": 560,
                "dropout": 0.0
            }
        }
    },
    "n_parameters": 1171264,
    "prediction_type": "labels",
    "epoch_size": 40,
    "best_step": 1240,
    "metrics": {
        "train": {
            "rmse": 2.0363796313233573,
            "mae": 1.1567083597183228,
            "r2": 0.9975914327740558,
            "score": -2.0363796313233573
        },
        "val": {
            "rmse": 3.7063929306697307,
            "mae": 1.6800024509429932,
            "r2": 0.9922900644979435,
            "score": -3.7063929306697307
        },
        "test": {
            "rmse": 3.9027668797049326,
            "mae": 1.6739394664764404,
            "r2": 0.9914283076083035,
            "score": -3.9027668797049326
        }
    },
    "time": "0:00:17.184333",
    "chunk_size": null,
    "eval_batch_size": 32768
}