{
    "function": "bin.model.main",
    "gpus": [
        "NVIDIA A100-SXM4-80GB"
    ],
    "config": {
        "seed": 7,
        "batch_size": 512,
        "patience": 16,
        "n_epochs": -1,
        "gradient_clipping_norm": 1.0,
        "amp": true,
        "data": {
            "cache": true,
            "path": "data/regression-cat-large-0-nyc-taxi-green-dec-2016",
            "num_policy": "noisy-quantile",
            "cat_policy": "ordinal"
        },
        "optimizer": {
            "type": "AdamW",
            "lr": 0.0023277883684261493,
            "weight_decay": 0.0
        },
        "model": {
            "arch_type": "tabm",
            "k": 32,
            "share_training_batches": false,
            "backbone": {
                "type": "MLP",
                "n_blocks": 5,
                "d_block": 80,
                "dropout": 0.0
            }
        }
    },
    "n_parameters": 67168,
    "prediction_type": "labels",
    "epoch_size": 98,
    "best_step": 7840,
    "metrics": {
        "train": {
            "rmse": 0.3658228941834977,
            "mae": 0.23955319821834564,
            "r2": 0.6224823752342742,
            "score": -0.3658228941834977
        },
        "val": {
            "rmse": 0.38472236351365585,
            "mae": 0.24825088679790497,
            "r2": 0.5859820679925256,
            "score": -0.38472236351365585
        },
        "test": {
            "rmse": 0.3854419747196929,
            "mae": 0.24780350923538208,
            "r2": 0.5827737726157959,
            "score": -0.3854419747196929
        }
    },
    "time": "0:00:41.934645",
    "chunk_size": null,
    "eval_batch_size": 32768
}