{
    "function": "bin.model.main",
    "gpus": [
        "NVIDIA A100-SXM4-40GB"
    ],
    "config": {
        "seed": 5,
        "batch_size": 32,
        "patience": 16,
        "n_epochs": -1,
        "gradient_clipping_norm": 1.0,
        "amp": true,
        "data": {
            "cache": true,
            "path": "data/classif-num-medium-1-wine",
            "num_policy": "noisy-quantile"
        },
        "optimizer": {
            "type": "AdamW",
            "lr": 0.00023645103843146292,
            "weight_decay": 0.02799133123195164
        },
        "model": {
            "arch_type": "plain",
            "backbone": {
                "type": "MLP",
                "n_blocks": 2,
                "d_block": 640,
                "dropout": 0.0
            },
            "num_embeddings": {
                "type": "PeriodicEmbeddings",
                "n_frequencies": 40,
                "d_embedding": 20,
                "frequency_init_scale": 0.0205815819618994,
                "lite": true
            }
        }
    },
    "n_parameters": 555022,
    "prediction_type": "probs",
    "epoch_size": 56,
    "best_step": 840,
    "metrics": {
        "train": {
            "0": {
                "precision": 0.8353658536585366,
                "recall": 0.7636566332218506,
                "f1-score": 0.797903319743739,
                "support": 897.0
            },
            "1": {
                "precision": 0.7807652533609101,
                "recall": 0.848314606741573,
                "f1-score": 0.8131394722670975,
                "support": 890.0
            },
            "accuracy": 0.8058198097369894,
            "macro avg": {
                "precision": 0.8080655535097233,
                "recall": 0.8059856199817118,
                "f1-score": 0.8055213960054182,
                "support": 1787.0
            },
            "weighted avg": {
                "precision": 0.8081724936893773,
                "recall": 0.8058198097369894,
                "f1-score": 0.8054915546322611,
                "support": 1787.0
            },
            "cross-entropy": 0.41621520056339295,
            "roc-auc": 0.889089724800521,
            "score": 0.8058198097369894
        },
        "val": {
            "0": {
                "precision": 0.768595041322314,
                "recall": 0.768595041322314,
                "f1-score": 0.768595041322314,
                "support": 121.0
            },
            "1": {
                "precision": 0.7431192660550459,
                "recall": 0.7431192660550459,
                "f1-score": 0.743119266055046,
                "support": 109.0
            },
            "accuracy": 0.7565217391304347,
            "macro avg": {
                "precision": 0.75585715368868,
                "recall": 0.75585715368868,
                "f1-score": 0.75585715368868,
                "support": 230.0
            },
            "weighted avg": {
                "precision": 0.7565217391304347,
                "recall": 0.7565217391304347,
                "f1-score": 0.7565217391304347,
                "support": 230.0
            },
            "cross-entropy": 0.501673918371671,
            "roc-auc": 0.8358859655773752,
            "score": 0.7565217391304347
        },
        "test": {
            "0": {
                "precision": 0.799163179916318,
                "recall": 0.7374517374517374,
                "f1-score": 0.7670682730923695,
                "support": 259.0
            },
            "1": {
                "precision": 0.7718120805369127,
                "recall": 0.8273381294964028,
                "f1-score": 0.7986111111111112,
                "support": 278.0
            },
            "accuracy": 0.7839851024208566,
            "macro avg": {
                "precision": 0.7854876302266154,
                "recall": 0.7823949334740701,
                "f1-score": 0.7828396921017403,
                "support": 537.0
            },
            "weighted avg": {
                "precision": 0.785003765340015,
                "recall": 0.7839851024208566,
                "f1-score": 0.7833977125136175,
                "support": 537.0
            },
            "cross-entropy": 0.4751733556216907,
            "roc-auc": 0.8447751451348573,
            "score": 0.7839851024208566
        }
    },
    "time": "0:00:10.506504",
    "chunk_size": null,
    "eval_batch_size": 32768
}