{
    "function": "bin.model.main",
    "gpus": [
        "NVIDIA A100-SXM4-40GB"
    ],
    "config": {
        "seed": 7,
        "batch_size": 64,
        "patience": 16,
        "n_epochs": -1,
        "gradient_clipping_norm": 1.0,
        "amp": true,
        "data": {
            "cache": true,
            "path": "data/classif-num-medium-0-kdd_ipums_la_97-small",
            "num_policy": "noisy-quantile"
        },
        "optimizer": {
            "type": "AdamW",
            "lr": 0.00041856920893351083,
            "weight_decay": 0.0
        },
        "model": {
            "arch_type": "plain",
            "backbone": {
                "type": "MLP",
                "n_blocks": 4,
                "d_block": 816,
                "dropout": 0.4858011127652326
            }
        }
    },
    "n_parameters": 2018786,
    "prediction_type": "probs",
    "epoch_size": 57,
    "best_step": 1026,
    "metrics": {
        "train": {
            "0": {
                "precision": 0.9734345351043643,
                "recall": 0.840983606557377,
                "f1-score": 0.9023746701846965,
                "support": 1830.0
            },
            "1": {
                "precision": 0.8580487804878049,
                "recall": 0.9766796224319823,
                "f1-score": 0.9135289535185667,
                "support": 1801.0
            },
            "accuracy": 0.9082897273478381,
            "macro avg": {
                "precision": 0.9157416577960846,
                "recall": 0.9088316144946796,
                "f1-score": 0.9079518118516317,
                "support": 3631.0
            },
            "weighted avg": {
                "precision": 0.9162024381436307,
                "recall": 0.9082897273478381,
                "f1-score": 0.9079072684453134,
                "support": 3631.0
            },
            "cross-entropy": 0.22584764096061322,
            "roc-auc": 0.9592494151700786,
            "score": 0.9082897273478381
        },
        "val": {
            "0": {
                "precision": 0.9671361502347418,
                "recall": 0.8512396694214877,
                "f1-score": 0.9054945054945055,
                "support": 242.0
            },
            "1": {
                "precision": 0.8582677165354331,
                "recall": 0.9688888888888889,
                "f1-score": 0.9102296450939457,
                "support": 225.0
            },
            "accuracy": 0.9079229122055674,
            "macro avg": {
                "precision": 0.9127019333850874,
                "recall": 0.9100642791551883,
                "f1-score": 0.9078620752942256,
                "support": 467.0
            },
            "weighted avg": {
                "precision": 0.9146834787522055,
                "recall": 0.9079229122055674,
                "f1-score": 0.9077758896698246,
                "support": 467.0
            },
            "cross-entropy": 0.25188036968585403,
            "roc-auc": 0.9575114784205693,
            "score": 0.9079229122055674
        },
        "test": {
            "0": {
                "precision": 0.9295154185022027,
                "recall": 0.8084291187739464,
                "f1-score": 0.8647540983606558,
                "support": 522.0
            },
            "1": {
                "precision": 0.8427672955974843,
                "recall": 0.9436619718309859,
                "f1-score": 0.8903654485049834,
                "support": 568.0
            },
            "accuracy": 0.8788990825688073,
            "macro avg": {
                "precision": 0.8861413570498435,
                "recall": 0.8760455453024661,
                "f1-score": 0.8775597734328195,
                "support": 1090.0
            },
            "weighted avg": {
                "precision": 0.88431089207112,
                "recall": 0.8788990825688073,
                "f1-score": 0.8781001964175165,
                "support": 1090.0
            },
            "cross-entropy": 0.3037893721964119,
            "roc-auc": 0.9410346176676918,
            "score": 0.8788990825688073
        }
    },
    "time": "0:00:12.497751",
    "chunk_size": null,
    "eval_batch_size": 32768
}