{
    "function": "bin.model.main",
    "gpus": [
        "NVIDIA A100-SXM4-80GB"
    ],
    "config": {
        "seed": 0,
        "batch_size": 512,
        "patience": 16,
        "n_epochs": -1,
        "gradient_clipping_norm": 1.0,
        "amp": true,
        "data": {
            "cache": true,
            "path": "data/regression-cat-large-0-particulate-matter-ukair-2017",
            "num_policy": "noisy-quantile",
            "cat_policy": "ordinal"
        },
        "optimizer": {
            "type": "AdamW",
            "lr": 0.0005841988227509902,
            "weight_decay": 0.0
        },
        "model": {
            "arch_type": "plain",
            "backbone": {
                "type": "MLP",
                "n_blocks": 1,
                "d_block": 288,
                "dropout": 0.46295989441701363
            },
            "num_embeddings": {
                "type": "PeriodicEmbeddings",
                "n_frequencies": 52,
                "d_embedding": 28,
                "frequency_init_scale": 0.3153933456991782,
                "lite": true
            }
        }
    },
    "n_parameters": 34489,
    "prediction_type": "labels",
    "epoch_size": 98,
    "best_step": 13818,
    "metrics": {
        "train": {
            "rmse": 0.34293820151703447,
            "mae": 0.23642607033252716,
            "r2": 0.7472673059078152,
            "score": -0.34293820151703447
        },
        "val": {
            "rmse": 0.3695249222260028,
            "mae": 0.2542281150817871,
            "r2": 0.7034059616973536,
            "score": -0.3695249222260028
        },
        "test": {
            "rmse": 0.36539186560236875,
            "mae": 0.25154393911361694,
            "r2": 0.7109188593675069,
            "score": -0.36539186560236875
        }
    },
    "time": "0:00:35.394344",
    "chunk_size": null,
    "eval_batch_size": 32768
}