{
    "function": "bin.model.main",
    "gpus": [
        "NVIDIA A100-SXM4-80GB"
    ],
    "config": {
        "seed": 4,
        "batch_size": 256,
        "patience": 16,
        "n_epochs": -1,
        "gradient_clipping_norm": 1.0,
        "amp": true,
        "data": {
            "cache": true,
            "path": "data/regression-cat-medium-1-Brazilian_houses",
            "num_policy": "noisy-quantile",
            "cat_policy": "ordinal"
        },
        "optimizer": {
            "type": "AdamW",
            "lr": 0.0029493837188771725,
            "weight_decay": 0.0747268213300676
        },
        "model": {
            "arch_type": "tabm",
            "k": 32,
            "share_training_batches": false,
            "backbone": {
                "type": "MLP",
                "n_blocks": 2,
                "d_block": 320,
                "dropout": 0.20183543795322934
            }
        }
    },
    "n_parameters": 169856,
    "prediction_type": "labels",
    "epoch_size": 30,
    "best_step": 2190,
    "metrics": {
        "train": {
            "rmse": 0.04134233384165055,
            "mae": 0.012160353362560272,
            "r2": 0.9973567038278046,
            "score": -0.04134233384165055
        },
        "val": {
            "rmse": 0.02381952323001648,
            "mae": 0.0111868716776371,
            "r2": 0.9990840853419065,
            "score": -0.02381952323001648
        },
        "test": {
            "rmse": 0.03419716762696661,
            "mae": 0.011655067093670368,
            "r2": 0.9980945516025816,
            "score": -0.03419716762696661
        }
    },
    "time": "0:00:06.729204",
    "chunk_size": null,
    "eval_batch_size": 32768
}