{
    "function": "bin.model.main",
    "gpus": [
        "NVIDIA A100-SXM4-40GB"
    ],
    "config": {
        "seed": 12,
        "batch_size": 256,
        "patience": 16,
        "n_epochs": -1,
        "gradient_clipping_norm": 1.0,
        "amp": true,
        "data": {
            "cache": true,
            "path": "data/regression-num-medium-1-pol",
            "num_policy": "noisy-quantile"
        },
        "optimizer": {
            "type": "AdamW",
            "lr": 0.001969020603988392,
            "weight_decay": 0.0
        },
        "model": {
            "arch_type": "tabm-mini",
            "k": 32,
            "backbone": {
                "type": "MLP",
                "n_blocks": 3,
                "d_block": 848,
                "dropout": 0.18773128072584913
            }
        }
    },
    "n_parameters": 1490800,
    "prediction_type": "labels",
    "epoch_size": 40,
    "best_step": 1200,
    "metrics": {
        "train": {
            "rmse": 3.4563822163959053,
            "mae": 2.0133867263793945,
            "r2": 0.9930804181295507,
            "score": -3.4563822163959053
        },
        "val": {
            "rmse": 4.713289651052309,
            "mae": 2.5378079414367676,
            "r2": 0.9876336299765446,
            "score": -4.713289651052309
        },
        "test": {
            "rmse": 4.278269154674454,
            "mae": 2.395660161972046,
            "r2": 0.9895778551220732,
            "score": -4.278269154674454
        }
    },
    "time": "0:00:05.440746",
    "chunk_size": null,
    "eval_batch_size": 32768
}