{
    "function": "bin.model.main",
    "gpus": [
        "NVIDIA A100-SXM4-80GB"
    ],
    "config": {
        "seed": 2,
        "batch_size": 512,
        "patience": 16,
        "n_epochs": -1,
        "gradient_clipping_norm": 1.0,
        "amp": true,
        "data": {
            "cache": true,
            "path": "data/black-friday",
            "num_policy": "noisy-quantile",
            "cat_policy": "ordinal"
        },
        "optimizer": {
            "type": "AdamW",
            "lr": 0.00018568748260621405,
            "weight_decay": 0.08170102265781035
        },
        "model": {
            "arch_type": "plain",
            "backbone": {
                "type": "MLP",
                "n_blocks": 3,
                "d_block": 800,
                "dropout": 0.4989644014278305
            }
        }
    },
    "n_parameters": 1301601,
    "prediction_type": "labels",
    "epoch_size": 209,
    "best_step": 39501,
    "metrics": {
        "train": {
            "rmse": 0.6673308332439596,
            "mae": 0.5184822082519531,
            "r2": 0.553914592381211,
            "score": -0.6673308332439596
        },
        "val": {
            "rmse": 0.6934947996460232,
            "mae": 0.5390132665634155,
            "r2": 0.5176957033346427,
            "score": -0.6934947996460232
        },
        "test": {
            "rmse": 0.6950491288542648,
            "mae": 0.5408754348754883,
            "r2": 0.5205544209610251,
            "score": -0.6950491288542648
        }
    },
    "time": "0:01:39.921529",
    "chunk_size": null,
    "eval_batch_size": 32768
}