{
    "function": "bin.model.main",
    "gpus": [
        "NVIDIA A100-SXM4-40GB"
    ],
    "config": {
        "seed": 3,
        "batch_size": 64,
        "patience": 16,
        "n_epochs": -1,
        "gradient_clipping_norm": 1.0,
        "amp": true,
        "data": {
            "cache": true,
            "path": "data/classif-num-medium-0-kdd_ipums_la_97-small",
            "num_policy": "noisy-quantile"
        },
        "optimizer": {
            "type": "AdamW",
            "lr": 0.00041856920893351083,
            "weight_decay": 0.0
        },
        "model": {
            "arch_type": "plain",
            "backbone": {
                "type": "MLP",
                "n_blocks": 4,
                "d_block": 816,
                "dropout": 0.4858011127652326
            }
        }
    },
    "n_parameters": 2018786,
    "prediction_type": "probs",
    "epoch_size": 57,
    "best_step": 1197,
    "metrics": {
        "train": {
            "0": {
                "precision": 0.9748901443816698,
                "recall": 0.8486338797814208,
                "f1-score": 0.9073911773298277,
                "support": 1830.0
            },
            "1": {
                "precision": 0.8640824337585868,
                "recall": 0.9777901166018879,
                "f1-score": 0.9174264131284189,
                "support": 1801.0
            },
            "accuracy": 0.9126962269347287,
            "macro avg": {
                "precision": 0.9194862890701283,
                "recall": 0.9132119981916543,
                "f1-score": 0.9124087952291233,
                "support": 3631.0
            },
            "weighted avg": {
                "precision": 0.9199287875014239,
                "recall": 0.9126962269347287,
                "f1-score": 0.9123687206163225,
                "support": 3631.0
            },
            "cross-entropy": 0.21846941444052217,
            "roc-auc": 0.9612191769599768,
            "score": 0.9126962269347287
        },
        "val": {
            "0": {
                "precision": 0.9537037037037037,
                "recall": 0.8512396694214877,
                "f1-score": 0.8995633187772927,
                "support": 242.0
            },
            "1": {
                "precision": 0.8565737051792829,
                "recall": 0.9555555555555556,
                "f1-score": 0.9033613445378151,
                "support": 225.0
            },
            "accuracy": 0.9014989293361885,
            "macro avg": {
                "precision": 0.9051387044414934,
                "recall": 0.9033976124885217,
                "f1-score": 0.9014623316575539,
                "support": 467.0
            },
            "weighted avg": {
                "precision": 0.9069065952069271,
                "recall": 0.9014989293361885,
                "f1-score": 0.9013932027090218,
                "support": 467.0
            },
            "cross-entropy": 0.26426467651408125,
            "roc-auc": 0.9542240587695133,
            "score": 0.9014989293361885
        },
        "test": {
            "0": {
                "precision": 0.91792656587473,
                "recall": 0.814176245210728,
                "f1-score": 0.8629441624365481,
                "support": 522.0
            },
            "1": {
                "precision": 0.8452950558213717,
                "recall": 0.9330985915492958,
                "f1-score": 0.8870292887029289,
                "support": 568.0
            },
            "accuracy": 0.8761467889908257,
            "macro avg": {
                "precision": 0.8816108108480508,
                "recall": 0.8736374183800119,
                "f1-score": 0.8749867255697386,
                "support": 1090.0
            },
            "weighted avg": {
                "precision": 0.8800782193515121,
                "recall": 0.8761467889908257,
                "f1-score": 0.8754949438304053,
                "support": 1090.0
            },
            "cross-entropy": 0.30036954433528457,
            "roc-auc": 0.9408035858831147,
            "score": 0.8761467889908257
        }
    },
    "time": "0:00:11.166610",
    "chunk_size": null,
    "eval_batch_size": 32768
}