{
    "function": "bin.model.main",
    "gpus": [
        "NVIDIA A100-SXM4-40GB"
    ],
    "config": {
        "seed": 11,
        "batch_size": 32,
        "patience": 16,
        "n_epochs": -1,
        "gradient_clipping_norm": 1.0,
        "amp": true,
        "data": {
            "cache": true,
            "path": "data/classif-num-medium-1-phoneme",
            "num_policy": "noisy-quantile"
        },
        "optimizer": {
            "type": "AdamW",
            "lr": 0.002089439048242737,
            "weight_decay": 0.00010118071906654977
        },
        "model": {
            "arch_type": "tabm-mini",
            "k": 32,
            "backbone": {
                "type": "MLP",
                "n_blocks": 2,
                "d_block": 384,
                "dropout": 0.0
            },
            "num_embeddings": {
                "type": "PiecewiseLinearEmbeddings",
                "d_embedding": 32
            }
        },
        "bins": {
            "n_bins": 94
        }
    },
    "n_parameters": 254784,
    "prediction_type": "probs",
    "epoch_size": 70,
    "best_step": 2310,
    "metrics": {
        "train": {
            "0": {
                "precision": 0.97856477166822,
                "recall": 0.9562841530054644,
                "f1-score": 0.9672961768770152,
                "support": 1098.0
            },
            "1": {
                "precision": 0.958151700087184,
                "recall": 0.9795008912655971,
                "f1-score": 0.9687086822388717,
                "support": 1122.0
            },
            "accuracy": 0.968018018018018,
            "macro avg": {
                "precision": 0.968358235877702,
                "recall": 0.9678925221355308,
                "f1-score": 0.9680024295579435,
                "support": 2220.0
            },
            "weighted avg": {
                "precision": 0.968247894950237,
                "recall": 0.968018018018018,
                "f1-score": 0.9680100647220615,
                "support": 2220.0
            },
            "cross-entropy": 0.09993940753546435,
            "roc-auc": 0.9958659237829922,
            "score": 0.968018018018018
        },
        "val": {
            "0": {
                "precision": 0.9428571428571428,
                "recall": 0.8741721854304636,
                "f1-score": 0.9072164948453608,
                "support": 151.0
            },
            "1": {
                "precision": 0.8689655172413793,
                "recall": 0.9402985074626866,
                "f1-score": 0.9032258064516129,
                "support": 134.0
            },
            "accuracy": 0.9052631578947369,
            "macro avg": {
                "precision": 0.905911330049261,
                "recall": 0.9072353464465751,
                "f1-score": 0.9052211506484868,
                "support": 285.0
            },
            "weighted avg": {
                "precision": 0.9081151153746434,
                "recall": 0.9052631578947369,
                "f1-score": 0.9053401711795284,
                "support": 285.0
            },
            "cross-entropy": 0.3095151218977638,
            "roc-auc": 0.9503311258278145,
            "score": 0.9052631578947369
        },
        "test": {
            "0": {
                "precision": 0.9140127388535032,
                "recall": 0.8516320474777448,
                "f1-score": 0.8817204301075269,
                "support": 337.0
            },
            "1": {
                "precision": 0.8583569405099151,
                "recall": 0.9181818181818182,
                "f1-score": 0.8872620790629575,
                "support": 330.0
            },
            "accuracy": 0.8845577211394303,
            "macro avg": {
                "precision": 0.8861848396817091,
                "recall": 0.8849069328297815,
                "f1-score": 0.8844912545852421,
                "support": 667.0
            },
            "weighted avg": {
                "precision": 0.8864768865995541,
                "recall": 0.8845577211394303,
                "f1-score": 0.884462175467785,
                "support": 667.0
            },
            "cross-entropy": 0.30121969700817,
            "roc-auc": 0.9553097743008722,
            "score": 0.8845577211394303
        }
    },
    "time": "0:00:09.512178",
    "chunk_size": null,
    "eval_batch_size": 32768
}