{
    "function": "bin.ensemble.main",
    "config": {
        "seeds": [
            0,
            1,
            2,
            3,
            4
        ],
        "data": {
            "path": "data/regression-cat-medium-4-analcatdata_supreme"
        }
    },
    "single_model_function": "bin.model.main",
    "prediction_type": "labels",
    "metrics": {
        "train": {
            "rmse": 0.07527866017287844,
            "mae": 0.02027607150375843,
            "r2": 0.9804080594372314,
            "score": -0.07527866017287844
        },
        "val": {
            "rmse": 0.061647009123092934,
            "mae": 0.018461013212800026,
            "r2": 0.9901408039761278,
            "score": -0.061647009123092934
        },
        "test": {
            "rmse": 0.08303945443185336,
            "mae": 0.02075488120317459,
            "r2": 0.9775902176611989,
            "score": -0.08303945443185336
        }
    }
}