{
    "function": "bin.ensemble.main",
    "config": {
        "seeds": [
            5,
            6,
            7,
            8,
            9
        ],
        "data": {
            "path": "data/homecredit-default"
        }
    },
    "single_model_function": "bin.model.main",
    "prediction_type": "probs",
    "metrics": {
        "train": {
            "0": {
                "precision": 0.9693823783311097,
                "recall": 0.999938322526926,
                "f1-score": 0.9844232976916728,
                "support": 259414.0
            },
            "1": {
                "precision": 0.7037037037037037,
                "recall": 0.00461669298991617,
                "f1-score": 0.009173204586602292,
                "support": 8231.0
            },
            "accuracy": 0.9693287750565114,
            "macro avg": {
                "precision": 0.8365430410174067,
                "recall": 0.5022775077584211,
                "f1-score": 0.49679825113913756,
                "support": 267645.0
            },
            "weighted avg": {
                "precision": 0.961211849567792,
                "recall": 0.9693287750565114,
                "f1-score": 0.9544310186789962,
                "support": 267645.0
            },
            "cross-entropy": 0.10606384924771992,
            "roc-auc": 0.866198888239944,
            "score": 0.866198888239944
        },
        "val": {
            "0": {
                "precision": 0.9556042137204531,
                "recall": 0.9999097977665927,
                "f1-score": 0.9772550955638619,
                "support": 55431.0
            },
            "1": {
                "precision": 0.7058823529411765,
                "recall": 0.004638577502899111,
                "f1-score": 0.009216589861751152,
                "support": 2587.0
            },
            "accuracy": 0.9555310420903858,
            "macro avg": {
                "precision": 0.8307432833308148,
                "recall": 0.502274187634746,
                "f1-score": 0.4932358427128065,
                "support": 58018.0
            },
            "weighted avg": {
                "precision": 0.9444692133096153,
                "recall": 0.9555310420903858,
                "f1-score": 0.9340906360124924,
                "support": 58018.0
            },
            "cross-entropy": 0.14804389404355128,
            "roc-auc": 0.8421055057623188,
            "score": 0.8421055057623188
        },
        "test": {
            "0": {
                "precision": 0.978243783938268,
                "recall": 0.9998904549769956,
                "f1-score": 0.9889486799812199,
                "support": 54772.0
            },
            "1": {
                "precision": 0.6470588235294118,
                "recall": 0.008950366151342554,
                "f1-score": 0.017656500802568215,
                "support": 1229.0
            },
            "accuracy": 0.97814324744201,
            "macro avg": {
                "precision": 0.8126513037338399,
                "recall": 0.5044204105641691,
                "f1-score": 0.5033025903918941,
                "support": 56001.0
            },
            "weighted avg": {
                "precision": 0.970975586649961,
                "recall": 0.97814324744201,
                "f1-score": 0.9676326661919918,
                "support": 56001.0
            },
            "cross-entropy": 0.08444439937595172,
            "roc-auc": 0.8588426736187595,
            "score": 0.8588426736187595
        }
    }
}