{
    "function": "bin.ensemble.main",
    "config": {
        "seeds": [
            0,
            1,
            2,
            3,
            4
        ],
        "data": {
            "path": "data/classif-num-medium-0-phoneme"
        }
    },
    "single_model_function": "bin.model.main",
    "prediction_type": "probs",
    "metrics": {
        "train": {
            "0": {
                "precision": 0.9752747252747253,
                "recall": 0.9717153284671532,
                "f1-score": 0.973491773308958,
                "support": 1096.0
            },
            "1": {
                "precision": 0.9725177304964538,
                "recall": 0.9759786476868327,
                "f1-score": 0.9742451154529307,
                "support": 1124.0
            },
            "accuracy": 0.9738738738738739,
            "macro avg": {
                "precision": 0.9738962278855896,
                "recall": 0.973846988076993,
                "f1-score": 0.9738684443809443,
                "support": 2220.0
            },
            "weighted avg": {
                "precision": 0.9738788414320331,
                "recall": 0.9738738738738739,
                "f1-score": 0.9738731951872577,
                "support": 2220.0
            },
            "cross-entropy": 0.101949629308534,
            "roc-auc": 0.9972116333740292,
            "score": 0.9738738738738739
        },
        "val": {
            "0": {
                "precision": 0.8972602739726028,
                "recall": 0.8733333333333333,
                "f1-score": 0.8851351351351352,
                "support": 150.0
            },
            "1": {
                "precision": 0.8633093525179856,
                "recall": 0.8888888888888888,
                "f1-score": 0.875912408759124,
                "support": 135.0
            },
            "accuracy": 0.8807017543859649,
            "macro avg": {
                "precision": 0.8802848132452942,
                "recall": 0.8811111111111111,
                "f1-score": 0.8805237719471296,
                "support": 285.0
            },
            "weighted avg": {
                "precision": 0.8811782585467315,
                "recall": 0.8807017543859649,
                "f1-score": 0.8807664752728142,
                "support": 285.0
            },
            "cross-entropy": 0.36665505740418014,
            "roc-auc": 0.930962962962963,
            "score": 0.8807017543859649
        },
        "test": {
            "0": {
                "precision": 0.9051987767584098,
                "recall": 0.8705882352941177,
                "f1-score": 0.8875562218890555,
                "support": 340.0
            },
            "1": {
                "precision": 0.8705882352941177,
                "recall": 0.9051987767584098,
                "f1-score": 0.8875562218890555,
                "support": 327.0
            },
            "accuracy": 0.8875562218890555,
            "macro avg": {
                "precision": 0.8878935060262637,
                "recall": 0.8878935060262637,
                "f1-score": 0.8875562218890555,
                "support": 667.0
            },
            "weighted avg": {
                "precision": 0.8882307901634721,
                "recall": 0.8875562218890555,
                "f1-score": 0.8875562218890555,
                "support": 667.0
            },
            "cross-entropy": 0.29937018807315374,
            "roc-auc": 0.9496582119086165,
            "score": 0.8875562218890555
        }
    }
}