{
    "function": "bin.model.main",
    "gpus": [
        "NVIDIA A100-SXM4-80GB"
    ],
    "config": {
        "seed": 8,
        "batch_size": 256,
        "patience": 16,
        "n_epochs": -1,
        "gradient_clipping_norm": 1.0,
        "amp": true,
        "data": {
            "cache": true,
            "path": "data/regression-cat-medium-0-OnlineNewsPopularity",
            "num_policy": "noisy-quantile"
        },
        "optimizer": {
            "type": "AdamW",
            "lr": 0.0007196705257380342,
            "weight_decay": 0.00017770901809990592
        },
        "model": {
            "arch_type": "tabm-mini",
            "k": 32,
            "share_training_batches": false,
            "backbone": {
                "type": "MLP",
                "n_blocks": 3,
                "d_block": 816,
                "dropout": 0.4158016185758534
            },
            "num_embeddings": {
                "type": "PiecewiseLinearEmbeddings",
                "d_embedding": 20
            }
        },
        "bins": {
            "n_bins": 12
        }
    },
    "n_parameters": 2159848,
    "prediction_type": "labels",
    "epoch_size": 40,
    "best_step": 1000,
    "metrics": {
        "train": {
            "rmse": 0.7692326387511057,
            "mae": 0.5665740370750427,
            "r2": 0.3165318553054359,
            "score": -0.7692326387511057
        },
        "val": {
            "rmse": 0.83861977744541,
            "mae": 0.6182396411895752,
            "r2": 0.1659427079120115,
            "score": -0.83861977744541
        },
        "test": {
            "rmse": 0.8568028537753474,
            "mae": 0.6272635459899902,
            "r2": 0.1586852155158237,
            "score": -0.8568028537753474
        }
    },
    "time": "0:00:07.682566",
    "chunk_size": null,
    "eval_batch_size": 32768
}