{
    "function": "bin.model.main",
    "gpus": [
        "NVIDIA A100-SXM4-80GB"
    ],
    "config": {
        "seed": 6,
        "batch_size": 256,
        "patience": 16,
        "n_epochs": -1,
        "gradient_clipping_norm": 1.0,
        "amp": true,
        "data": {
            "cache": true,
            "path": "data/regression-num-medium-0-pol",
            "num_policy": "noisy-quantile"
        },
        "optimizer": {
            "type": "AdamW",
            "lr": 0.0019209200091378172,
            "weight_decay": 0.00015785353284737672
        },
        "model": {
            "arch_type": "tabm-mini",
            "k": 32,
            "share_training_batches": false,
            "backbone": {
                "type": "MLP",
                "n_blocks": 4,
                "d_block": 320,
                "dropout": 0.050217230552938974
            },
            "num_embeddings": {
                "type": "PiecewiseLinearEmbeddingsV2",
                "d_embedding": 12
            }
        },
        "bins": {
            "n_bins": 38
        }
    },
    "n_parameters": 441056,
    "prediction_type": "labels",
    "epoch_size": 40,
    "best_step": 2200,
    "metrics": {
        "train": {
            "rmse": 1.5808650486803997,
            "mae": 0.7916958928108215,
            "r2": 0.9985484536985981,
            "score": -1.5808650486803997
        },
        "val": {
            "rmse": 2.276611629209933,
            "mae": 0.9911773204803467,
            "r2": 0.9970911206951993,
            "score": -2.276611629209933
        },
        "test": {
            "rmse": 2.329540769483503,
            "mae": 0.9755575060844421,
            "r2": 0.9969460497336039,
            "score": -2.329540769483503
        }
    },
    "time": "0:00:10.063135",
    "chunk_size": null,
    "eval_batch_size": 32768
}