{
    "function": "bin.model.main",
    "gpus": [
        "NVIDIA A100-SXM4-40GB"
    ],
    "config": {
        "seed": 2,
        "batch_size": 64,
        "patience": 16,
        "n_epochs": -1,
        "gradient_clipping_norm": 1.0,
        "amp": true,
        "data": {
            "cache": true,
            "path": "data/classif-cat-medium-1-KDDCup09_upselling",
            "num_policy": "noisy-quantile",
            "cat_policy": "ordinal"
        },
        "optimizer": {
            "type": "AdamW",
            "lr": 0.0006595608790455172,
            "weight_decay": 0.00017953529559974583
        },
        "model": {
            "arch_type": "tabm",
            "k": 32,
            "backbone": {
                "type": "MLP",
                "n_blocks": 5,
                "d_block": 768,
                "dropout": 0.45093960848637643
            }
        }
    },
    "n_parameters": 2835776,
    "prediction_type": "probs",
    "epoch_size": 57,
    "best_step": 2622,
    "metrics": {
        "train": {
            "0": {
                "precision": 0.8027750247770069,
                "recall": 0.906547285954113,
                "f1-score": 0.8515111695137977,
                "support": 1787.0
            },
            "1": {
                "precision": 0.893698281349459,
                "recall": 0.779134295227525,
                "f1-score": 0.8324933293803735,
                "support": 1802.0
            },
            "accuracy": 0.8425745332961828,
            "macro avg": {
                "precision": 0.8482366530632329,
                "recall": 0.8428407905908191,
                "f1-score": 0.8420022494470856,
                "support": 3589.0
            },
            "weighted avg": {
                "precision": 0.8484266570822614,
                "recall": 0.8425745332961828,
                "f1-score": 0.8419625075131204,
                "support": 3589.0
            },
            "cross-entropy": 0.2988706878952106,
            "roc-auc": 0.943126986305709,
            "score": 0.8425745332961828
        },
        "val": {
            "0": {
                "precision": 0.8,
                "recall": 0.9152542372881356,
                "f1-score": 0.8537549407114624,
                "support": 236.0
            },
            "1": {
                "precision": 0.8952879581151832,
                "recall": 0.76,
                "f1-score": 0.8221153846153847,
                "support": 225.0
            },
            "accuracy": 0.8394793926247288,
            "macro avg": {
                "precision": 0.8476439790575916,
                "recall": 0.8376271186440678,
                "f1-score": 0.8379351626634235,
                "support": 461.0
            },
            "weighted avg": {
                "precision": 0.846507137908712,
                "recall": 0.8394793926247288,
                "f1-score": 0.8383126410984093,
                "support": 461.0
            },
            "cross-entropy": 0.31994641758875675,
            "roc-auc": 0.9221280602636536,
            "score": 0.8394793926247288
        },
        "test": {
            "0": {
                "precision": 0.7516233766233766,
                "recall": 0.8558225508317929,
                "f1-score": 0.8003457216940363,
                "support": 541.0
            },
            "1": {
                "precision": 0.8311688311688312,
                "recall": 0.7150837988826816,
                "f1-score": 0.7687687687687689,
                "support": 537.0
            },
            "accuracy": 0.7857142857142857,
            "macro avg": {
                "precision": 0.7913961038961039,
                "recall": 0.7854531748572373,
                "f1-score": 0.7845572452314026,
                "support": 1078.0
            },
            "weighted avg": {
                "precision": 0.7912485242030697,
                "recall": 0.7857142857142857,
                "f1-score": 0.7846158295596498,
                "support": 1078.0
            },
            "cross-entropy": 0.3961300528808845,
            "roc-auc": 0.8971592023874678,
            "score": 0.7857142857142857
        }
    },
    "time": "0:00:42.166303",
    "chunk_size": null,
    "eval_batch_size": 32768
}