{
    "function": "bin.model.main",
    "gpus": [
        "NVIDIA A100-SXM4-80GB"
    ],
    "config": {
        "seed": 1,
        "batch_size": 256,
        "patience": 16,
        "n_epochs": -1,
        "gradient_clipping_norm": 1.0,
        "amp": true,
        "data": {
            "cache": true,
            "path": "data/regression-cat-medium-0-OnlineNewsPopularity",
            "num_policy": "noisy-quantile"
        },
        "optimizer": {
            "type": "AdamW",
            "lr": 0.0016250310047884735,
            "weight_decay": 0.00017560180370122442
        },
        "model": {
            "arch_type": "tabm",
            "k": 32,
            "share_training_batches": false,
            "backbone": {
                "type": "MLP",
                "n_blocks": 2,
                "d_block": 832,
                "dropout": 0.0
            },
            "num_embeddings": {
                "type": "PiecewiseLinearEmbeddings",
                "d_embedding": 8
            }
        },
        "bins": {
            "n_bins": 13
        }
    },
    "n_parameters": 1192632,
    "prediction_type": "labels",
    "epoch_size": 40,
    "best_step": 400,
    "metrics": {
        "train": {
            "rmse": 0.7731683436142084,
            "mae": 0.5707358121871948,
            "r2": 0.3095202166034453,
            "score": -0.7731683436142084
        },
        "val": {
            "rmse": 0.8396812104251179,
            "mae": 0.6213276982307434,
            "r2": 0.16383003931957796,
            "score": -0.8396812104251179
        },
        "test": {
            "rmse": 0.8553041273605541,
            "mae": 0.6284054517745972,
            "r2": 0.1616259710607747,
            "score": -0.8553041273605541
        }
    },
    "time": "0:00:06.322722",
    "chunk_size": null,
    "eval_batch_size": 32768
}