{
    "function": "bin.model.main",
    "gpus": [
        "NVIDIA A100-SXM4-80GB"
    ],
    "config": {
        "seed": 0,
        "batch_size": 512,
        "patience": 16,
        "n_epochs": -1,
        "gradient_clipping_norm": 1.0,
        "amp": true,
        "data": {
            "cache": true,
            "path": "data/classif-cat-large-0-road-safety",
            "num_policy": "noisy-quantile",
            "cat_policy": "ordinal"
        },
        "optimizer": {
            "type": "AdamW",
            "lr": 0.0006791149550840584,
            "weight_decay": 0.0
        },
        "model": {
            "arch_type": "tabm",
            "k": 32,
            "share_training_batches": false,
            "backbone": {
                "type": "MLP",
                "n_blocks": 3,
                "d_block": 896,
                "dropout": 0.44956033841649623
            },
            "num_embeddings": {
                "type": "PiecewiseLinearEmbeddings",
                "d_embedding": 16
            }
        },
        "bins": {
            "n_bins": 100
        }
    },
    "n_parameters": 2375904,
    "prediction_type": "probs",
    "epoch_size": 98,
    "best_step": 12250,
    "metrics": {
        "train": {
            "0": {
                "precision": 0.9999202996732287,
                "recall": 0.998567335243553,
                "f1-score": 0.9992433594838915,
                "support": 25128.0
            },
            "1": {
                "precision": 0.9985545651650205,
                "recall": 0.9999195882920553,
                "f1-score": 0.9992366105508458,
                "support": 24872.0
            },
            "accuracy": 0.99924,
            "macro avg": {
                "precision": 0.9992374324191247,
                "recall": 0.9992434617678041,
                "f1-score": 0.9992399850173687,
                "support": 50000.0
            },
            "weighted avg": {
                "precision": 0.9992409286994656,
                "recall": 0.99924,
                "f1-score": 0.9992400022946374,
                "support": 50000.0
            },
            "cross-entropy": 0.07914865679705586,
            "roc-auc": 0.9999978031424106,
            "score": 0.99924
        },
        "val": {
            "0": {
                "precision": 0.8264407535391818,
                "recall": 0.7936202098051809,
                "f1-score": 0.8096980287227652,
                "support": 9342.0
            },
            "1": {
                "precision": 0.7982630532593911,
                "recall": 0.8305029392553887,
                "f1-score": 0.8140639171957531,
                "support": 9186.0
            },
            "accuracy": 0.8119063039723662,
            "macro avg": {
                "precision": 0.8123519033992864,
                "recall": 0.8120615745302848,
                "f1-score": 0.8118809729592591,
                "support": 18528.0
            },
            "weighted avg": {
                "precision": 0.8124705271375109,
                "recall": 0.8119063039723662,
                "f1-score": 0.8118625932474234,
                "support": 18528.0
            },
            "cross-entropy": 0.39790650324874666,
            "roc-auc": 0.9068492339132883,
            "score": 0.8119063039723662
        },
        "test": {
            "0": {
                "precision": 0.8216414264777724,
                "recall": 0.7855308019242445,
                "f1-score": 0.8031804398175784,
                "support": 21411.0
            },
            "1": {
                "precision": 0.7982779827798278,
                "recall": 0.8326994455391101,
                "f1-score": 0.8151254850068407,
                "support": 21823.0
            },
            "accuracy": 0.8093398713975112,
            "macro avg": {
                "precision": 0.8099597046288001,
                "recall": 0.8091151237316774,
                "f1-score": 0.8091529624122096,
                "support": 43234.0
            },
            "weighted avg": {
                "precision": 0.8098483832289348,
                "recall": 0.8093398713975112,
                "f1-score": 0.8092098777868912,
                "support": 43234.0
            },
            "cross-entropy": 0.40307507932524195,
            "roc-auc": 0.9052498554779576,
            "score": 0.8093398713975112
        }
    },
    "time": "0:03:04.117493",
    "chunk_size": null,
    "eval_batch_size": 32768
}