{
    "function": "bin.model.main",
    "gpus": [
        "NVIDIA A100-SXM4-80GB"
    ],
    "config": {
        "seed": 14,
        "batch_size": 64,
        "patience": 16,
        "n_epochs": -1,
        "gradient_clipping_norm": 1.0,
        "amp": true,
        "data": {
            "cache": true,
            "path": "data/classif-cat-medium-2-KDDCup09_upselling",
            "num_policy": "noisy-quantile",
            "cat_policy": "ordinal"
        },
        "optimizer": {
            "type": "AdamW",
            "lr": 0.0005567442072532618,
            "weight_decay": 0.0
        },
        "model": {
            "arch_type": "plain",
            "backbone": {
                "type": "MLP",
                "n_blocks": 2,
                "d_block": 96,
                "dropout": 0.09110643786400326
            },
            "num_embeddings": {
                "type": "PeriodicEmbeddings",
                "n_frequencies": 56,
                "d_embedding": 20,
                "frequency_init_scale": 0.10107888431380697,
                "lite": true
            }
        }
    },
    "n_parameters": 85574,
    "prediction_type": "probs",
    "epoch_size": 57,
    "best_step": 684,
    "metrics": {
        "train": {
            "0": {
                "precision": 0.7755294117647059,
                "recall": 0.9237668161434978,
                "f1-score": 0.8431823995906881,
                "support": 1784.0
            },
            "1": {
                "precision": 0.907103825136612,
                "recall": 0.7357340720221607,
                "f1-score": 0.812480881003365,
                "support": 1805.0
            },
            "accuracy": 0.8292003343549735,
            "macro avg": {
                "precision": 0.841316618450659,
                "recall": 0.8297504440828292,
                "f1-score": 0.8278316402970265,
                "support": 3589.0
            },
            "weighted avg": {
                "precision": 0.8417015533462859,
                "recall": 0.8292003343549735,
                "f1-score": 0.8277418197494737,
                "support": 3589.0
            },
            "cross-entropy": 0.3284535402152696,
            "roc-auc": 0.9295863197644808,
            "score": 0.8292003343549735
        },
        "val": {
            "0": {
                "precision": 0.7951388888888888,
                "recall": 0.9271255060728745,
                "f1-score": 0.8560747663551401,
                "support": 247.0
            },
            "1": {
                "precision": 0.8953488372093024,
                "recall": 0.7230046948356808,
                "f1-score": 0.8,
                "support": 213.0
            },
            "accuracy": 0.8326086956521739,
            "macro avg": {
                "precision": 0.8452438630490956,
                "recall": 0.8250651004542776,
                "f1-score": 0.82803738317757,
                "support": 460.0
            },
            "weighted avg": {
                "precision": 0.8415404519155151,
                "recall": 0.8326086956521739,
                "f1-score": 0.8301097114993905,
                "support": 460.0
            },
            "cross-entropy": 0.3670710522685906,
            "roc-auc": 0.9091254680580105,
            "score": 0.8326086956521739
        },
        "test": {
            "0": {
                "precision": 0.7631160572337043,
                "recall": 0.903954802259887,
                "f1-score": 0.8275862068965517,
                "support": 531.0
            },
            "1": {
                "precision": 0.8861607142857143,
                "recall": 0.7271062271062271,
                "f1-score": 0.7987927565392353,
                "support": 546.0
            },
            "accuracy": 0.8142989786443825,
            "macro avg": {
                "precision": 0.8246383857597093,
                "recall": 0.815530514683057,
                "f1-score": 0.8131894817178935,
                "support": 1077.0
            },
            "weighted avg": {
                "precision": 0.8254952427029685,
                "recall": 0.8142989786443825,
                "f1-score": 0.8129889702251545,
                "support": 1077.0
            },
            "cross-entropy": 0.3709434163161869,
            "roc-auc": 0.904518739264502,
            "score": 0.8142989786443825
        }
    },
    "time": "0:00:04.909333",
    "chunk_size": null,
    "eval_batch_size": 32768
}