{
    "function": "bin.model.main",
    "gpus": [
        "NVIDIA A100-SXM4-80GB"
    ],
    "config": {
        "seed": 5,
        "batch_size": 512,
        "patience": 16,
        "n_epochs": -1,
        "gradient_clipping_norm": 1.0,
        "amp": true,
        "data": {
            "cache": true,
            "path": "data/classif-num-large-0-MiniBooNE",
            "num_policy": "noisy-quantile"
        },
        "optimizer": {
            "type": "AdamW",
            "lr": 0.0029800881797794384,
            "weight_decay": 0.02716454670970143
        },
        "model": {
            "arch_type": "tabm",
            "k": 32,
            "share_training_batches": false,
            "backbone": {
                "type": "MLP",
                "n_blocks": 4,
                "d_block": 1008,
                "dropout": 0.16802821625128522
            }
        }
    },
    "n_parameters": 3519584,
    "prediction_type": "probs",
    "epoch_size": 98,
    "best_step": 1176,
    "metrics": {
        "train": {
            "0": {
                "precision": 0.9785962758338449,
                "recall": 0.9519487240734106,
                "f1-score": 0.9650885902248053,
                "support": 25119.0
            },
            "1": {
                "precision": 0.9527870134950127,
                "recall": 0.9789799445359914,
                "f1-score": 0.9657059033421878,
                "support": 24881.0
            },
            "accuracy": 0.9654,
            "macro avg": {
                "precision": 0.9656916446644288,
                "recall": 0.9654643343047009,
                "f1-score": 0.9653972467834966,
                "support": 50000.0
            },
            "weighted avg": {
                "precision": 0.9657530707087952,
                "recall": 0.9654,
                "f1-score": 0.9653957775782772,
                "support": 50000.0
            },
            "cross-entropy": 0.09869281508618971,
            "roc-auc": 0.9939446796009725,
            "score": 0.9654
        },
        "val": {
            "0": {
                "precision": 0.967978848413631,
                "recall": 0.9366117111995452,
                "f1-score": 0.9520369835307715,
                "support": 3518.0
            },
            "1": {
                "precision": 0.9361945636623749,
                "recall": 0.9677610174504584,
                "f1-score": 0.951716114019779,
                "support": 3381.0
            },
            "accuracy": 0.9518770836353094,
            "macro avg": {
                "precision": 0.9520867060380029,
                "recall": 0.9521863643250018,
                "f1-score": 0.9518765487752752,
                "support": 6899.0
            },
            "weighted avg": {
                "precision": 0.9524022914134864,
                "recall": 0.9518770836353094,
                "f1-score": 0.9518797346806969,
                "support": 6899.0
            },
            "cross-entropy": 0.13024169188789667,
            "roc-auc": 0.9880726643674252,
            "score": 0.9518770836353094
        },
        "test": {
            "0": {
                "precision": 0.9589736910653817,
                "recall": 0.936530145001272,
                "f1-score": 0.9476190476190476,
                "support": 7862.0
            },
            "1": {
                "precision": 0.9407433796461228,
                "recall": 0.9617579215733884,
                "f1-score": 0.9511345899867931,
                "support": 8237.0
            },
            "accuracy": 0.9494378532828126,
            "macro avg": {
                "precision": 0.9498585353557523,
                "recall": 0.9491440332873302,
                "f1-score": 0.9493768188029204,
                "support": 16099.0
            },
            "weighted avg": {
                "precision": 0.9496462126406078,
                "recall": 0.9494378532828126,
                "f1-score": 0.9494177632214528,
                "support": 16099.0
            },
            "cross-entropy": 0.1376778599959728,
            "roc-auc": 0.9873077291423221,
            "score": 0.9494378532828126
        }
    },
    "time": "0:00:30.713325",
    "chunk_size": null,
    "eval_batch_size": 32768
}