{
    "function": "bin.ensemble.main",
    "config": {
        "seeds": [
            0,
            1,
            2,
            3,
            4
        ],
        "data": {
            "path": "data/regression-num-medium-1-elevators"
        }
    },
    "single_model_function": "bin.model.main",
    "prediction_type": "labels",
    "metrics": {
        "train": {
            "rmse": 0.0015010449751143827,
            "mae": 0.0011449487647041678,
            "r2": 0.9501924045986554,
            "score": -0.0015010449751143827
        },
        "val": {
            "rmse": 0.001860943073797115,
            "mae": 0.0013822754845023155,
            "r2": 0.9229132664458276,
            "score": -0.001860943073797115
        },
        "test": {
            "rmse": 0.0018371457128401186,
            "mae": 0.0013650518376380205,
            "r2": 0.9248808345086352,
            "score": -0.0018371457128401186
        }
    }
}