{
    "function": "bin.ensemble.main",
    "config": {
        "seeds": [
            10,
            11,
            12,
            13,
            14
        ],
        "data": {
            "path": "data/regression-num-medium-0-medical_charges"
        }
    },
    "single_model_function": "bin.model.main",
    "prediction_type": "labels",
    "metrics": {
        "train": {
            "rmse": 0.07887105558185789,
            "mae": 0.05083552747964859,
            "r2": 0.9801388259349625,
            "score": -0.07887105558185789
        },
        "val": {
            "rmse": 0.08220744511053091,
            "mae": 0.0518413707613945,
            "r2": 0.9789531960107241,
            "score": -0.08220744511053091
        },
        "test": {
            "rmse": 0.08135576803055548,
            "mae": 0.0513969287276268,
            "r2": 0.9794364617869532,
            "score": -0.08135576803055548
        }
    }
}