{
    "function": "bin.model.main",
    "gpus": [
        "NVIDIA A100-SXM4-80GB"
    ],
    "config": {
        "seed": 11,
        "batch_size": 1024,
        "patience": 16,
        "n_epochs": -1,
        "gradient_clipping_norm": 1.0,
        "amp": true,
        "data": {
            "cache": true,
            "path": "data/ecom-offers",
            "num_policy": "noisy-quantile"
        },
        "optimizer": {
            "type": "AdamW",
            "lr": 0.00024262819114537424,
            "weight_decay": 0.0001501852317298042
        },
        "model": {
            "arch_type": "tabm",
            "k": 32,
            "share_training_batches": false,
            "backbone": {
                "type": "MLP",
                "n_blocks": 1,
                "d_block": 960,
                "dropout": 0.0
            },
            "num_embeddings": {
                "type": "PiecewiseLinearEmbeddingsV2",
                "d_embedding": 16
            }
        },
        "bins": {
            "n_bins": 47
        }
    },
    "n_parameters": 1867072,
    "prediction_type": "probs",
    "epoch_size": 107,
    "best_step": 428,
    "metrics": {
        "train": {
            "0": {
                "precision": 0.7860622527289194,
                "recall": 0.979507953290013,
                "f1-score": 0.8721876090842738,
                "support": 84179.0
            },
            "1": {
                "precision": 0.6120107962213225,
                "recall": 0.10813925761068277,
                "f1-score": 0.1838016752229127,
                "support": 25162.0
            },
            "accuracy": 0.7789850101974557,
            "macro avg": {
                "precision": 0.6990365244751209,
                "recall": 0.5438236054503478,
                "f1-score": 0.5279946421535933,
                "support": 109341.0
            },
            "weighted avg": {
                "precision": 0.7460088167017734,
                "recall": 0.7789850101974557,
                "f1-score": 0.7137734106791048,
                "support": 109341.0
            },
            "cross-entropy": 0.49028022328477194,
            "roc-auc": 0.7033473227131968,
            "score": 0.7033473227131968
        },
        "val": {
            "0": {
                "precision": 0.6697124428916957,
                "recall": 0.9635262276066503,
                "f1-score": 0.7901913117006658,
                "support": 15518.0
            },
            "1": {
                "precision": 0.7074935400516796,
                "recall": 0.15658240878417018,
                "f1-score": 0.2564150589998127,
                "support": 8743.0
            },
            "accuracy": 0.6727257738757677,
            "macro avg": {
                "precision": 0.6886029914716877,
                "recall": 0.5600543181954103,
                "f1-score": 0.5233031853502392,
                "support": 24261.0
            },
            "weighted avg": {
                "precision": 0.6833277156533188,
                "recall": 0.6727257738757677,
                "f1-score": 0.5978329679653063,
                "support": 24261.0
            },
            "cross-entropy": 0.7284289419484571,
            "roc-auc": 0.6195581066698221,
            "score": 0.6195581066698221
        },
        "test": {
            "0": {
                "precision": 0.6531703290223673,
                "recall": 0.9819170310837962,
                "f1-score": 0.7844951724463539,
                "support": 16922.0
            },
            "1": {
                "precision": 0.6988188976377953,
                "recall": 0.07447812860589531,
                "f1-score": 0.13460991563181343,
                "support": 9533.0
            },
            "accuracy": 0.6549234549234549,
            "macro avg": {
                "precision": 0.6759946133300813,
                "recall": 0.5281975798448457,
                "f1-score": 0.4595525440390837,
                "support": 26455.0
            },
            "weighted avg": {
                "precision": 0.6696196884860178,
                "recall": 0.6549234549234549,
                "f1-score": 0.5503104756702052,
                "support": 26455.0
            },
            "cross-entropy": 0.8196160764723868,
            "roc-auc": 0.5889508737884275,
            "score": 0.5889508737884275
        }
    },
    "time": "0:00:43.836199",
    "chunk_size": null,
    "eval_batch_size": 32768
}