{
    "function": "bin.ensemble.main",
    "config": {
        "seeds": [
            0,
            1,
            2,
            3,
            4
        ],
        "data": {
            "path": "data/regression-cat-medium-2-analcatdata_supreme"
        }
    },
    "single_model_function": "bin.model.main",
    "prediction_type": "labels",
    "metrics": {
        "train": {
            "rmse": 0.048330770951224955,
            "mae": 0.010898048989474773,
            "r2": 0.9921679137956729,
            "score": -0.048330770951224955
        },
        "val": {
            "rmse": 0.09009661024947242,
            "mae": 0.02075357735157013,
            "r2": 0.9786678330530691,
            "score": -0.09009661024947242
        },
        "test": {
            "rmse": 0.07906515849679836,
            "mae": 0.016605598852038383,
            "r2": 0.9774808290947421,
            "score": -0.07906515849679836
        }
    }
}