{
    "function": "bin.model.main",
    "gpus": [
        "NVIDIA A100-SXM4-80GB"
    ],
    "config": {
        "seed": 1,
        "batch_size": 512,
        "patience": 16,
        "n_epochs": -1,
        "gradient_clipping_norm": 1.0,
        "amp": true,
        "data": {
            "cache": true,
            "path": "data/regression-cat-large-0-nyc-taxi-green-dec-2016",
            "num_policy": "noisy-quantile",
            "cat_policy": "ordinal"
        },
        "optimizer": {
            "type": "AdamW",
            "lr": 0.002482099618606826,
            "weight_decay": 0.00018563686141283205
        },
        "model": {
            "arch_type": "tabm-mini",
            "k": 32,
            "share_training_batches": false,
            "backbone": {
                "type": "MLP",
                "n_blocks": 5,
                "d_block": 208,
                "dropout": 0.0
            }
        }
    },
    "n_parameters": 187504,
    "prediction_type": "labels",
    "epoch_size": 98,
    "best_step": 2842,
    "metrics": {
        "train": {
            "rmse": 0.371148296162095,
            "mae": 0.239963561296463,
            "r2": 0.6114111009399292,
            "score": -0.371148296162095
        },
        "val": {
            "rmse": 0.3845574643694884,
            "mae": 0.24647992849349976,
            "r2": 0.5863368933684515,
            "score": -0.3845574643694884
        },
        "test": {
            "rmse": 0.38562069681817784,
            "mae": 0.24610275030136108,
            "r2": 0.5823867374960373,
            "score": -0.38562069681817784
        }
    },
    "time": "0:00:16.606454",
    "chunk_size": null,
    "eval_batch_size": 32768
}