{
    "function": "bin.model.main",
    "gpus": [
        "NVIDIA A100-SXM4-80GB"
    ],
    "config": {
        "seed": 3,
        "batch_size": 256,
        "patience": 16,
        "n_epochs": -1,
        "gradient_clipping_norm": 1.0,
        "amp": true,
        "data": {
            "cache": true,
            "path": "data/regression-num-medium-1-pol",
            "num_policy": "noisy-quantile"
        },
        "optimizer": {
            "type": "AdamW",
            "lr": 0.002257251598817944,
            "weight_decay": 0.0
        },
        "model": {
            "arch_type": "tabm-mini",
            "k": 32,
            "share_training_batches": false,
            "backbone": {
                "type": "MLP",
                "n_blocks": 4,
                "d_block": 304,
                "dropout": 0.0
            },
            "num_embeddings": {
                "type": "PiecewiseLinearEmbeddings",
                "d_embedding": 28
            }
        },
        "bins": {
            "n_bins": 23
        }
    },
    "n_parameters": 551032,
    "prediction_type": "labels",
    "epoch_size": 40,
    "best_step": 2720,
    "metrics": {
        "train": {
            "rmse": 1.3761735589663804,
            "mae": 0.6430511474609375,
            "r2": 0.9989030602871881,
            "score": -1.3761735589663804
        },
        "val": {
            "rmse": 2.218018317130621,
            "mae": 0.9653182625770569,
            "r2": 0.9972614271034179,
            "score": -2.218018317130621
        },
        "test": {
            "rmse": 2.3023519805150117,
            "mae": 0.9864690899848938,
            "r2": 0.9969816863504868,
            "score": -2.3023519805150117
        }
    },
    "time": "0:00:11.199960",
    "chunk_size": null,
    "eval_batch_size": 32768
}