{
    "function": "bin.model.main",
    "gpus": [
        "NVIDIA A100-SXM4-40GB"
    ],
    "config": {
        "seed": 4,
        "batch_size": 32,
        "patience": 16,
        "n_epochs": -1,
        "gradient_clipping_norm": 1.0,
        "amp": true,
        "data": {
            "cache": true,
            "path": "data/classif-num-medium-1-phoneme",
            "num_policy": "noisy-quantile"
        },
        "optimizer": {
            "type": "AdamW",
            "lr": 0.00019674869321382966,
            "weight_decay": 0.0
        },
        "model": {
            "arch_type": "plain",
            "backbone": {
                "type": "MLP",
                "n_blocks": 3,
                "d_block": 496,
                "dropout": 0.0
            },
            "num_embeddings": {
                "type": "PeriodicEmbeddings",
                "n_frequencies": 92,
                "d_embedding": 28,
                "frequency_init_scale": 0.48391840837630795,
                "lite": false
            }
        }
    },
    "n_parameters": 590314,
    "prediction_type": "probs",
    "epoch_size": 70,
    "best_step": 2660,
    "metrics": {
        "train": {
            "0": {
                "precision": 0.9972677595628415,
                "recall": 0.9972677595628415,
                "f1-score": 0.9972677595628415,
                "support": 1098.0
            },
            "1": {
                "precision": 0.9973262032085561,
                "recall": 0.9973262032085561,
                "f1-score": 0.9973262032085561,
                "support": 1122.0
            },
            "accuracy": 0.9972972972972973,
            "macro avg": {
                "precision": 0.9972969813856989,
                "recall": 0.9972969813856989,
                "f1-score": 0.9972969813856989,
                "support": 2220.0
            },
            "weighted avg": {
                "precision": 0.9972972972972973,
                "recall": 0.9972972972972973,
                "f1-score": 0.9972972972972973,
                "support": 2220.0
            },
            "cross-entropy": 0.0077716679551731345,
            "roc-auc": 0.9999699664598412,
            "score": 0.9972972972972973
        },
        "val": {
            "0": {
                "precision": 0.9090909090909091,
                "recall": 0.9271523178807947,
                "f1-score": 0.9180327868852459,
                "support": 151.0
            },
            "1": {
                "precision": 0.916030534351145,
                "recall": 0.8955223880597015,
                "f1-score": 0.9056603773584906,
                "support": 134.0
            },
            "accuracy": 0.9122807017543859,
            "macro avg": {
                "precision": 0.912560721721027,
                "recall": 0.9113373529702481,
                "f1-score": 0.9118465821218682,
                "support": 285.0
            },
            "weighted avg": {
                "precision": 0.9123537504413358,
                "recall": 0.9122807017543859,
                "f1-score": 0.9122155838095084,
                "support": 285.0
            },
            "cross-entropy": 0.8028435838625996,
            "roc-auc": 0.9443263813383413,
            "score": 0.9122807017543859
        },
        "test": {
            "0": {
                "precision": 0.913312693498452,
                "recall": 0.8753709198813057,
                "f1-score": 0.8939393939393939,
                "support": 337.0
            },
            "1": {
                "precision": 0.877906976744186,
                "recall": 0.9151515151515152,
                "f1-score": 0.8961424332344213,
                "support": 330.0
            },
            "accuracy": 0.8950524737631185,
            "macro avg": {
                "precision": 0.8956098351213191,
                "recall": 0.8952612175164104,
                "f1-score": 0.8950409135869076,
                "support": 667.0
            },
            "weighted avg": {
                "precision": 0.8957956222407191,
                "recall": 0.8950524737631185,
                "f1-score": 0.8950293534106969,
                "support": 667.0
            },
            "cross-entropy": 0.7878647822587931,
            "roc-auc": 0.9500269759913675,
            "score": 0.8950524737631185
        }
    },
    "time": "0:00:10.973639",
    "chunk_size": null,
    "eval_batch_size": 32768
}