{
    "function": "bin.ensemble.main",
    "config": {
        "seeds": [
            10,
            11,
            12,
            13,
            14
        ],
        "data": {
            "path": "data/higgs-small"
        }
    },
    "single_model_function": "bin.model.main",
    "prediction_type": "probs",
    "metrics": {
        "train": {
            "0": {
                "precision": 0.7728861885204168,
                "recall": 0.7697248326685147,
                "f1-score": 0.7713022712260555,
                "support": 29582.0
            },
            "1": {
                "precision": 0.7953739861820367,
                "recall": 0.7982754982061564,
                "f1-score": 0.7968221008441294,
                "support": 33169.0
            },
            "accuracy": 0.7848161782282355,
            "macro avg": {
                "precision": 0.7841300873512267,
                "recall": 0.7840001654373355,
                "f1-score": 0.7840621860350925,
                "support": 62751.0
            },
            "weighted avg": {
                "precision": 0.7847728159946924,
                "recall": 0.7848161782282355,
                "f1-score": 0.7847915738443706,
                "support": 62751.0
            },
            "cross-entropy": 0.4566178129787717,
            "roc-auc": 0.8709071215650659,
            "score": 0.7848161782282355
        },
        "val": {
            "0": {
                "precision": 0.7276388888888888,
                "recall": 0.7083558680367766,
                "f1-score": 0.7178679090161687,
                "support": 7396.0
            },
            "1": {
                "precision": 0.7458765315739868,
                "recall": 0.7635069946936807,
                "f1-score": 0.7545887961859358,
                "support": 8292.0
            },
            "accuracy": 0.7375063742988271,
            "macro avg": {
                "precision": 0.7367577102314378,
                "recall": 0.7359314313652286,
                "f1-score": 0.7362283526010522,
                "support": 15688.0
            },
            "weighted avg": {
                "precision": 0.7372785200174478,
                "recall": 0.7375063742988271,
                "f1-score": 0.73727698578897,
                "support": 15688.0
            },
            "cross-entropy": 0.5136715931789335,
            "roc-auc": 0.8207392387170599,
            "score": 0.7375063742988271
        },
        "test": {
            "0": {
                "precision": 0.7203019033034347,
                "recall": 0.7122769064359114,
                "f1-score": 0.7162669277206721,
                "support": 9245.0
            },
            "1": {
                "precision": 0.745892243026366,
                "recall": 0.7533043897732754,
                "f1-score": 0.7495799932798923,
                "support": 10365.0
            },
            "accuracy": 0.7339622641509433,
            "macro avg": {
                "precision": 0.7330970731649004,
                "recall": 0.7327906481045934,
                "f1-score": 0.7329234605002822,
                "support": 19610.0
            },
            "weighted avg": {
                "precision": 0.7338278528816183,
                "recall": 0.7339622641509433,
                "f1-score": 0.7338747770078378,
                "support": 19610.0
            },
            "cross-entropy": 0.5201378755620074,
            "roc-auc": 0.8156603339910466,
            "score": 0.7339622641509433
        }
    }
}