{
    "function": "bin.model.main",
    "gpus": [
        "NVIDIA A100-SXM4-80GB"
    ],
    "config": {
        "seed": 11,
        "batch_size": 1024,
        "patience": 16,
        "n_epochs": -1,
        "gradient_clipping_norm": 1.0,
        "amp": true,
        "data": {
            "cache": true,
            "path": "data/microsoft",
            "num_policy": "noisy-quantile"
        },
        "optimizer": {
            "type": "AdamW",
            "lr": 3.5561744969003275e-05,
            "weight_decay": 0.037414078721369634
        },
        "model": {
            "arch_type": "plain",
            "backbone": {
                "type": "MLP",
                "n_blocks": 4,
                "d_block": 736,
                "dropout": 0.47004815801361105
            },
            "num_embeddings": {
                "type": "PiecewiseLinearEmbeddingsV2",
                "d_embedding": 8
            }
        },
        "bins": {
            "n_bins": 15
        }
    },
    "n_parameters": 2425273,
    "prediction_type": "labels",
    "epoch_size": 707,
    "best_step": 42420,
    "metrics": {
        "train": {
            "rmse": 0.7103889361103135,
            "mae": 0.5603299736976624,
            "r2": 0.2533540141325835,
            "score": -0.7103889361103135
        },
        "val": {
            "rmse": 0.7426900667902041,
            "mae": 0.5825159549713135,
            "r2": 0.1993797018855381,
            "score": -0.7426900667902041
        },
        "test": {
            "rmse": 0.7457783217005981,
            "mae": 0.5830137729644775,
            "r2": 0.1979300535852696,
            "score": -0.7457783217005981
        }
    },
    "time": "0:02:54.071906",
    "chunk_size": null,
    "eval_batch_size": 32768
}