{
    "function": "bin.model.main",
    "gpus": [
        "NVIDIA A100-SXM4-40GB"
    ],
    "config": {
        "seed": 12,
        "batch_size": 256,
        "patience": 16,
        "n_epochs": -1,
        "gradient_clipping_norm": 1.0,
        "amp": true,
        "data": {
            "cache": true,
            "path": "data/classif-num-medium-2-MagicTelescope",
            "num_policy": "noisy-quantile"
        },
        "optimizer": {
            "type": "AdamW",
            "lr": 0.0001555340697355621,
            "weight_decay": 0.001055299503498728
        },
        "model": {
            "arch_type": "plain",
            "backbone": {
                "type": "MLP",
                "n_blocks": 5,
                "d_block": 992,
                "dropout": 0.0
            }
        }
    },
    "n_parameters": 3953122,
    "prediction_type": "probs",
    "epoch_size": 37,
    "best_step": 666,
    "metrics": {
        "train": {
            "0": {
                "precision": 0.8737727910238429,
                "recall": 0.9346335190741535,
                "f1-score": 0.9031790411100756,
                "support": 4666.0
            },
            "1": {
                "precision": 0.9302378774016469,
                "recall": 0.8658718330849479,
                "f1-score": 0.896901532693792,
                "support": 4697.0
            },
            "accuracy": 0.9001388443874826,
            "macro avg": {
                "precision": 0.9020053342127449,
                "recall": 0.9002526760795506,
                "f1-score": 0.9000402869019338,
                "support": 9363.0
            },
            "weighted avg": {
                "precision": 0.9020988094705529,
                "recall": 0.9001388443874826,
                "f1-score": 0.9000298947861107,
                "support": 9363.0
            },
            "cross-entropy": 0.23687535521806344,
            "roc-auc": 0.9639290375221037,
            "score": 0.9001388443874826
        },
        "val": {
            "0": {
                "precision": 0.8254211332312404,
                "recall": 0.8983333333333333,
                "f1-score": 0.8603351955307262,
                "support": 600.0
            },
            "1": {
                "precision": 0.889090909090909,
                "recall": 0.8109452736318408,
                "f1-score": 0.8482220294882915,
                "support": 603.0
            },
            "accuracy": 0.8545303408146301,
            "macro avg": {
                "precision": 0.8572560211610747,
                "recall": 0.854639303482587,
                "f1-score": 0.8542786125095089,
                "support": 1203.0
            },
            "weighted avg": {
                "precision": 0.8573354099090296,
                "recall": 0.8545303408146301,
                "f1-score": 0.8542635088112017,
                "support": 1203.0
            },
            "cross-entropy": 0.3524168327502692,
            "roc-auc": 0.9280058043117745,
            "score": 0.8545303408146301
        },
        "test": {
            "0": {
                "precision": 0.8317152103559871,
                "recall": 0.9036568213783404,
                "f1-score": 0.8661948095719582,
                "support": 1422.0
            },
            "1": {
                "precision": 0.891699604743083,
                "recall": 0.8126801152737753,
                "f1-score": 0.8503580851865812,
                "support": 1388.0
            },
            "accuracy": 0.8587188612099644,
            "macro avg": {
                "precision": 0.861707407549535,
                "recall": 0.8581684683260578,
                "f1-score": 0.8582764473792697,
                "support": 2810.0
            },
            "weighted avg": {
                "precision": 0.861344512636873,
                "recall": 0.8587188612099644,
                "f1-score": 0.8583722567438786,
                "support": 2810.0
            },
            "cross-entropy": 0.3146009435786906,
            "roc-auc": 0.9390468127449668,
            "score": 0.8587188612099644
        }
    },
    "time": "0:00:04.527302",
    "chunk_size": null,
    "eval_batch_size": 32768
}