{
    "function": "bin.model.main",
    "gpus": [
        "NVIDIA A100-SXM4-40GB"
    ],
    "config": {
        "seed": 9,
        "batch_size": 64,
        "patience": 16,
        "n_epochs": -1,
        "gradient_clipping_norm": 1.0,
        "amp": true,
        "data": {
            "cache": true,
            "path": "data/classif-num-medium-1-kdd_ipums_la_97-small",
            "num_policy": "noisy-quantile"
        },
        "optimizer": {
            "type": "AdamW",
            "lr": 0.000358575028479428,
            "weight_decay": 0.00032532141409093504
        },
        "model": {
            "arch_type": "plain",
            "backbone": {
                "type": "MLP",
                "n_blocks": 1,
                "d_block": 192,
                "dropout": 0.0
            },
            "num_embeddings": {
                "type": "PeriodicEmbeddings",
                "n_frequencies": 68,
                "d_embedding": 20,
                "frequency_init_scale": 0.16076044988223123,
                "lite": true
            }
        }
    },
    "n_parameters": 81478,
    "prediction_type": "probs",
    "epoch_size": 57,
    "best_step": 1083,
    "metrics": {
        "train": {
            "0": {
                "precision": 0.943125,
                "recall": 0.839265850945495,
                "f1-score": 0.8881695114773397,
                "support": 1798.0
            },
            "1": {
                "precision": 0.8577055637616937,
                "recall": 0.950354609929078,
                "f1-score": 0.901656314699793,
                "support": 1833.0
            },
            "accuracy": 0.8953456348113468,
            "macro avg": {
                "precision": 0.9004152818808469,
                "recall": 0.8948102304372865,
                "f1-score": 0.8949129130885664,
                "support": 3631.0
            },
            "weighted avg": {
                "precision": 0.9000035936037413,
                "recall": 0.8953456348113468,
                "f1-score": 0.8949779142057223,
                "support": 3631.0
            },
            "cross-entropy": 0.2421016744880603,
            "roc-auc": 0.9574901979346633,
            "score": 0.8953456348113468
        },
        "val": {
            "0": {
                "precision": 0.9452054794520548,
                "recall": 0.8961038961038961,
                "f1-score": 0.9199999999999999,
                "support": 231.0
            },
            "1": {
                "precision": 0.9032258064516129,
                "recall": 0.9491525423728814,
                "f1-score": 0.9256198347107438,
                "support": 236.0
            },
            "accuracy": 0.9229122055674518,
            "macro avg": {
                "precision": 0.9242156429518338,
                "recall": 0.9226282192383888,
                "f1-score": 0.9228099173553719,
                "support": 467.0
            },
            "weighted avg": {
                "precision": 0.9239909123683197,
                "recall": 0.9229122055674518,
                "f1-score": 0.9228400021236307,
                "support": 467.0
            },
            "cross-entropy": 0.2324418145217988,
            "roc-auc": 0.9558845109692568,
            "score": 0.9229122055674518
        },
        "test": {
            "0": {
                "precision": 0.9169811320754717,
                "recall": 0.8601769911504424,
                "f1-score": 0.8876712328767123,
                "support": 565.0
            },
            "1": {
                "precision": 0.8589285714285714,
                "recall": 0.9161904761904762,
                "f1-score": 0.8866359447004609,
                "support": 525.0
            },
            "accuracy": 0.8871559633027523,
            "macro avg": {
                "precision": 0.8879548517520215,
                "recall": 0.8881837336704593,
                "f1-score": 0.8871535887885866,
                "support": 1090.0
            },
            "weighted avg": {
                "precision": 0.8890200363510473,
                "recall": 0.8871559633027523,
                "f1-score": 0.8871725849019124,
                "support": 1090.0
            },
            "cross-entropy": 0.2627472215275463,
            "roc-auc": 0.94853603034134,
            "score": 0.8871559633027523
        }
    },
    "time": "0:00:10.483910",
    "chunk_size": null,
    "eval_batch_size": 32768
}