{
    "function": "bin.model.main",
    "gpus": [
        "NVIDIA A100-SXM4-40GB"
    ],
    "config": {
        "seed": 4,
        "batch_size": 512,
        "patience": 16,
        "n_epochs": -1,
        "gradient_clipping_norm": 1.0,
        "amp": true,
        "data": {
            "cache": true,
            "path": "data/regression-num-medium-0-medical_charges",
            "num_policy": "noisy-quantile"
        },
        "optimizer": {
            "type": "AdamW",
            "lr": 0.0003434814651388682,
            "weight_decay": 0.0020692098656538366
        },
        "model": {
            "arch_type": "tabm",
            "k": 32,
            "backbone": {
                "type": "MLP",
                "n_blocks": 5,
                "d_block": 160,
                "dropout": 0.0
            }
        }
    },
    "n_parameters": 179808,
    "prediction_type": "labels",
    "epoch_size": 20,
    "best_step": 1620,
    "metrics": {
        "train": {
            "rmse": 0.07929548581790374,
            "mae": 0.05070999264717102,
            "r2": 0.9799244938155942,
            "score": -0.07929548581790374
        },
        "val": {
            "rmse": 0.08218050049394979,
            "mae": 0.051202211529016495,
            "r2": 0.9789669916850186,
            "score": -0.08218050049394979
        },
        "test": {
            "rmse": 0.0812479782311448,
            "mae": 0.05079149454832077,
            "r2": 0.9794909144184668,
            "score": -0.0812479782311448
        }
    },
    "time": "0:00:57.525516",
    "chunk_size": null,
    "eval_batch_size": 32768
}