{
    "function": "bin.ensemble.main",
    "config": {
        "seeds": [
            5,
            6,
            7,
            8,
            9
        ],
        "data": {
            "path": "data/regression-cat-medium-0-analcatdata_supreme"
        }
    },
    "single_model_function": "bin.model.main",
    "prediction_type": "labels",
    "metrics": {
        "train": {
            "rmse": 0.0822102206520729,
            "mae": 0.019486527889966965,
            "r2": 0.9767063894597594,
            "score": -0.0822102206520729
        },
        "val": {
            "rmse": 0.03250190841591956,
            "mae": 0.011981964111328125,
            "r2": 0.9965503264487836,
            "score": -0.03250190841591956
        },
        "test": {
            "rmse": 0.07441659332337099,
            "mae": 0.020382236689329147,
            "r2": 0.9835782250387523,
            "score": -0.07441659332337099
        }
    }
}