{
    "function": "bin.ensemble.main",
    "config": {
        "seeds": [
            0,
            1,
            2,
            3,
            4
        ],
        "data": {
            "path": "data/regression-num-medium-0-MiamiHousing2016"
        }
    },
    "single_model_function": "bin.model.main",
    "prediction_type": "labels",
    "metrics": {
        "train": {
            "rmse": 0.11349741273086343,
            "mae": 0.0800306424498558,
            "r2": 0.9600451838147825,
            "score": -0.11349741273086343
        },
        "val": {
            "rmse": 0.1431848927185141,
            "mae": 0.09700444340705872,
            "r2": 0.9361779958594784,
            "score": -0.1431848927185141
        },
        "test": {
            "rmse": 0.14359578044024496,
            "mae": 0.09815765172243118,
            "r2": 0.9360986872851234,
            "score": -0.14359578044024496
        }
    }
}