{
    "function": "bin.model.main",
    "gpus": [
        "NVIDIA A100-SXM4-40GB"
    ],
    "config": {
        "seed": 2,
        "batch_size": 256,
        "patience": 16,
        "n_epochs": -1,
        "gradient_clipping_norm": 1.0,
        "amp": true,
        "data": {
            "cache": true,
            "path": "data/regression-num-medium-0-elevators",
            "num_policy": "noisy-quantile"
        },
        "optimizer": {
            "type": "AdamW",
            "lr": 0.0012242237805676541,
            "weight_decay": 0.049948278172370485
        },
        "model": {
            "arch_type": "tabm-mini",
            "k": 32,
            "backbone": {
                "type": "MLP",
                "n_blocks": 3,
                "d_block": 576,
                "dropout": 0.0
            },
            "num_embeddings": {
                "type": "PiecewiseLinearEmbeddingsV2",
                "d_embedding": 8
            }
        },
        "bins": {
            "n_bins": 117
        }
    },
    "n_parameters": 776800,
    "prediction_type": "labels",
    "epoch_size": 40,
    "best_step": 920,
    "metrics": {
        "train": {
            "rmse": 0.0017860601416839984,
            "mae": 0.0013385359197854996,
            "r2": 0.9277776412365397,
            "score": -0.0017860601416839984
        },
        "val": {
            "rmse": 0.0019266403424007413,
            "mae": 0.0014279502211138606,
            "r2": 0.9183808769367284,
            "score": -0.0019266403424007413
        },
        "test": {
            "rmse": 0.0018743997425762773,
            "mae": 0.001411230769008398,
            "r2": 0.9252532742492441,
            "score": -0.0018743997425762773
        }
    },
    "time": "0:00:04.914671",
    "chunk_size": null,
    "eval_batch_size": 32768
}