{
    "function": "bin.model.main",
    "gpus": [
        "NVIDIA A100-SXM4-40GB"
    ],
    "config": {
        "seed": 1,
        "batch_size": 256,
        "patience": 16,
        "n_epochs": -1,
        "gradient_clipping_norm": 1.0,
        "amp": true,
        "data": {
            "cache": true,
            "path": "data/regression-cat-medium-0-house_sales",
            "num_policy": "noisy-quantile"
        },
        "optimizer": {
            "type": "AdamW",
            "lr": 9.26896183495068e-05,
            "weight_decay": 0.026761481538023095
        },
        "model": {
            "arch_type": "plain",
            "backbone": {
                "type": "MLP",
                "n_blocks": 1,
                "d_block": 800,
                "dropout": 0.30599462962196705
            },
            "num_embeddings": {
                "type": "PiecewiseLinearEmbeddingsV2",
                "d_embedding": 24
            }
        },
        "bins": {
            "n_bins": 118
        }
    },
    "n_parameters": 336001,
    "prediction_type": "labels",
    "epoch_size": 40,
    "best_step": 5560,
    "metrics": {
        "train": {
            "rmse": 0.14030583242619074,
            "mae": 0.1014551967382431,
            "r2": 0.9292717687794281,
            "score": -0.14030583242619074
        },
        "val": {
            "rmse": 0.16994195578297436,
            "mae": 0.1197504922747612,
            "r2": 0.8970158386896718,
            "score": -0.16994195578297436
        },
        "test": {
            "rmse": 0.1691727678182551,
            "mae": 0.12004109472036362,
            "r2": 0.8958830790069416,
            "score": -0.1691727678182551
        }
    },
    "time": "0:00:36.711994",
    "chunk_size": null,
    "eval_batch_size": 32768
}