{
    "function": "bin.model.main",
    "gpus": [
        "NVIDIA A100-SXM4-80GB"
    ],
    "config": {
        "seed": 14,
        "batch_size": 256,
        "patience": 16,
        "n_epochs": -1,
        "gradient_clipping_norm": 1.0,
        "amp": true,
        "data": {
            "cache": true,
            "path": "data/regression-num-medium-2-Ailerons",
            "num_policy": "noisy-quantile"
        },
        "optimizer": {
            "type": "AdamW",
            "lr": 0.0009447867464490044,
            "weight_decay": 0.07794815667000624
        },
        "model": {
            "arch_type": "tabm",
            "k": 32,
            "share_training_batches": false,
            "backbone": {
                "type": "MLP",
                "n_blocks": 4,
                "d_block": 544,
                "dropout": 0.2559269847636612
            }
        }
    },
    "n_parameters": 1115744,
    "prediction_type": "labels",
    "epoch_size": 38,
    "best_step": 2736,
    "metrics": {
        "train": {
            "rmse": 0.0001312346002347988,
            "mae": 9.725306881591678e-05,
            "r2": 0.8973244491129073,
            "score": -0.0001312346002347988
        },
        "val": {
            "rmse": 0.00014825743917982418,
            "mae": 0.00010971129813697189,
            "r2": 0.8453510970767779,
            "score": -0.00014825743917982418
        },
        "test": {
            "rmse": 0.0001539730691405457,
            "mae": 0.00011253196134930477,
            "r2": 0.8620029525958286,
            "score": -0.0001539730691405457
        }
    },
    "time": "0:00:12.880800",
    "chunk_size": null,
    "eval_batch_size": 32768
}