{
    "function": "bin.ensemble.main",
    "config": {
        "seeds": [
            0,
            1,
            2,
            3,
            4
        ],
        "data": {
            "path": "data/classif-num-medium-0-kdd_ipums_la_97-small"
        }
    },
    "single_model_function": "bin.model.main",
    "prediction_type": "probs",
    "metrics": {
        "train": {
            "0": {
                "precision": 0.9756554307116105,
                "recall": 0.8540983606557377,
                "f1-score": 0.9108391608391608,
                "support": 1830.0
            },
            "1": {
                "precision": 0.8684080827994086,
                "recall": 0.9783453636868407,
                "f1-score": 0.9201044386422976,
                "support": 1801.0
            },
            "accuracy": 0.915725695400716,
            "macro avg": {
                "precision": 0.9220317567555096,
                "recall": 0.9162218621712892,
                "f1-score": 0.9154717997407292,
                "support": 3631.0
            },
            "weighted avg": {
                "precision": 0.922460037269067,
                "recall": 0.915725695400716,
                "f1-score": 0.915434799870681,
                "support": 3631.0
            },
            "cross-entropy": 0.2112538510494166,
            "roc-auc": 0.965720167605732,
            "score": 0.915725695400716
        },
        "val": {
            "0": {
                "precision": 0.9454545454545454,
                "recall": 0.859504132231405,
                "f1-score": 0.9004329004329004,
                "support": 242.0
            },
            "1": {
                "precision": 0.8623481781376519,
                "recall": 0.9466666666666667,
                "f1-score": 0.902542372881356,
                "support": 225.0
            },
            "accuracy": 0.9014989293361885,
            "macro avg": {
                "precision": 0.9039013617960987,
                "recall": 0.9030853994490358,
                "f1-score": 0.9014876366571282,
                "support": 467.0
            },
            "weighted avg": {
                "precision": 0.9054140044560421,
                "recall": 0.9014989293361885,
                "f1-score": 0.9014492415483233,
                "support": 467.0
            },
            "cross-entropy": 0.2556139551701341,
            "roc-auc": 0.9548209366391185,
            "score": 0.9014989293361885
        },
        "test": {
            "0": {
                "precision": 0.9182795698924732,
                "recall": 0.8180076628352491,
                "f1-score": 0.8652482269503545,
                "support": 522.0
            },
            "1": {
                "precision": 0.848,
                "recall": 0.9330985915492958,
                "f1-score": 0.8885163453478625,
                "support": 568.0
            },
            "accuracy": 0.8779816513761468,
            "macro avg": {
                "precision": 0.8831397849462366,
                "recall": 0.8755531271922724,
                "f1-score": 0.8768822861491086,
                "support": 1090.0
            },
            "weighted avg": {
                "precision": 0.8816568215448357,
                "recall": 0.8779816513761468,
                "f1-score": 0.8773732647941935,
                "support": 1090.0
            },
            "cross-entropy": 0.2922285149262946,
            "roc-auc": 0.9402521450542335,
            "score": 0.8779816513761468
        }
    }
}