{
    "function": "bin.model.main",
    "gpus": [
        "NVIDIA A100-SXM4-40GB"
    ],
    "config": {
        "seed": 6,
        "batch_size": 256,
        "patience": 16,
        "n_epochs": -1,
        "gradient_clipping_norm": 1.0,
        "amp": true,
        "data": {
            "cache": true,
            "path": "data/regression-num-medium-2-MiamiHousing2016",
            "num_policy": "noisy-quantile"
        },
        "optimizer": {
            "type": "AdamW",
            "lr": 0.00319346281450153,
            "weight_decay": 0.000823227567640741
        },
        "model": {
            "arch_type": "tabm-mini",
            "k": 32,
            "backbone": {
                "type": "MLP",
                "n_blocks": 4,
                "d_block": 800,
                "dropout": 0.1178928175970065
            },
            "num_embeddings": {
                "type": "PiecewiseLinearEmbeddingsV2",
                "d_embedding": 12
            }
        },
        "bins": {
            "n_bins": 72
        }
    },
    "n_parameters": 2090168,
    "prediction_type": "labels",
    "epoch_size": 39,
    "best_step": 2106,
    "metrics": {
        "train": {
            "rmse": 0.0817597841762313,
            "mae": 0.05882949009537697,
            "r2": 0.9794260948194007,
            "score": -0.0817597841762313
        },
        "val": {
            "rmse": 0.13282571754881017,
            "mae": 0.09092579782009125,
            "r2": 0.9433682664381436,
            "score": -0.13282571754881017
        },
        "test": {
            "rmse": 0.14164695669835814,
            "mae": 0.09608049690723419,
            "r2": 0.9370258449798684,
            "score": -0.14164695669835814
        }
    },
    "time": "0:00:10.485759",
    "chunk_size": null,
    "eval_batch_size": 32768
}