{
    "function": "bin.model.main",
    "gpus": [
        "NVIDIA A100-SXM4-40GB"
    ],
    "config": {
        "seed": 8,
        "batch_size": 32,
        "patience": 16,
        "n_epochs": -1,
        "gradient_clipping_norm": 1.0,
        "amp": true,
        "data": {
            "cache": true,
            "path": "data/classif-num-medium-3-wine",
            "num_policy": "noisy-quantile"
        },
        "optimizer": {
            "type": "AdamW",
            "lr": 0.001264946561649651,
            "weight_decay": 0.028804687509825764
        },
        "model": {
            "arch_type": "tabm-mini",
            "k": 32,
            "backbone": {
                "type": "MLP",
                "n_blocks": 2,
                "d_block": 512,
                "dropout": 0.0
            },
            "num_embeddings": {
                "type": "PiecewiseLinearEmbeddingsV2",
                "d_embedding": 12
            }
        },
        "bins": {
            "n_bins": 11
        }
    },
    "n_parameters": 369524,
    "prediction_type": "probs",
    "epoch_size": 56,
    "best_step": 840,
    "metrics": {
        "train": {
            "0": {
                "precision": 0.8557806912991657,
                "recall": 0.7968923418423973,
                "f1-score": 0.8252873563218391,
                "support": 901.0
            },
            "1": {
                "precision": 0.8069620253164557,
                "recall": 0.863431151241535,
                "f1-score": 0.8342420937840785,
                "support": 886.0
            },
            "accuracy": 0.82988248461108,
            "macro avg": {
                "precision": 0.8313713583078106,
                "recall": 0.8301617465419662,
                "f1-score": 0.8297647250529588,
                "support": 1787.0
            },
            "weighted avg": {
                "precision": 0.8315762491835075,
                "recall": 0.82988248461108,
                "f1-score": 0.8297271422152606,
                "support": 1787.0
            },
            "cross-entropy": 0.37816970587833815,
            "roc-auc": 0.916340760078468,
            "score": 0.82988248461108
        },
        "val": {
            "0": {
                "precision": 0.8118811881188119,
                "recall": 0.7256637168141593,
                "f1-score": 0.766355140186916,
                "support": 113.0
            },
            "1": {
                "precision": 0.7596899224806202,
                "recall": 0.8376068376068376,
                "f1-score": 0.7967479674796747,
                "support": 117.0
            },
            "accuracy": 0.782608695652174,
            "macro avg": {
                "precision": 0.785785555299716,
                "recall": 0.7816352772104984,
                "f1-score": 0.7815515538332953,
                "support": 230.0
            },
            "weighted avg": {
                "precision": 0.7853317182072099,
                "recall": 0.782608695652174,
                "f1-score": 0.781815839288015,
                "support": 230.0
            },
            "cross-entropy": 0.47984038537831825,
            "roc-auc": 0.8413886997957795,
            "score": 0.782608695652174
        },
        "test": {
            "0": {
                "precision": 0.7732793522267206,
                "recall": 0.7262357414448669,
                "f1-score": 0.7490196078431373,
                "support": 263.0
            },
            "1": {
                "precision": 0.7517241379310344,
                "recall": 0.7956204379562044,
                "f1-score": 0.7730496453900709,
                "support": 274.0
            },
            "accuracy": 0.7616387337057728,
            "macro avg": {
                "precision": 0.7625017450788776,
                "recall": 0.7609280897005357,
                "f1-score": 0.7610346266166041,
                "support": 537.0
            },
            "weighted avg": {
                "precision": 0.7622809747276181,
                "recall": 0.7616387337057728,
                "f1-score": 0.7612807443195987,
                "support": 537.0
            },
            "cross-entropy": 0.46410081116419677,
            "roc-auc": 0.8553745385917682,
            "score": 0.7616387337057728
        }
    },
    "time": "0:00:04.919252",
    "chunk_size": null,
    "eval_batch_size": 32768
}