{
    "function": "bin.model.main",
    "gpus": [
        "NVIDIA A100-SXM4-80GB"
    ],
    "config": {
        "seed": 2,
        "batch_size": 256,
        "patience": 16,
        "n_epochs": -1,
        "gradient_clipping_norm": 1.0,
        "amp": true,
        "data": {
            "cache": true,
            "path": "data/classif-num-medium-2-MagicTelescope",
            "num_policy": "noisy-quantile"
        },
        "optimizer": {
            "type": "AdamW",
            "lr": 0.0019467215533305901,
            "weight_decay": 0.012042027051294492
        },
        "model": {
            "arch_type": "tabm-mini",
            "k": 32,
            "share_training_batches": false,
            "backbone": {
                "type": "MLP",
                "n_blocks": 2,
                "d_block": 544,
                "dropout": 0.08813299792955762
            }
        }
    },
    "n_parameters": 337664,
    "prediction_type": "probs",
    "epoch_size": 37,
    "best_step": 1036,
    "metrics": {
        "train": {
            "0": {
                "precision": 0.8597428288822948,
                "recall": 0.9314187741105873,
                "f1-score": 0.8941466927270858,
                "support": 4666.0
            },
            "1": {
                "precision": 0.9257195914577531,
                "recall": 0.8490525867575048,
                "f1-score": 0.8857301499167131,
                "support": 4697.0
            },
            "accuracy": 0.8900993271387376,
            "macro avg": {
                "precision": 0.892731210170024,
                "recall": 0.8902356804340461,
                "f1-score": 0.8899384213218995,
                "support": 9363.0
            },
            "weighted avg": {
                "precision": 0.8928404315541871,
                "recall": 0.8900993271387376,
                "f1-score": 0.8899244881366424,
                "support": 9363.0
            },
            "cross-entropy": 0.261352899554065,
            "roc-auc": 0.9575375788195419,
            "score": 0.8900993271387376
        },
        "val": {
            "0": {
                "precision": 0.8280060882800608,
                "recall": 0.9066666666666666,
                "f1-score": 0.8655529037390611,
                "support": 600.0
            },
            "1": {
                "precision": 0.8974358974358975,
                "recall": 0.8126036484245439,
                "f1-score": 0.8529155787641427,
                "support": 603.0
            },
            "accuracy": 0.8595178719866999,
            "macro avg": {
                "precision": 0.8627209928579791,
                "recall": 0.8596351575456053,
                "f1-score": 0.8592342412516019,
                "support": 1203.0
            },
            "weighted avg": {
                "precision": 0.862807563692338,
                "recall": 0.8595178719866999,
                "f1-score": 0.8592184839885408,
                "support": 1203.0
            },
            "cross-entropy": 0.3316438609149622,
            "roc-auc": 0.9286456605859592,
            "score": 0.8595178719866999
        },
        "test": {
            "0": {
                "precision": 0.8336544637122671,
                "recall": 0.9127988748241913,
                "f1-score": 0.8714333669016449,
                "support": 1422.0
            },
            "1": {
                "precision": 0.9010375099760575,
                "recall": 0.8134005763688761,
                "f1-score": 0.8549791745550928,
                "support": 1388.0
            },
            "accuracy": 0.8637010676156583,
            "macro avg": {
                "precision": 0.8673459868441623,
                "recall": 0.8630997255965337,
                "f1-score": 0.8632062707283688,
                "support": 2810.0
            },
            "weighted avg": {
                "precision": 0.8669383314041323,
                "recall": 0.8637010676156583,
                "f1-score": 0.8633058156642732,
                "support": 2810.0
            },
            "cross-entropy": 0.3037077406032848,
            "roc-auc": 0.9401672766773267,
            "score": 0.8637010676156583
        }
    },
    "time": "0:00:04.508996",
    "chunk_size": null,
    "eval_batch_size": 32768
}