{
    "function": "bin.model.main",
    "gpus": [
        "NVIDIA A100-SXM4-80GB"
    ],
    "config": {
        "seed": 9,
        "batch_size": 64,
        "patience": 16,
        "n_epochs": -1,
        "gradient_clipping_norm": 1.0,
        "amp": true,
        "data": {
            "cache": true,
            "path": "data/classif-cat-medium-1-KDDCup09_upselling",
            "num_policy": "noisy-quantile",
            "cat_policy": "ordinal"
        },
        "optimizer": {
            "type": "AdamW",
            "lr": 0.0004608094232764784,
            "weight_decay": 0.0
        },
        "model": {
            "arch_type": "tabm",
            "k": 32,
            "share_training_batches": false,
            "backbone": {
                "type": "MLP",
                "n_blocks": 3,
                "d_block": 112,
                "dropout": 0.37386737823862765
            },
            "num_embeddings": {
                "type": "PiecewiseLinearEmbeddings",
                "d_embedding": 32
            }
        },
        "bins": {
            "n_bins": 68
        }
    },
    "n_parameters": 303904,
    "prediction_type": "probs",
    "epoch_size": 57,
    "best_step": 228,
    "metrics": {
        "train": {
            "0": {
                "precision": 0.763183125599233,
                "recall": 0.8908785674314493,
                "f1-score": 0.8221017299251228,
                "support": 1787.0
            },
            "1": {
                "precision": 0.8702594810379242,
                "recall": 0.7258601553829079,
                "f1-score": 0.7915279878971255,
                "support": 1802.0
            },
            "accuracy": 0.8080245193647255,
            "macro avg": {
                "precision": 0.8167213033185785,
                "recall": 0.8083693614071786,
                "f1-score": 0.8068148589111241,
                "support": 3589.0
            },
            "weighted avg": {
                "precision": 0.8169450627685061,
                "recall": 0.8080245193647255,
                "f1-score": 0.8067509683942086,
                "support": 3589.0
            },
            "cross-entropy": 0.38189529031773395,
            "roc-auc": 0.9004159402566445,
            "score": 0.8080245193647255
        },
        "val": {
            "0": {
                "precision": 0.7900355871886121,
                "recall": 0.940677966101695,
                "f1-score": 0.8588007736943908,
                "support": 236.0
            },
            "1": {
                "precision": 0.9222222222222223,
                "recall": 0.7377777777777778,
                "f1-score": 0.819753086419753,
                "support": 225.0
            },
            "accuracy": 0.841648590021692,
            "macro avg": {
                "precision": 0.8561289047054172,
                "recall": 0.8392278719397364,
                "f1-score": 0.8392769300570719,
                "support": 461.0
            },
            "weighted avg": {
                "precision": 0.8545518407299619,
                "recall": 0.841648590021692,
                "f1-score": 0.8397427918358366,
                "support": 461.0
            },
            "cross-entropy": 0.3455346059693156,
            "roc-auc": 0.9216949152542373,
            "score": 0.841648590021692
        },
        "test": {
            "0": {
                "precision": 0.7652733118971061,
                "recall": 0.8798521256931608,
                "f1-score": 0.8185726569217542,
                "support": 541.0
            },
            "1": {
                "precision": 0.8574561403508771,
                "recall": 0.7281191806331471,
                "f1-score": 0.7875125881168177,
                "support": 537.0
            },
            "accuracy": 0.8042671614100185,
            "macro avg": {
                "precision": 0.8113647261239916,
                "recall": 0.803985653163154,
                "f1-score": 0.8030426225192859,
                "support": 1078.0
            },
            "weighted avg": {
                "precision": 0.8111937004682332,
                "recall": 0.8042671614100185,
                "f1-score": 0.8031002478788498,
                "support": 1078.0
            },
            "cross-entropy": 0.3829366336614843,
            "roc-auc": 0.9016856156438349,
            "score": 0.8042671614100185
        }
    },
    "time": "0:00:04.884805",
    "chunk_size": null,
    "eval_batch_size": 32768
}