{
    "function": "bin.model.main",
    "gpus": [
        "NVIDIA A100-SXM4-80GB"
    ],
    "config": {
        "seed": 8,
        "batch_size": 256,
        "patience": 16,
        "n_epochs": -1,
        "gradient_clipping_norm": 1.0,
        "amp": true,
        "data": {
            "cache": true,
            "path": "data/classif-num-medium-0-MagicTelescope",
            "num_policy": "noisy-quantile"
        },
        "optimizer": {
            "type": "AdamW",
            "lr": 0.0018207216450683026,
            "weight_decay": 0.09953525025267561
        },
        "model": {
            "arch_type": "tabm-mini",
            "k": 32,
            "share_training_batches": false,
            "backbone": {
                "type": "MLP",
                "n_blocks": 4,
                "d_block": 576,
                "dropout": 0.0
            }
        }
    },
    "n_parameters": 1040640,
    "prediction_type": "probs",
    "epoch_size": 37,
    "best_step": 777,
    "metrics": {
        "train": {
            "0": {
                "precision": 0.8678294573643411,
                "recall": 0.9499363597793806,
                "f1-score": 0.9070285598541626,
                "support": 4714.0
            },
            "1": {
                "precision": 0.9438496312157982,
                "recall": 0.8533017853301785,
                "f1-score": 0.8962946226841392,
                "support": 4649.0
            },
            "accuracy": 0.9019545017622557,
            "macro avg": {
                "precision": 0.9058395442900697,
                "recall": 0.9016190725547796,
                "f1-score": 0.9016615912691509,
                "support": 9363.0
            },
            "weighted avg": {
                "precision": 0.9055756699282014,
                "recall": 0.9019545017622557,
                "f1-score": 0.9016988499424422,
                "support": 9363.0
            },
            "cross-entropy": 0.2331580563821738,
            "roc-auc": 0.9676974204332974,
            "score": 0.9019545017622557
        },
        "val": {
            "0": {
                "precision": 0.8390625,
                "recall": 0.9242685025817556,
                "f1-score": 0.8796068796068797,
                "support": 581.0
            },
            "1": {
                "precision": 0.9218472468916519,
                "recall": 0.8344051446945338,
                "f1-score": 0.8759493670886076,
                "support": 622.0
            },
            "accuracy": 0.8778054862842892,
            "macro avg": {
                "precision": 0.880454873445826,
                "recall": 0.8793368236381447,
                "f1-score": 0.8777781233477436,
                "support": 1203.0
            },
            "weighted avg": {
                "precision": 0.8818655860902805,
                "recall": 0.8778054862842892,
                "f1-score": 0.8777157966589452,
                "support": 1203.0
            },
            "cross-entropy": 0.300746087945012,
            "roc-auc": 0.9409627485596959,
            "score": 0.8778054862842892
        },
        "test": {
            "0": {
                "precision": 0.8119383825417201,
                "recall": 0.9081119885139985,
                "f1-score": 0.857336496103016,
                "support": 1393.0
            },
            "1": {
                "precision": 0.8977635782747604,
                "recall": 0.7932251235003529,
                "f1-score": 0.8422630198576246,
                "support": 1417.0
            },
            "accuracy": 0.8501779359430605,
            "macro avg": {
                "precision": 0.8548509804082403,
                "recall": 0.8506685560071757,
                "f1-score": 0.8497997579803203,
                "support": 2810.0
            },
            "weighted avg": {
                "precision": 0.855217493699627,
                "recall": 0.8501779359430605,
                "f1-score": 0.8497353872632581,
                "support": 2810.0
            },
            "cross-entropy": 0.3321915915288547,
            "roc-auc": 0.9309320065394013,
            "score": 0.8501779359430605
        }
    },
    "time": "0:00:04.937287",
    "chunk_size": null,
    "eval_batch_size": 32768
}