{
    "function": "bin.model.main",
    "gpus": [
        "NVIDIA A100-SXM4-80GB"
    ],
    "config": {
        "seed": 12,
        "batch_size": 64,
        "patience": 16,
        "n_epochs": -1,
        "gradient_clipping_norm": 1.0,
        "amp": true,
        "data": {
            "cache": true,
            "path": "data/regression-cat-medium-4-analcatdata_supreme",
            "num_policy": "noisy-quantile"
        },
        "optimizer": {
            "type": "AdamW",
            "lr": 0.0013255387147391873,
            "weight_decay": 0.0
        },
        "model": {
            "arch_type": "tabm-mini",
            "k": 32,
            "share_training_batches": false,
            "backbone": {
                "type": "MLP",
                "n_blocks": 5,
                "d_block": 512,
                "dropout": 0.0
            }
        }
    },
    "n_parameters": 1074080,
    "prediction_type": "labels",
    "epoch_size": 45,
    "best_step": 1395,
    "metrics": {
        "train": {
            "rmse": 0.06285245059626471,
            "mae": 0.01918860338628292,
            "r2": 0.9863422820118076,
            "score": -0.06285245059626471
        },
        "val": {
            "rmse": 0.06021803919801256,
            "mae": 0.01955287717282772,
            "r2": 0.9905925761543223,
            "score": -0.06021803919801256
        },
        "test": {
            "rmse": 0.07552234330257242,
            "mae": 0.02169189602136612,
            "r2": 0.9814638471351513,
            "score": -0.07552234330257242
        }
    },
    "time": "0:00:06.358245",
    "chunk_size": null,
    "eval_batch_size": 32768
}