{
    "function": "bin.model.main",
    "gpus": [
        "NVIDIA A100-SXM4-40GB"
    ],
    "config": {
        "seed": 6,
        "batch_size": 32,
        "patience": 16,
        "n_epochs": -1,
        "gradient_clipping_norm": 1.0,
        "amp": true,
        "data": {
            "cache": true,
            "path": "data/classif-num-medium-1-phoneme",
            "num_policy": "noisy-quantile"
        },
        "optimizer": {
            "type": "AdamW",
            "lr": 0.00019674869321382966,
            "weight_decay": 0.0
        },
        "model": {
            "arch_type": "plain",
            "backbone": {
                "type": "MLP",
                "n_blocks": 3,
                "d_block": 496,
                "dropout": 0.0
            },
            "num_embeddings": {
                "type": "PeriodicEmbeddings",
                "n_frequencies": 92,
                "d_embedding": 28,
                "frequency_init_scale": 0.48391840837630795,
                "lite": false
            }
        }
    },
    "n_parameters": 590314,
    "prediction_type": "probs",
    "epoch_size": 70,
    "best_step": 1190,
    "metrics": {
        "train": {
            "0": {
                "precision": 0.9880184331797235,
                "recall": 0.97632058287796,
                "f1-score": 0.9821346770499313,
                "support": 1098.0
            },
            "1": {
                "precision": 0.9770925110132158,
                "recall": 0.9884135472370766,
                "f1-score": 0.982720425343376,
                "support": 1122.0
            },
            "accuracy": 0.9824324324324324,
            "macro avg": {
                "precision": 0.9825554720964697,
                "recall": 0.9823670650575183,
                "f1-score": 0.9824275511966536,
                "support": 2220.0
            },
            "weighted avg": {
                "precision": 0.9824964130577317,
                "recall": 0.9824324324324324,
                "f1-score": 0.9824307174036453,
                "support": 2220.0
            },
            "cross-entropy": 0.044416007774612964,
            "roc-auc": 0.9989642487231687,
            "score": 0.9824324324324324
        },
        "val": {
            "0": {
                "precision": 0.9266666666666666,
                "recall": 0.9205298013245033,
                "f1-score": 0.9235880398671096,
                "support": 151.0
            },
            "1": {
                "precision": 0.9111111111111111,
                "recall": 0.917910447761194,
                "f1-score": 0.9144981412639405,
                "support": 134.0
            },
            "accuracy": 0.9192982456140351,
            "macro avg": {
                "precision": 0.9188888888888889,
                "recall": 0.9192201245428486,
                "f1-score": 0.919043090565525,
                "support": 285.0
            },
            "weighted avg": {
                "precision": 0.9193528265107214,
                "recall": 0.9192982456140351,
                "f1-score": 0.9193141928045669,
                "support": 285.0
            },
            "cross-entropy": 0.3831456324486281,
            "roc-auc": 0.9547296629435604,
            "score": 0.9192982456140351
        },
        "test": {
            "0": {
                "precision": 0.9196141479099679,
                "recall": 0.8486646884272997,
                "f1-score": 0.8827160493827161,
                "support": 337.0
            },
            "1": {
                "precision": 0.8567415730337079,
                "recall": 0.9242424242424242,
                "f1-score": 0.8892128279883382,
                "support": 330.0
            },
            "accuracy": 0.8860569715142429,
            "macro avg": {
                "precision": 0.8881778604718379,
                "recall": 0.8864535563348619,
                "f1-score": 0.8859644386855272,
                "support": 667.0
            },
            "weighted avg": {
                "precision": 0.8885077765319082,
                "recall": 0.8860569715142429,
                "f1-score": 0.8859303476433688,
                "support": 667.0
            },
            "cross-entropy": 0.47653373996366094,
            "roc-auc": 0.9453781134790037,
            "score": 0.8860569715142429
        }
    },
    "time": "0:00:06.750735",
    "chunk_size": null,
    "eval_batch_size": 32768
}