{
    "function": "bin.model.main",
    "gpus": [
        "NVIDIA A100-SXM4-40GB"
    ],
    "config": {
        "seed": 10,
        "batch_size": 1024,
        "patience": 16,
        "n_epochs": -1,
        "gradient_clipping_norm": 1.0,
        "amp": true,
        "data": {
            "cache": true,
            "path": "data/weather",
            "num_policy": "noisy-quantile"
        },
        "optimizer": {
            "type": "AdamW",
            "lr": 0.0004124540430146118,
            "weight_decay": 0.06504224720368718
        },
        "model": {
            "arch_type": "plain",
            "backbone": {
                "type": "MLP",
                "n_blocks": 1,
                "d_block": 720,
                "dropout": 0.3778704212409068
            },
            "num_embeddings": {
                "type": "PeriodicEmbeddings",
                "n_frequencies": 52,
                "d_embedding": 16,
                "frequency_init_scale": 0.025118092040244396,
                "lite": true
            }
        }
    },
    "n_parameters": 1164641,
    "prediction_type": "labels",
    "epoch_size": 333,
    "best_step": 13986,
    "metrics": {
        "train": {
            "rmse": 1.3522342489901096,
            "mae": 0.9953816533088684,
            "r2": 0.878873349793649,
            "score": -1.3522342489901096
        },
        "val": {
            "rmse": 1.5823049049585416,
            "mae": 1.1602284908294678,
            "r2": 0.8423492253665328,
            "score": -1.5823049049585416
        },
        "test": {
            "rmse": 1.5174532216637666,
            "mae": 1.1143097877502441,
            "r2": 0.8447904743062827,
            "score": -1.5174532216637666
        }
    },
    "time": "0:00:47.232285",
    "chunk_size": null,
    "eval_batch_size": 32768
}