{
    "function": "bin.model.main",
    "gpus": [
        "NVIDIA A100-SXM4-80GB"
    ],
    "config": {
        "seed": 14,
        "batch_size": 256,
        "patience": 16,
        "n_epochs": -1,
        "gradient_clipping_norm": 1.0,
        "amp": true,
        "data": {
            "cache": true,
            "path": "data/regression-num-medium-2-Ailerons",
            "num_policy": "noisy-quantile"
        },
        "optimizer": {
            "type": "AdamW",
            "lr": 0.0006767281594656679,
            "weight_decay": 0.0035704588343168945
        },
        "model": {
            "arch_type": "tabm",
            "k": 32,
            "share_training_batches": false,
            "backbone": {
                "type": "MLP",
                "n_blocks": 4,
                "d_block": 976,
                "dropout": 0.29476263836855243
            },
            "num_embeddings": {
                "type": "PiecewiseLinearEmbeddings",
                "d_embedding": 32
            }
        },
        "bins": {
            "n_bins": 12
        }
    },
    "n_parameters": 4311776,
    "prediction_type": "labels",
    "epoch_size": 38,
    "best_step": 2052,
    "metrics": {
        "train": {
            "rmse": 0.00011587502436938293,
            "mae": 8.699522004462779e-05,
            "r2": 0.9199520902834994,
            "score": -0.00011587502436938293
        },
        "val": {
            "rmse": 0.0001447077411840799,
            "mae": 0.0001055690081557259,
            "r2": 0.8526679121620049,
            "score": -0.0001447077411840799
        },
        "test": {
            "rmse": 0.00014924287136148314,
            "mae": 0.0001083175084204413,
            "r2": 0.8703515139635073,
            "score": -0.00014924287136148314
        }
    },
    "time": "0:00:18.600112",
    "chunk_size": null,
    "eval_batch_size": 32768
}