{
    "function": "bin.model.main",
    "gpus": [
        "NVIDIA A100-SXM4-80GB"
    ],
    "config": {
        "seed": 4,
        "batch_size": 256,
        "patience": 16,
        "n_epochs": -1,
        "gradient_clipping_norm": 1.0,
        "amp": true,
        "data": {
            "cache": true,
            "path": "data/regression-num-medium-1-Ailerons",
            "num_policy": "noisy-quantile"
        },
        "optimizer": {
            "type": "AdamW",
            "lr": 0.0022217248247845796,
            "weight_decay": 0.059895547222137094
        },
        "model": {
            "arch_type": "tabm-mini",
            "k": 32,
            "share_training_batches": false,
            "backbone": {
                "type": "MLP",
                "n_blocks": 4,
                "d_block": 528,
                "dropout": 0.16232123712081217
            },
            "num_embeddings": {
                "type": "PiecewiseLinearEmbeddings",
                "d_embedding": 20
            }
        },
        "bins": {
            "n_bins": 21
        }
    },
    "n_parameters": 1240172,
    "prediction_type": "labels",
    "epoch_size": 38,
    "best_step": 1482,
    "metrics": {
        "train": {
            "rmse": 8.633470465454204e-05,
            "mae": 6.590167322428897e-05,
            "r2": 0.9550369931825041,
            "score": -8.633470465454204e-05
        },
        "val": {
            "rmse": 0.00014328985117012763,
            "mae": 0.00010490933345863596,
            "r2": 0.8739556950765592,
            "score": -0.00014328985117012763
        },
        "test": {
            "rmse": 0.00015687965717160813,
            "mae": 0.00010851459228433669,
            "r2": 0.854752982478831,
            "score": -0.00015687965717160813
        }
    },
    "time": "0:00:07.654431",
    "chunk_size": null,
    "eval_batch_size": 32768
}