{
    "function": "bin.model.main",
    "gpus": [
        "NVIDIA A100-SXM4-40GB"
    ],
    "config": {
        "seed": 2,
        "batch_size": 32,
        "patience": 16,
        "n_epochs": -1,
        "gradient_clipping_norm": 1.0,
        "amp": true,
        "data": {
            "cache": true,
            "path": "data/classif-num-medium-4-wine",
            "num_policy": "noisy-quantile"
        },
        "optimizer": {
            "type": "AdamW",
            "lr": 0.0023918519328168207,
            "weight_decay": 0.0009306173484770005
        },
        "model": {
            "arch_type": "tabm-mini",
            "k": 32,
            "backbone": {
                "type": "MLP",
                "n_blocks": 2,
                "d_block": 896,
                "dropout": 0.0
            }
        }
    },
    "n_parameters": 872224,
    "prediction_type": "probs",
    "epoch_size": 56,
    "best_step": 2296,
    "metrics": {
        "train": {
            "0": {
                "precision": 0.9955654101995566,
                "recall": 0.9988876529477196,
                "f1-score": 0.9972237645752359,
                "support": 899.0
            },
            "1": {
                "precision": 0.9988700564971752,
                "recall": 0.9954954954954955,
                "f1-score": 0.9971799210377891,
                "support": 888.0
            },
            "accuracy": 0.9972020145495244,
            "macro avg": {
                "precision": 0.9972177333483658,
                "recall": 0.9971915742216075,
                "f1-score": 0.9972018428065125,
                "support": 1787.0
            },
            "weighted avg": {
                "precision": 0.9972075623608802,
                "recall": 0.9972020145495244,
                "f1-score": 0.9972019777474503,
                "support": 1787.0
            },
            "cross-entropy": 0.03375747463850646,
            "roc-auc": 0.9999824629969235,
            "score": 0.9972020145495244
        },
        "val": {
            "0": {
                "precision": 0.875,
                "recall": 0.8099173553719008,
                "f1-score": 0.8412017167381973,
                "support": 121.0
            },
            "1": {
                "precision": 0.8050847457627118,
                "recall": 0.8715596330275229,
                "f1-score": 0.8370044052863436,
                "support": 109.0
            },
            "accuracy": 0.8391304347826087,
            "macro avg": {
                "precision": 0.840042372881356,
                "recall": 0.8407384941997118,
                "f1-score": 0.8391030610122705,
                "support": 230.0
            },
            "weighted avg": {
                "precision": 0.8418662490788503,
                "recall": 0.8391304347826087,
                "f1-score": 0.8392125560936232,
                "support": 230.0
            },
            "cross-entropy": 0.5804410546245906,
            "roc-auc": 0.8863446811737055,
            "score": 0.8391304347826087
        },
        "test": {
            "0": {
                "precision": 0.792,
                "recall": 0.7704280155642024,
                "f1-score": 0.7810650887573966,
                "support": 257.0
            },
            "1": {
                "precision": 0.794425087108014,
                "recall": 0.8142857142857143,
                "f1-score": 0.8042328042328042,
                "support": 280.0
            },
            "accuracy": 0.7932960893854749,
            "macro avg": {
                "precision": 0.7932125435540069,
                "recall": 0.7923568649249584,
                "f1-score": 0.7926489464951003,
                "support": 537.0
            },
            "weighted avg": {
                "precision": 0.7932644774492439,
                "recall": 0.7932960893854749,
                "f1-score": 0.7931450893777208,
                "support": 537.0
            },
            "cross-entropy": 0.5395535792374124,
            "roc-auc": 0.8759171762090051,
            "score": 0.7932960893854749
        }
    },
    "time": "0:00:07.362234",
    "chunk_size": null,
    "eval_batch_size": 32768
}