{
    "function": "bin.model.main",
    "gpus": [
        "NVIDIA A100-SXM4-40GB"
    ],
    "config": {
        "seed": 8,
        "batch_size": 64,
        "patience": 16,
        "n_epochs": -1,
        "gradient_clipping_norm": 1.0,
        "amp": true,
        "data": {
            "cache": true,
            "path": "data/classif-cat-medium-1-KDDCup09_upselling",
            "num_policy": "noisy-quantile",
            "cat_policy": "ordinal"
        },
        "optimizer": {
            "type": "AdamW",
            "lr": 0.0006595608790455172,
            "weight_decay": 0.00017953529559974583
        },
        "model": {
            "arch_type": "tabm",
            "k": 32,
            "backbone": {
                "type": "MLP",
                "n_blocks": 5,
                "d_block": 768,
                "dropout": 0.45093960848637643
            }
        }
    },
    "n_parameters": 2835776,
    "prediction_type": "probs",
    "epoch_size": 57,
    "best_step": 798,
    "metrics": {
        "train": {
            "0": {
                "precision": 0.7246437552388936,
                "recall": 0.9675433687744823,
                "f1-score": 0.8286604361370717,
                "support": 1787.0
            },
            "1": {
                "precision": 0.9517871986699917,
                "recall": 0.6354051054384018,
                "f1-score": 0.762063227953411,
                "support": 1802.0
            },
            "accuracy": 0.8007801616049038,
            "macro avg": {
                "precision": 0.8382154769544427,
                "recall": 0.8014742371064421,
                "f1-score": 0.7953618320452414,
                "support": 3589.0
            },
            "weighted avg": {
                "precision": 0.8386901428295425,
                "recall": 0.8007801616049038,
                "f1-score": 0.79522266262162,
                "support": 3589.0
            },
            "cross-entropy": 0.3606079292217948,
            "roc-auc": 0.9060348912822723,
            "score": 0.8007801616049038
        },
        "val": {
            "0": {
                "precision": 0.7549019607843137,
                "recall": 0.9788135593220338,
                "f1-score": 0.85239852398524,
                "support": 236.0
            },
            "1": {
                "precision": 0.967741935483871,
                "recall": 0.6666666666666666,
                "f1-score": 0.7894736842105263,
                "support": 225.0
            },
            "accuracy": 0.8264642082429501,
            "macro avg": {
                "precision": 0.8613219481340924,
                "recall": 0.8227401129943502,
                "f1-score": 0.8209361040978831,
                "support": 461.0
            },
            "weighted avg": {
                "precision": 0.8587826425791084,
                "recall": 0.8264642082429501,
                "f1-score": 0.821686834290423,
                "support": 461.0
            },
            "cross-entropy": 0.33038268107737334,
            "roc-auc": 0.9166854990583804,
            "score": 0.8264642082429501
        },
        "test": {
            "0": {
                "precision": 0.726628895184136,
                "recall": 0.9482439926062847,
                "f1-score": 0.822774659182037,
                "support": 541.0
            },
            "1": {
                "precision": 0.9247311827956989,
                "recall": 0.6405959031657356,
                "f1-score": 0.7568756875687569,
                "support": 537.0
            },
            "accuracy": 0.7949907235621522,
            "macro avg": {
                "precision": 0.8256800389899175,
                "recall": 0.7944199478860101,
                "f1-score": 0.7898251733753969,
                "support": 1078.0
            },
            "weighted avg": {
                "precision": 0.8253125022782076,
                "recall": 0.7949907235621522,
                "f1-score": 0.7899474349182787,
                "support": 1078.0
            },
            "cross-entropy": 0.38051033491727987,
            "roc-auc": 0.8982262655885886,
            "score": 0.7949907235621522
        }
    },
    "time": "0:00:18.350840",
    "chunk_size": null,
    "eval_batch_size": 32768
}