{
    "function": "bin.model.main",
    "gpus": [
        "NVIDIA A100-SXM4-40GB"
    ],
    "config": {
        "seed": 13,
        "batch_size": 256,
        "patience": 16,
        "n_epochs": -1,
        "gradient_clipping_norm": 1.0,
        "amp": true,
        "data": {
            "cache": true,
            "path": "data/classif-num-medium-0-MagicTelescope",
            "num_policy": "noisy-quantile"
        },
        "optimizer": {
            "type": "AdamW",
            "lr": 0.0037881856774787423,
            "weight_decay": 0.000625687637340932
        },
        "model": {
            "arch_type": "tabm",
            "k": 32,
            "backbone": {
                "type": "MLP",
                "n_blocks": 5,
                "d_block": 688,
                "dropout": 0.1835714992589449
            }
        }
    },
    "n_parameters": 2252896,
    "prediction_type": "probs",
    "epoch_size": 37,
    "best_step": 2590,
    "metrics": {
        "train": {
            "0": {
                "precision": 0.8916,
                "recall": 0.9456936784047518,
                "f1-score": 0.9178505250154416,
                "support": 4714.0
            },
            "1": {
                "precision": 0.9413247765299106,
                "recall": 0.8834157883415789,
                "f1-score": 0.911451398135819,
                "support": 4649.0
            },
            "accuracy": 0.9147709067606536,
            "macro avg": {
                "precision": 0.9164623882649553,
                "recall": 0.9145547333731654,
                "f1-score": 0.9146509615756303,
                "support": 9363.0
            },
            "weighted avg": {
                "precision": 0.9162897881114552,
                "recall": 0.9147709067606536,
                "f1-score": 0.914673173646931,
                "support": 9363.0
            },
            "cross-entropy": 0.2156943408944326,
            "roc-auc": 0.9743980781356075,
            "score": 0.9147709067606536
        },
        "val": {
            "0": {
                "precision": 0.8541666666666666,
                "recall": 0.9173838209982789,
                "f1-score": 0.8846473029045644,
                "support": 581.0
            },
            "1": {
                "precision": 0.917098445595855,
                "recall": 0.8536977491961415,
                "f1-score": 0.884263114071607,
                "support": 622.0
            },
            "accuracy": 0.8844555278470491,
            "macro avg": {
                "precision": 0.8856325561312608,
                "recall": 0.8855407850972101,
                "f1-score": 0.8844552084880857,
                "support": 1203.0
            },
            "weighted avg": {
                "precision": 0.8867049596790982,
                "recall": 0.8844555278470491,
                "f1-score": 0.8844486616293362,
                "support": 1203.0
            },
            "cross-entropy": 0.2954171425589765,
            "roc-auc": 0.9424542450924506,
            "score": 0.8844555278470491
        },
        "test": {
            "0": {
                "precision": 0.8261731658955717,
                "recall": 0.8973438621679828,
                "f1-score": 0.8602890571231934,
                "support": 1393.0
            },
            "1": {
                "precision": 0.889745566692367,
                "recall": 0.8143966125617502,
                "f1-score": 0.8504053058216654,
                "support": 1417.0
            },
            "accuracy": 0.8555160142348754,
            "macro avg": {
                "precision": 0.8579593662939693,
                "recall": 0.8558702373648666,
                "f1-score": 0.8553471814724294,
                "support": 2810.0
            },
            "weighted avg": {
                "precision": 0.8582308498560909,
                "recall": 0.8555160142348754,
                "f1-score": 0.8553049732818178,
                "support": 2810.0
            },
            "cross-entropy": 0.32713749092162486,
            "roc-auc": 0.9322142520243115,
            "score": 0.8555160142348754
        }
    },
    "time": "0:00:43.054740",
    "chunk_size": null,
    "eval_batch_size": 32768
}