{
    "function": "bin.model.main",
    "gpus": [
        "NVIDIA A100-SXM4-40GB"
    ],
    "config": {
        "seed": 8,
        "batch_size": 256,
        "patience": 16,
        "n_epochs": -1,
        "gradient_clipping_norm": 1.0,
        "amp": true,
        "data": {
            "cache": true,
            "path": "data/regression-num-medium-0-pol",
            "num_policy": "noisy-quantile"
        },
        "optimizer": {
            "type": "AdamW",
            "lr": 0.000987081338262192,
            "weight_decay": 0.01831816798944372
        },
        "model": {
            "arch_type": "plain",
            "backbone": {
                "type": "MLP",
                "n_blocks": 5,
                "d_block": 784,
                "dropout": 0.0
            }
        }
    },
    "n_parameters": 2483713,
    "prediction_type": "labels",
    "epoch_size": 40,
    "best_step": 2400,
    "metrics": {
        "train": {
            "rmse": 1.8044752516345568,
            "mae": 1.3719040155410767,
            "r2": 0.9981087752274278,
            "score": -1.8044752516345568
        },
        "val": {
            "rmse": 4.887950226712957,
            "mae": 2.4552507400512695,
            "r2": 0.986590846551099,
            "score": -4.887950226712957
        },
        "test": {
            "rmse": 5.969551711639615,
            "mae": 2.6621155738830566,
            "r2": 0.9799458245824532,
            "score": -5.969551711639615
        }
    },
    "time": "0:00:09.375463",
    "chunk_size": null,
    "eval_batch_size": 32768
}