{
    "function": "bin.model.main",
    "gpus": [
        "NVIDIA A100-SXM4-80GB"
    ],
    "config": {
        "seed": 8,
        "batch_size": 256,
        "patience": 16,
        "n_epochs": -1,
        "gradient_clipping_norm": 1.0,
        "amp": true,
        "data": {
            "cache": true,
            "path": "data/classif-num-medium-1-credit",
            "num_policy": "noisy-quantile"
        },
        "optimizer": {
            "type": "AdamW",
            "lr": 7.872820970451978e-05,
            "weight_decay": 0.0
        },
        "model": {
            "arch_type": "plain",
            "backbone": {
                "type": "MLP",
                "n_blocks": 3,
                "d_block": 640,
                "dropout": 0.0
            },
            "num_embeddings": {
                "type": "PeriodicEmbeddings",
                "n_frequencies": 16,
                "d_embedding": 28,
                "frequency_init_scale": 0.08830928436286362,
                "lite": true
            }
        }
    },
    "n_parameters": 1002686,
    "prediction_type": "probs",
    "epoch_size": 40,
    "best_step": 1440,
    "metrics": {
        "train": {
            "0": {
                "precision": 0.7808607021517554,
                "recall": 0.8205077350257834,
                "f1-score": 0.8001934235976789,
                "support": 5042.0
            },
            "1": {
                "precision": 0.8075287111867291,
                "recall": 0.7658329971762807,
                "f1-score": 0.786128364389234,
                "support": 4958.0
            },
            "accuracy": 0.7934,
            "macro avg": {
                "precision": 0.7941947066692423,
                "recall": 0.7931703661010321,
                "f1-score": 0.7931608939934565,
                "support": 10000.0
            },
            "weighted avg": {
                "precision": 0.7940827010312954,
                "recall": 0.7934,
                "f1-score": 0.7932199672421318,
                "support": 10000.0
            },
            "cross-entropy": 0.44446234535291934,
            "roc-auc": 0.8743875767874181,
            "score": 0.7934
        },
        "val": {
            "0": {
                "precision": 0.7565543071161048,
                "recall": 0.7976307996051333,
                "f1-score": 0.7765497357039884,
                "support": 1013.0
            },
            "1": {
                "precision": 0.7832980972515856,
                "recall": 0.7402597402597403,
                "f1-score": 0.7611710323574731,
                "support": 1001.0
            },
            "accuracy": 0.769116186693148,
            "macro avg": {
                "precision": 0.7699262021838452,
                "recall": 0.7689452699324368,
                "f1-score": 0.7688603840307308,
                "support": 2014.0
            },
            "weighted avg": {
                "precision": 0.7698465285290226,
                "recall": 0.769116186693148,
                "f1-score": 0.7689061994329547,
                "support": 2014.0
            },
            "cross-entropy": 0.48349932569213533,
            "roc-auc": 0.8485561822185711,
            "score": 0.769116186693148
        },
        "test": {
            "0": {
                "precision": 0.7600989282769992,
                "recall": 0.8010425716768028,
                "f1-score": 0.7800338409475466,
                "support": 2302.0
            },
            "1": {
                "precision": 0.7985927880386984,
                "recall": 0.7572977481234362,
                "f1-score": 0.7773972602739727,
                "support": 2398.0
            },
            "accuracy": 0.7787234042553192,
            "macro avg": {
                "precision": 0.7793458581578487,
                "recall": 0.7791701599001195,
                "f1-score": 0.7787155506107597,
                "support": 4700.0
            },
            "weighted avg": {
                "precision": 0.7797389869383938,
                "recall": 0.7787234042553192,
                "f1-score": 0.7786886238294125,
                "support": 4700.0
            },
            "cross-entropy": 0.4791211205583593,
            "roc-auc": 0.8536255777874553,
            "score": 0.7787234042553192
        }
    },
    "time": "0:00:06.832796",
    "chunk_size": null,
    "eval_batch_size": 32768
}