{
    "function": "bin.ensemble.main",
    "config": {
        "seeds": [
            10,
            11,
            12,
            13,
            14
        ],
        "data": {
            "path": "data/classif-num-medium-1-kdd_ipums_la_97-small"
        }
    },
    "single_model_function": "bin.model.main",
    "prediction_type": "probs",
    "metrics": {
        "train": {
            "0": {
                "precision": 0.9644702842377261,
                "recall": 0.8303670745272526,
                "f1-score": 0.8924088463837417,
                "support": 1798.0
            },
            "1": {
                "precision": 0.8535765722515603,
                "recall": 0.9699945444626296,
                "f1-score": 0.9080694586312564,
                "support": 1833.0
            },
            "accuracy": 0.90085375929496,
            "macro avg": {
                "precision": 0.9090234282446432,
                "recall": 0.9001808094949411,
                "f1-score": 0.9002391525074991,
                "support": 3631.0
            },
            "weighted avg": {
                "precision": 0.9084889639208321,
                "recall": 0.90085375929496,
                "f1-score": 0.9003146305340294,
                "support": 3631.0
            },
            "cross-entropy": 0.23492589814293013,
            "roc-auc": 0.9607450115816385,
            "score": 0.90085375929496
        },
        "val": {
            "0": {
                "precision": 0.9575471698113207,
                "recall": 0.8787878787878788,
                "f1-score": 0.9164785553047404,
                "support": 231.0
            },
            "1": {
                "precision": 0.8901960784313725,
                "recall": 0.961864406779661,
                "f1-score": 0.924643584521385,
                "support": 236.0
            },
            "accuracy": 0.9207708779443254,
            "macro avg": {
                "precision": 0.9238716241213466,
                "recall": 0.9203261427837699,
                "f1-score": 0.9205610699130626,
                "support": 467.0
            },
            "weighted avg": {
                "precision": 0.9235110722402976,
                "recall": 0.9207708779443254,
                "f1-score": 0.9206047799195758,
                "support": 467.0
            },
            "cross-entropy": 0.23413133705584357,
            "roc-auc": 0.9568016729033678,
            "score": 0.9207708779443254
        },
        "test": {
            "0": {
                "precision": 0.9426877470355731,
                "recall": 0.8442477876106195,
                "f1-score": 0.8907563025210085,
                "support": 565.0
            },
            "1": {
                "precision": 0.8493150684931506,
                "recall": 0.9447619047619048,
                "f1-score": 0.8944995491433724,
                "support": 525.0
            },
            "accuracy": 0.8926605504587156,
            "macro avg": {
                "precision": 0.8960014077643619,
                "recall": 0.8945048461862621,
                "f1-score": 0.8926279258321904,
                "support": 1090.0
            },
            "weighted avg": {
                "precision": 0.8977146679211037,
                "recall": 0.8926605504587156,
                "f1-score": 0.8925592424079268,
                "support": 1090.0
            },
            "cross-entropy": 0.26393608906980554,
            "roc-auc": 0.9480960809102402,
            "score": 0.8926605504587156
        }
    }
}