{
    "function": "bin.model.main",
    "gpus": [
        "NVIDIA A100-SXM4-40GB"
    ],
    "config": {
        "seed": 5,
        "batch_size": 128,
        "patience": 16,
        "n_epochs": -1,
        "gradient_clipping_norm": 1.0,
        "amp": true,
        "data": {
            "cache": true,
            "path": "data/regression-num-medium-2-isolet",
            "num_policy": "noisy-quantile"
        },
        "optimizer": {
            "type": "AdamW",
            "lr": 0.004947952690395087,
            "weight_decay": 0.056776486183796375
        },
        "model": {
            "arch_type": "tabm-mini",
            "k": 32,
            "backbone": {
                "type": "MLP",
                "n_blocks": 2,
                "d_block": 960,
                "dropout": 0.2519274469168541
            }
        }
    },
    "n_parameters": 1562368,
    "prediction_type": "labels",
    "epoch_size": 43,
    "best_step": 7181,
    "metrics": {
        "train": {
            "rmse": 0.19299441873430911,
            "mae": 0.14296840131282806,
            "r2": 0.9993403993241003,
            "score": -0.19299441873430911
        },
        "val": {
            "rmse": 2.187588717160238,
            "mae": 0.8368001580238342,
            "r2": 0.9127338357245716,
            "score": -2.187588717160238
        },
        "test": {
            "rmse": 1.9194337179629826,
            "mae": 0.7700316309928894,
            "r2": 0.9343572819256202,
            "score": -1.9194337179629826
        }
    },
    "time": "0:00:21.260367",
    "chunk_size": null,
    "eval_batch_size": 32768
}