{
    "function": "bin.model.main",
    "gpus": [
        "NVIDIA A100-SXM4-80GB"
    ],
    "config": {
        "seed": 7,
        "batch_size": 64,
        "patience": 16,
        "n_epochs": -1,
        "gradient_clipping_norm": 1.0,
        "amp": true,
        "data": {
            "cache": true,
            "path": "data/classif-cat-medium-0-KDDCup09_upselling",
            "num_policy": "noisy-quantile",
            "cat_policy": "ordinal"
        },
        "optimizer": {
            "type": "AdamW",
            "lr": 0.0002298026278183892,
            "weight_decay": 0.0
        },
        "model": {
            "arch_type": "plain",
            "backbone": {
                "type": "MLP",
                "n_blocks": 3,
                "d_block": 128,
                "dropout": 0.0
            },
            "num_embeddings": {
                "type": "PeriodicEmbeddings",
                "n_frequencies": 24,
                "d_embedding": 24,
                "frequency_init_scale": 0.021820008273576337,
                "lite": true
            }
        }
    },
    "n_parameters": 148426,
    "prediction_type": "probs",
    "epoch_size": 57,
    "best_step": 1140,
    "metrics": {
        "train": {
            "0": {
                "precision": 0.8222976796830787,
                "recall": 0.8045404208194906,
                "f1-score": 0.8133221382591661,
                "support": 1806.0
            },
            "1": {
                "precision": 0.8062568605927553,
                "recall": 0.8238923163208076,
                "f1-score": 0.8149791955617199,
                "support": 1783.0
            },
            "accuracy": 0.8141543605461131,
            "macro avg": {
                "precision": 0.814277270137917,
                "recall": 0.8142163685701491,
                "f1-score": 0.814150666910443,
                "support": 3589.0
            },
            "weighted avg": {
                "precision": 0.8143286686944895,
                "recall": 0.8141543605461131,
                "f1-score": 0.814145357309167,
                "support": 3589.0
            },
            "cross-entropy": 0.3525744029879637,
            "roc-auc": 0.9174978525498292,
            "score": 0.8141543605461131
        },
        "val": {
            "0": {
                "precision": 0.8088235294117647,
                "recall": 0.7932692307692307,
                "f1-score": 0.8009708737864079,
                "support": 208.0
            },
            "1": {
                "precision": 0.8313725490196079,
                "recall": 0.8446215139442231,
                "f1-score": 0.8379446640316206,
                "support": 251.0
            },
            "accuracy": 0.8213507625272332,
            "macro avg": {
                "precision": 0.8200980392156862,
                "recall": 0.8189453723567269,
                "f1-score": 0.8194577689090142,
                "support": 459.0
            },
            "weighted avg": {
                "precision": 0.8211542569097356,
                "recall": 0.8213507625272332,
                "f1-score": 0.8211896566873846,
                "support": 459.0
            },
            "cross-entropy": 0.3459409468223444,
            "roc-auc": 0.9202325314128103,
            "score": 0.8213507625272332
        },
        "test": {
            "0": {
                "precision": 0.8094302554027505,
                "recall": 0.7518248175182481,
                "f1-score": 0.7795648060548723,
                "support": 548.0
            },
            "1": {
                "precision": 0.7601410934744268,
                "recall": 0.8162878787878788,
                "f1-score": 0.7872146118721461,
                "support": 528.0
            },
            "accuracy": 0.783457249070632,
            "macro avg": {
                "precision": 0.7847856744385886,
                "recall": 0.7840563481530635,
                "f1-score": 0.7833897089635092,
                "support": 1076.0
            },
            "weighted avg": {
                "precision": 0.7852437521516772,
                "recall": 0.783457249070632,
                "f1-score": 0.7833186141139062,
                "support": 1076.0
            },
            "cross-entropy": 0.40994514103294205,
            "roc-auc": 0.8952233327803583,
            "score": 0.783457249070632
        }
    },
    "time": "0:00:06.692742",
    "chunk_size": null,
    "eval_batch_size": 32768
}