{
    "function": "bin.model.main",
    "gpus": [
        "NVIDIA A100-SXM4-40GB"
    ],
    "config": {
        "seed": 0,
        "batch_size": 512,
        "patience": 16,
        "n_epochs": -1,
        "gradient_clipping_norm": 1.0,
        "amp": true,
        "data": {
            "cache": true,
            "path": "data/black-friday",
            "num_policy": "noisy-quantile",
            "cat_policy": "ordinal"
        },
        "optimizer": {
            "type": "AdamW",
            "lr": 0.002063413355362501,
            "weight_decay": 0.007194844305140499
        },
        "model": {
            "arch_type": "tabm",
            "k": 32,
            "backbone": {
                "type": "MLP",
                "n_blocks": 1,
                "d_block": 640,
                "dropout": 0.0
            },
            "num_embeddings": {
                "type": "PiecewiseLinearEmbeddings",
                "d_embedding": 16
            }
        },
        "bins": {
            "n_bins": 65
        }
    },
    "n_parameters": 118592,
    "prediction_type": "labels",
    "epoch_size": 209,
    "best_step": 20273,
    "metrics": {
        "train": {
            "rmse": 0.6542139029203731,
            "mae": 0.507485032081604,
            "r2": 0.5712786133053581,
            "score": -0.6542139029203731
        },
        "val": {
            "rmse": 0.6782962987039287,
            "mae": 0.5254189968109131,
            "r2": 0.5386042394012133,
            "score": -0.6782962987039287
        },
        "test": {
            "rmse": 0.6788091574754214,
            "mae": 0.5267853140830994,
            "r2": 0.5426973378295705,
            "score": -0.6788091574754214
        }
    },
    "time": "0:01:07.655479",
    "chunk_size": null,
    "eval_batch_size": 32768
}