{
    "function": "bin.model.main",
    "gpus": [
        "NVIDIA A100-SXM4-40GB"
    ],
    "config": {
        "seed": 13,
        "batch_size": 64,
        "patience": 16,
        "n_epochs": -1,
        "gradient_clipping_norm": 1.0,
        "amp": true,
        "data": {
            "cache": true,
            "path": "data/classif-num-medium-1-kdd_ipums_la_97-small",
            "num_policy": "noisy-quantile"
        },
        "optimizer": {
            "type": "AdamW",
            "lr": 0.0016905162371832398,
            "weight_decay": 0.0
        },
        "model": {
            "arch_type": "tabm-mini",
            "k": 32,
            "backbone": {
                "type": "MLP",
                "n_blocks": 4,
                "d_block": 176,
                "dropout": 0.47238121141028844
            },
            "num_embeddings": {
                "type": "PiecewiseLinearEmbeddingsV2",
                "d_embedding": 32
            }
        },
        "bins": {
            "n_bins": 65
        }
    },
    "n_parameters": 280320,
    "prediction_type": "probs",
    "epoch_size": 57,
    "best_step": 1995,
    "metrics": {
        "train": {
            "0": {
                "precision": 0.9810581319399085,
                "recall": 0.8353726362625139,
                "f1-score": 0.9023730850105136,
                "support": 1798.0
            },
            "1": {
                "precision": 0.8590476190476191,
                "recall": 0.9841789416257501,
                "f1-score": 0.9173658784642766,
                "support": 1833.0
            },
            "accuracy": 0.9104929771412834,
            "macro avg": {
                "precision": 0.9200528754937638,
                "recall": 0.909775788944132,
                "f1-score": 0.9098694817373951,
                "support": 3631.0
            },
            "weighted avg": {
                "precision": 0.9194648325371085,
                "recall": 0.9104929771412834,
                "f1-score": 0.909941741138508,
                "support": 3631.0
            },
            "cross-entropy": 0.22100957234445612,
            "roc-auc": 0.9707224551495964,
            "score": 0.9104929771412834
        },
        "val": {
            "0": {
                "precision": 0.9716981132075472,
                "recall": 0.8917748917748918,
                "f1-score": 0.9300225733634312,
                "support": 231.0
            },
            "1": {
                "precision": 0.9019607843137255,
                "recall": 0.9745762711864406,
                "f1-score": 0.9368635437881874,
                "support": 236.0
            },
            "accuracy": 0.9336188436830836,
            "macro avg": {
                "precision": 0.9368294487606363,
                "recall": 0.9331755814806661,
                "f1-score": 0.9334430585758093,
                "support": 467.0
            },
            "weighted avg": {
                "precision": 0.9364561225888278,
                "recall": 0.9336188436830836,
                "f1-score": 0.9334796804731581,
                "support": 467.0
            },
            "cross-entropy": 0.2368043362032577,
            "roc-auc": 0.9547655734096412,
            "score": 0.9336188436830836
        },
        "test": {
            "0": {
                "precision": 0.9471544715447154,
                "recall": 0.8247787610619469,
                "f1-score": 0.8817407757805109,
                "support": 565.0
            },
            "1": {
                "precision": 0.8344481605351171,
                "recall": 0.9504761904761905,
                "f1-score": 0.8886910062333037,
                "support": 525.0
            },
            "accuracy": 0.8853211009174312,
            "macro avg": {
                "precision": 0.8908013160399162,
                "recall": 0.8876274757690688,
                "f1-score": 0.8852158910069072,
                "support": 1090.0
            },
            "weighted avg": {
                "precision": 0.8928693217465143,
                "recall": 0.8853211009174312,
                "f1-score": 0.8850883638426358,
                "support": 1090.0
            },
            "cross-entropy": 0.26701482272434995,
            "roc-auc": 0.9458103666245259,
            "score": 0.8853211009174312
        }
    },
    "time": "0:00:10.388791",
    "chunk_size": null,
    "eval_batch_size": 32768
}