{
    "function": "bin.model.main",
    "gpus": [
        "NVIDIA A100-SXM4-80GB"
    ],
    "config": {
        "seed": 12,
        "batch_size": 64,
        "patience": 16,
        "n_epochs": -1,
        "gradient_clipping_norm": 1.0,
        "amp": true,
        "data": {
            "cache": true,
            "path": "data/regression-cat-medium-3-Mercedes_Benz_Greener_Manufacturing",
            "cat_policy": "ordinal"
        },
        "optimizer": {
            "type": "AdamW",
            "lr": 0.0001436883231556663,
            "weight_decay": 0.0005809669796517549
        },
        "model": {
            "arch_type": "plain",
            "backbone": {
                "type": "MLP",
                "n_blocks": 1,
                "d_block": 592,
                "dropout": 0.48173648535402225
            }
        }
    },
    "n_parameters": 428017,
    "prediction_type": "labels",
    "epoch_size": 47,
    "best_step": 1410,
    "metrics": {
        "train": {
            "rmse": 7.658746802701511,
            "mae": 5.027091979980469,
            "r2": 0.625244095249881,
            "score": -7.658746802701511
        },
        "val": {
            "rmse": 12.304756324212283,
            "mae": 6.249992370605469,
            "r2": 0.34155300750572115,
            "score": -12.304756324212283
        },
        "test": {
            "rmse": 7.513346685596822,
            "mae": 5.1504669189453125,
            "r2": 0.6103811992469506,
            "score": -7.513346685596822
        }
    },
    "time": "0:00:24.691947",
    "chunk_size": null,
    "eval_batch_size": 32768
}