{
    "function": "bin.model.main",
    "gpus": [
        "NVIDIA A100-SXM4-40GB"
    ],
    "config": {
        "seed": 6,
        "batch_size": 64,
        "patience": 16,
        "n_epochs": -1,
        "gradient_clipping_norm": 1.0,
        "amp": true,
        "data": {
            "cache": true,
            "path": "data/classif-num-medium-1-kdd_ipums_la_97-small",
            "num_policy": "noisy-quantile"
        },
        "optimizer": {
            "type": "AdamW",
            "lr": 0.00041042232081406403,
            "weight_decay": 0.0
        },
        "model": {
            "arch_type": "plain",
            "backbone": {
                "type": "MLP",
                "n_blocks": 3,
                "d_block": 96,
                "dropout": 0.0
            },
            "num_embeddings": {
                "type": "PeriodicEmbeddings",
                "n_frequencies": 48,
                "d_embedding": 28,
                "frequency_init_scale": 0.012978559659448809,
                "lite": false
            }
        }
    },
    "n_parameters": 127954,
    "prediction_type": "probs",
    "epoch_size": 57,
    "best_step": 1539,
    "metrics": {
        "train": {
            "0": {
                "precision": 0.9741379310344828,
                "recall": 0.8170189098998888,
                "f1-score": 0.8886872353297036,
                "support": 1798.0
            },
            "1": {
                "precision": 0.8450306170513424,
                "recall": 0.9787234042553191,
                "f1-score": 0.9069767441860466,
                "support": 1833.0
            },
            "accuracy": 0.8986505095015147,
            "macro avg": {
                "precision": 0.9095842740429125,
                "recall": 0.8978711570776039,
                "f1-score": 0.897831989757875,
                "support": 3631.0
            },
            "weighted avg": {
                "precision": 0.908962027280394,
                "recall": 0.8986505095015147,
                "f1-score": 0.8979201380379593,
                "support": 3631.0
            },
            "cross-entropy": 0.23927768039521052,
            "roc-auc": 0.956984240839825,
            "score": 0.8986505095015147
        },
        "val": {
            "0": {
                "precision": 0.9759615384615384,
                "recall": 0.8787878787878788,
                "f1-score": 0.9248291571753987,
                "support": 231.0
            },
            "1": {
                "precision": 0.8918918918918919,
                "recall": 0.9788135593220338,
                "f1-score": 0.9333333333333332,
                "support": 236.0
            },
            "accuracy": 0.9293361884368309,
            "macro avg": {
                "precision": 0.9339267151767152,
                "recall": 0.9288007190549563,
                "f1-score": 0.929081245254366,
                "support": 467.0
            },
            "weighted avg": {
                "precision": 0.93347666353555,
                "recall": 0.9293361884368309,
                "f1-score": 0.9291267708226633,
                "support": 467.0
            },
            "cross-entropy": 0.23078861729165526,
            "roc-auc": 0.9567007850906156,
            "score": 0.9293361884368309
        },
        "test": {
            "0": {
                "precision": 0.9493927125506073,
                "recall": 0.8300884955752212,
                "f1-score": 0.8857412653446647,
                "support": 565.0
            },
            "1": {
                "precision": 0.8389261744966443,
                "recall": 0.9523809523809523,
                "f1-score": 0.8920606601248885,
                "support": 525.0
            },
            "accuracy": 0.8889908256880734,
            "macro avg": {
                "precision": 0.8941594435236258,
                "recall": 0.8912347239780868,
                "f1-score": 0.8889009627347766,
                "support": 1090.0
            },
            "weighted avg": {
                "precision": 0.8961863524787445,
                "recall": 0.8889908256880734,
                "f1-score": 0.8887850105369742,
                "support": 1090.0
            },
            "cross-entropy": 0.2635872641501094,
            "roc-auc": 0.9473223767383059,
            "score": 0.8889908256880734
        }
    },
    "time": "0:00:07.263502",
    "chunk_size": null,
    "eval_batch_size": 32768
}