{
    "function": "bin.model.main",
    "gpus": [
        "NVIDIA A100-SXM4-80GB"
    ],
    "config": {
        "seed": 10,
        "batch_size": 32,
        "patience": 16,
        "n_epochs": -1,
        "gradient_clipping_norm": 1.0,
        "amp": true,
        "data": {
            "cache": true,
            "path": "data/classif-num-medium-3-wine",
            "num_policy": "noisy-quantile"
        },
        "optimizer": {
            "type": "AdamW",
            "lr": 0.00395405759967955,
            "weight_decay": 0.04619336264056586
        },
        "model": {
            "arch_type": "tabm",
            "k": 32,
            "backbone": {
                "type": "MLP",
                "n_blocks": 3,
                "d_block": 464,
                "dropout": 0.1462732356343131
            },
            "num_embeddings": {
                "type": "PiecewiseLinearEmbeddingsV2",
                "d_embedding": 12
            }
        },
        "bins": {
            "n_bins": 16
        }
    },
    "n_parameters": 646984,
    "prediction_type": "probs",
    "epoch_size": 56,
    "best_step": 2464,
    "metrics": {
        "train": {
            "0": {
                "precision": 0.996662958843159,
                "recall": 0.9944506104328524,
                "f1-score": 0.9955555555555555,
                "support": 901.0
            },
            "1": {
                "precision": 0.9943693693693694,
                "recall": 0.9966139954853274,
                "f1-score": 0.9954904171364151,
                "support": 886.0
            },
            "accuracy": 0.9955232232792389,
            "macro avg": {
                "precision": 0.9955161641062642,
                "recall": 0.9955323029590899,
                "f1-score": 0.9955229863459854,
                "support": 1787.0
            },
            "weighted avg": {
                "precision": 0.9955257902512298,
                "recall": 0.9955232232792389,
                "f1-score": 0.9955232597305089,
                "support": 1787.0
            },
            "cross-entropy": 0.04511056296813622,
            "roc-auc": 0.9999561560643679,
            "score": 0.9955232232792389
        },
        "val": {
            "0": {
                "precision": 0.8348623853211009,
                "recall": 0.8053097345132744,
                "f1-score": 0.8198198198198198,
                "support": 113.0
            },
            "1": {
                "precision": 0.8181818181818182,
                "recall": 0.8461538461538461,
                "f1-score": 0.8319327731092436,
                "support": 117.0
            },
            "accuracy": 0.8260869565217391,
            "macro avg": {
                "precision": 0.8265221017514596,
                "recall": 0.8257317903335603,
                "f1-score": 0.8258762964645316,
                "support": 230.0
            },
            "weighted avg": {
                "precision": 0.8263770533415529,
                "recall": 0.8260869565217391,
                "f1-score": 0.8259816264931353,
                "support": 230.0
            },
            "cross-entropy": 0.49020526339670534,
            "roc-auc": 0.8793585961727556,
            "score": 0.8260869565217391
        },
        "test": {
            "0": {
                "precision": 0.8290598290598291,
                "recall": 0.7376425855513308,
                "f1-score": 0.7806841046277666,
                "support": 263.0
            },
            "1": {
                "precision": 0.7722772277227723,
                "recall": 0.8540145985401459,
                "f1-score": 0.8110918544194108,
                "support": 274.0
            },
            "accuracy": 0.7970204841713222,
            "macro avg": {
                "precision": 0.8006685283913006,
                "recall": 0.7958285920457384,
                "f1-score": 0.7958879795235887,
                "support": 537.0
            },
            "weighted avg": {
                "precision": 0.8000869561243475,
                "recall": 0.7970204841713222,
                "f1-score": 0.7961994183017155,
                "support": 537.0
            },
            "cross-entropy": 0.5626926163759455,
            "roc-auc": 0.8658377508256778,
            "score": 0.7970204841713222
        }
    },
    "time": "0:00:11.885843",
    "chunk_size": null,
    "eval_batch_size": 32768
}